class_name,UD-HITS_auth
org.apache.tools.ant.filters.StripLineComments,6.852397070071209e-06
org.apache.tools.ant.filters.BaseFilterReader,4.026554761757896e-05
org.apache.tools.ant.util.UnPackageNameMapper,0.0
org.apache.tools.ant.taskdefs.optional.vss.MSVSS.CurrentModUpdated,0.0001662593352950824
org.apache.tools.ant.taskdefs.optional.ejb.EjbJar,1.5579291793914183e-05
org.apache.tools.ant.taskdefs.optional.Rpm,0.0
org.apache.tools.ant.taskdefs.optional.j2ee.GenericHotDeploymentTool,7.833930719292745e-05
org.apache.tools.ant.taskdefs.optional.net.MimeMail,0.0
org.apache.tools.ant.filters.ConcatFilter,0.0
org.apache.tools.ant.taskdefs.optional.dotnet.VisualBasicCompile,0.0
org.apache.tools.ant.taskdefs.DefaultExcludes,0.0
org.apache.tools.ant.util.ScriptRunner,0.0008518337537692109
org.apache.tools.ant.filters.util.ChainReaderHelper,0.0001690791858518242
org.apache.tools.ant.filters.ChainableReader,2.9772319607959614e-05
org.apache.tools.ant.taskdefs.optional.script.ScriptDef.NestedElement,0.00015714286654058785
org.apache.tools.ant.DemuxOutputStream,8.734379098281868e-05
org.apache.tools.ant.taskdefs.rmic.RmicAdapterFactory,0.000179147026175643
org.apache.tools.ant.taskdefs.Definer.OnError,0.00013138826276422663
org.apache.tools.ant.taskdefs.optional.perforce.P4Sync,0.0
org.apache.tools.ant.taskdefs.Input,0.0
org.apache.tools.ant.types.selectors.DateSelector.TimeComparisons,5.282879138729797e-06
org.apache.tools.ant.types.Commandline.Argument,0.01910920890302247
org.apache.tools.ant.taskdefs.GenerateKey.DistinguishedName,3.6805387513675334e-05
org.apache.tools.ant.filters.StripLineComments.Comment,1.1432722079754546e-08
org.apache.tools.ant.taskdefs.MatchingTask,0.00710104829646842
org.apache.tools.ant.taskdefs.Execute.MacCommandLauncher,0.0
org.apache.tools.ant.taskdefs.FixCRLF.OneLiner,0.00012229992390915174
org.apache.tools.ant.types.selectors.OrSelector,0.00025297830693907225
org.apache.tools.ant.util.DateUtils,0.00013711251318856187
org.apache.tools.ant.TypeAdapter,0.00017860180279433933
org.apache.tools.ant.taskdefs.optional.ccm.CCMCreateTask,0.0
org.apache.tools.ant.taskdefs.optional.metamata.MMetricsStreamHandler,2.5030832729063482e-05
org.apache.tools.ant.types.selectors.DepthSelector,0.00025297830693907225
org.apache.tools.ant.taskdefs.LoadFile,0.0
org.apache.tools.ant.types.selectors.BaseSelectorContainer,5.409376794660487e-05
org.apache.tools.ant.taskdefs.BZip2,0.0
org.apache.tools.ant.types.XMLCatalog,0.0007184744930005822
org.apache.tools.ant.taskdefs.optional.image.Image,0.0
org.apache.tools.ant.taskdefs.optional.sitraka.bytecode.Utils,5.0771127573398614e-05
org.apache.tools.ant.taskdefs.optional.extension.JarLibAvailableTask,0.0
org.apache.tools.ant.taskdefs.optional.Test.TestletEntry,1.6955745029041125e-06
org.apache.tools.zip.UnrecognizedExtraField,1.3165662030201574e-10
org.apache.tools.ant.filters.TokenFilter,1.4820686939090004e-05
org.apache.tools.ant.taskdefs.optional.junit.DOMUtil.NodeFilter,4.5521839601578774e-85
org.apache.tools.ant.types.Assertions,0.0007467524300718825
org.apache.tools.ant.util.CollectionUtils.EmptyEnumeration,0.0
org.apache.tools.ant.taskdefs.optional.PropertyFile.Entry.Operation,8.788141818842775e-06
org.apache.tools.ant.types.selectors.BaseExtendSelector,4.942671492064046e-05
org.apache.tools.ant.taskdefs.optional.net.RExecTask,0.0
org.apache.tools.ant.taskdefs.optional.clearcase.CCRmtype,0.0
org.apache.tools.tar.TarConstants,2.3210301857058e-32
org.apache.tools.ant.taskdefs.AntStructure,0.0
org.apache.tools.ant.taskdefs.XmlProperty,0.0
org.apache.tools.ant.helper.ProjectHelperImpl.ProjectHandler,9.518958462235618e-06
org.apache.tools.ant.taskdefs.optional.ssh.Scp,0.0
org.apache.tools.ant.taskdefs.optional.sitraka.Coverage,0.0
org.apache.tools.ant.taskdefs.Copydir,0.0
org.apache.tools.ant.taskdefs.optional.extension.Compatability,0.0
org.apache.tools.ant.taskdefs.optional.sitraka.CovBase,0.0014933316714749718
org.apache.tools.ant.taskdefs.optional.extension.Specification,1.1964874868223584e-05
org.apache.tools.ant.taskdefs.FixCRLF.AddAsisRemove,0.00014160793291537473
org.apache.tools.ant.DemuxInputStream,4.367189549140934e-05
org.apache.tools.ant.taskdefs.optional.perforce.P4Submit,0.0
org.apache.tools.ant.taskdefs.TaskOutputStream,0.0
org.apache.tools.ant.taskdefs.UpToDate,3.2223999696452337e-06
org.apache.tools.ant.helper.ProjectHelperImpl.AbstractHandler,0.00012448309232224292
org.apache.tools.ant.taskdefs.Rename,0.0
org.apache.tools.ant.taskdefs.optional.depend.constantpool.NameAndTypeCPInfo,8.441277826343792e-11
org.apache.tools.ant.taskdefs.optional.IContract,0.0
org.apache.tools.ant.taskdefs.optional.sos.SOS,0.000953460619076709
org.apache.tools.ant.types.XMLCatalog.ExternalResolver,0.00022016262585315837
org.apache.tools.ant.taskdefs.optional.ejb.DDCreatorHelper,0.0
org.apache.tools.ant.taskdefs.optional.sitraka.XMLReport,3.0829790205977644e-05
org.apache.tools.ant.taskdefs.optional.ssh.LogListener,3.203187114867076e-05
org.apache.tools.ant.taskdefs.Available,3.2223999696452337e-06
org.apache.tools.ant.types.Environment.Variable,0.0017706872147057544
org.apache.tools.ant.taskdefs.optional.ssh.ScpToMessage,5.5210723263222454e-05
org.apache.tools.ant.taskdefs.optional.starteam.TreeBasedTask.UnmatchedFileMap,0.0002466649299862611
org.apache.tools.ant.taskdefs.optional.ejb.BorlandGenerateClient,5.347718432471312e-05
org.apache.tools.ant.taskdefs.optional.metamata.MAuditStreamHandler,6.235592839642513e-05
org.apache.tools.ant.taskdefs.optional.IContract.ClasspathHelper,0.0005771783714560913
org.apache.tools.ant.taskdefs.optional.PropertyFile.Entry.Type,8.788141818842775e-06
org.apache.tools.ant.taskdefs.optional.Javah.ClassArgument,0.0005060964580119077
org.apache.tools.ant.filters.TokenFilter.Filter,1.6753819964476265e-05
org.apache.tools.ant.taskdefs.optional.vss.MSVSSCREATE,0.0
org.apache.tools.ant.taskdefs.BuildNumber,0.0
org.apache.tools.ant.taskdefs.optional.pvcs.Pvcs,0.0
org.apache.tools.ant.taskdefs.optional.junit.JUnitResultFormatter,0.0005267197265075335
org.apache.tools.ant.taskdefs.optional.perforce.P4Edit,0.0
org.apache.tools.ant.taskdefs.optional.dotnet.JSharp,0.0
org.apache.tools.ant.taskdefs.optional.clearcase.CCMklbtype,0.0
org.apache.tools.ant.types.selectors.PresentSelector,0.00025297830693907225
org.apache.tools.ant.taskdefs.optional.ccm.CCMCheck,1.2986043769046462e-07
org.apache.tools.ant.taskdefs.optional.javacc.JJDoc,0.0
org.apache.tools.ant.taskdefs.optional.ssh.ScpFromMessage,6.901340407902805e-05
org.apache.tools.ant.taskdefs.optional.extension.resolvers.AntResolver,8.489125828285203e-05
org.apache.tools.ant.util.GlobPatternMapper,0.00032166753857664496
org.apache.tools.ant.taskdefs.optional.sitraka.Coverage.Finalsnapshot,0.0
org.apache.tools.ant.taskdefs.optional.depend.constantpool.DoubleCPInfo,2.546792359465067e-11
org.apache.tools.ant.taskdefs.MacroDef.TemplateElement,7.305400899697838e-05
org.apache.tools.ant.taskdefs.optional.sitraka.ReportFilters.Exclude,1.0933591129081032e-08
org.apache.tools.bzip2.BZip2Constants,5.140291397816272e-52
org.apache.tools.ant.taskdefs.condition.And,3.2223999696452337e-06
org.apache.tools.ant.taskdefs.optional.ejb.WeblogicDeploymentTool,7.061927220584525e-05
org.apache.tools.ant.taskdefs.condition.IsFalse,3.2223999696452337e-06
org.apache.tools.ant.types.Reference,0.007315699630491396
org.apache.tools.ant.taskdefs.optional.perforce.P4Labelsync,0.0
org.apache.tools.ant.taskdefs.Execute.Java13CommandLauncher,4.887339214968961e-06
org.apache.tools.ant.taskdefs.LogOutputStream,0.002000466080299248
org.apache.tools.ant.taskdefs.optional.j2ee.HotDeploymentTool,6.899489710997466e-05
org.apache.tools.ant.taskdefs.Sync,0.0
org.apache.tools.ant.taskdefs.SubAnt,0.0
org.apache.tools.ant.launch.LaunchException,3.066467181356366e-08
org.apache.tools.ant.helper.ProjectHelper2.MainHandler,0.0
org.apache.tools.ant.taskdefs.optional.unix.Symlink,0.0
org.apache.tools.ant.types.XMLCatalog.CatalogResolver,0.0006633946367081022
org.apache.tools.ant.taskdefs.Zip.ArchiveState,0.001964288268196829
org.apache.tools.ant.taskdefs.Execute.OS2CommandLauncher,0.0
org.apache.tools.ant.helper.ProjectHelper2.AntHandler,0.00014264295213993851
org.apache.tools.ant.taskdefs.MacroDef,0.0004483573771238114
org.apache.tools.ant.taskdefs.optional.sos.SOSCmd,0.00017238114105006338
org.apache.tools.ant.taskdefs.Touch,0.0
org.apache.tools.ant.taskdefs.optional.ejb.GenericDeploymentTool,0.009713380141561015
org.apache.tools.ant.taskdefs.optional.sitraka.bytecode.DirectoryLoader,5.7780191143531644e-70
org.apache.tools.mail.MailPrintStream,1.1507605494357339e-57
org.apache.tools.ant.taskdefs.optional.depend.ClassFileIterator,8.908630713962928e-55
org.apache.tools.ant.taskdefs.optional.ejb.WLStop,0.0
org.apache.tools.ant.taskdefs.optional.junit.JUnitTest,0.0034581412996939663
org.apache.tools.ant.taskdefs.cvslib.ChangeLogTask,0.0
org.apache.tools.ant.taskdefs.optional.starteam.TreeBasedTask,0.009580089032011989
org.apache.tools.ant.taskdefs.optional.depend.ClassFile,9.496755218400025e-54
org.apache.tools.ant.taskdefs.optional.net.TelnetTask.TelnetSubTask,4.630106869790196e-05
org.apache.tools.ant.taskdefs.optional.sos.SOSLabel,0.0
org.apache.tools.ant.taskdefs.optional.ide.VAJBuildInfo.InterruptedChecker,5.567129937381956e-05
org.apache.tools.ant.taskdefs.optional.ejb.DescriptorHandler,0.001231700502737244
org.apache.tools.ant.XmlLogger.TimedElement,0.00035278369660141225
org.apache.tools.ant.taskdefs.Get.Base64Converter,8.08440506461881e-05
org.apache.tools.ant.types.selectors.AndSelector,0.00025297830693907225
org.apache.tools.ant.taskdefs.XSLTLiaison2,1.464145174142808e-06
org.apache.tools.ant.taskdefs.optional.ejb.WLRun,0.0
org.apache.tools.ant.taskdefs.optional.jsp.compilers.JasperC,3.193987619457324e-05
org.apache.tools.ant.taskdefs.Manifest.Section,6.249329528468247e-05
org.apache.tools.ant.taskdefs.optional.net.RExecTask.AntRExecClient,5.95835593142137e-05
org.apache.tools.ant.input.DefaultInputHandler,0.0001590408541755635
org.apache.tools.ant.types.Permissions,0.0019410317316565986
org.apache.tools.ant.taskdefs.Tar,0.0
org.apache.tools.ant.taskdefs.XSLTProcess.Factory.Attribute,1.7365203705436239e-90
org.apache.tools.ant.taskdefs.optional.metamata.MParse,0.0
org.apache.tools.ant.ExitException,0.00020641754186670594
org.apache.tools.ant.types.selectors.TypeSelector.FileType,1.2976969843374317e-07
org.apache.tools.ant.taskdefs.optional.junit.DOMUtil.NodeListImpl,4.5521839601578774e-85
org.apache.tools.ant.TaskAdapter,0.00023186847002797909
org.apache.tools.ant.types.selectors.modifiedselector.ModifiedSelector.AlgorithmName,4.6080687982290386e-05
org.apache.tools.ant.taskdefs.optional.sitraka.bytecode.DirectoryFilter,0.0
org.apache.tools.ant.types.Parameter,0.00032304551297168455
org.apache.tools.ant.types.optional.image.BasicShape,4.794395827017944e-06
org.apache.tools.ant.types.selectors.ContainsRegexpSelector,0.00025297830693907225
org.apache.tools.ant.taskdefs.Typedef,7.766935748107968e-05
org.apache.tools.ant.taskdefs.Unpack,5.080343487360634e-05
org.apache.tools.ant.taskdefs.condition.Condition,0.0007087516811730552
org.apache.tools.ant.types.selectors.FileSelector,0.0007485673744381265
org.apache.tools.ant.taskdefs.MacroInstance.Element,0.000176395458021326
org.apache.tools.ant.taskdefs.XSLTLoggerAware,1.464145174142808e-06
org.apache.tools.ant.taskdefs.optional.ejb.InnerClassFilenameFilter,0.000165507962392133
org.apache.tools.ant.taskdefs.optional.ide.VAJExport,0.0
org.apache.tools.ant.types.optional.ScriptFilter,0.0
org.apache.tools.ant.taskdefs.optional.starteam.StarTeamCheckout,0.0
org.apache.tools.ant.taskdefs.Antlib,0.0003284706569105666
org.apache.tools.ant.Main,1.0985457913974543e-06
org.apache.tools.ant.types.ResourceLocation,0.0009956401826995691
org.apache.tools.ant.taskdefs.optional.extension.JarLibResolveTask,0.0
org.apache.tools.ant.types.selectors.SelectorContainer,0.00023695353688992055
org.apache.tools.ant.taskdefs.Copy,0.0023457712700150498
org.apache.tools.ant.taskdefs.ConditionTask,0.0
org.apache.tools.ant.taskdefs.XSLTProcess.Param,0.00045509823793029116
org.apache.tools.ant.filters.util.JavaClassHelper,0.0
org.apache.tools.ant.taskdefs.Chmod,0.0
org.apache.tools.ant.types.selectors.modifiedselector.ModifiedSelector,0.00025297830693907225
org.apache.tools.ant.taskdefs.optional.PropertyFile,0.0
org.apache.tools.ant.taskdefs.optional.net.FTP.FTPDirectoryScanner,0.0003915194087078176
org.apache.tools.ant.listener.Log4jListener,0.0
org.apache.tools.ant.taskdefs.optional.vss.MSVSSHISTORY,0.0
org.apache.tools.ant.taskdefs.optional.ccm.Continuus,0.0006685850053402853
org.apache.tools.ant.taskdefs.CVSPass,0.0
org.apache.tools.ant.taskdefs.optional.junit.BaseTest,0.002796631768686518
org.apache.tools.ant.taskdefs.optional.depend.DirectoryIterator,0.0
org.apache.tools.ant.taskdefs.PathConvert.MapEntry,0.0002244452882824057
org.apache.tools.ant.taskdefs.ExecuteOn.FileDirBoth,0.00012705024293945078
org.apache.tools.ant.taskdefs.optional.junit.JUnitTask,0.0
org.apache.tools.ant.taskdefs.Tstamp.Unit,1.0657209615683717e-05
org.apache.tools.ant.types.Permissions.MySM,0.0
org.apache.tools.ant.types.optional.image.Scale,3.0332176857791413e-05
org.apache.tools.ant.taskdefs.optional.Cab,0.0
org.apache.tools.ant.Target,0.0031997937713444113
org.apache.tools.ant.taskdefs.optional.XMLValidateTask.Attribute,0.00032660587702140515
org.apache.tools.ant.types.selectors.DifferentSelector,0.00013714119267283208
org.apache.tools.ant.util.depend.bcel.DependencyVisitor,8.034246041885594e-54
org.apache.tools.ant.taskdefs.Execute.WinNTCommandLauncher,0.0
org.apache.tools.ant.taskdefs.optional.extension.JarLibDisplayTask,0.0
org.apache.tools.ant.taskdefs.optional.ssh.SSHBase,0.001096343407635388
org.apache.tools.ant.types.selectors.SizeSelector,0.00025297830693907225
org.apache.tools.ant.taskdefs.Definer.Format,0.00013138826276422663
org.apache.tools.ant.filters.HeadFilter,6.852397070071209e-06
org.apache.tools.ant.taskdefs.compilers.Gcj,0.0
org.apache.tools.ant.taskdefs.rmic.RmicAdapter,0.00033965664976856705
org.apache.tools.ant.helper.ProjectHelper2.TargetHandler,0.0
org.apache.tools.ant.taskdefs.ProcessDestroyer,6.079868654570355e-05
org.apache.tools.ant.taskdefs.optional.Native2Ascii,0.0
org.apache.tools.ant.taskdefs.optional.ide.VAJBuildInfo,7.639547444601984e-06
org.apache.tools.ant.taskdefs.optional.depend.Depend.ClassFileInfo,0.001989109850775511
org.apache.tools.ant.taskdefs.StreamPumper,0.0004482759569104936
org.apache.tools.ant.taskdefs.Concat.TextElement,0.0006886323439704385
org.apache.tools.ant.taskdefs.XSLTProcess.Factory,0.00027389559714339915
org.apache.tools.ant.taskdefs.optional.extension.ExtensionAdapter,0.00023113470582382061
org.apache.tools.ant.taskdefs.optional.depend.constantpool.FloatCPInfo,2.546792359465067e-11
org.apache.tools.ant.taskdefs.optional.net.FTP.FTPDirectoryScanner.AntFTPRootFile,4.8521558899459514e-06
org.apache.tools.ant.taskdefs.Concat.MultiReader,0.0
org.apache.tools.ant.util.KeepAliveOutputStream,0.0
org.apache.tools.ant.taskdefs.optional.sitraka.Filters.Exclude,4.5521839601578774e-85
org.apache.tools.ant.util.JavaEnvUtils,0.0051679543314948635
org.apache.tools.ant.util.regexp.RegexpUtil,5.1791732442205776e-05
org.apache.tools.ant.types.FilterSetCollection,0.0008707504216020347
org.apache.tools.ant.types.optional.image.Ellipse,6.373668388228499e-06
org.apache.tools.ant.taskdefs.optional.dotnet.CSharp,0.0
org.apache.tools.ant.taskdefs.optional.ejb.EjbcHelper,0.0
org.apache.tools.ant.taskdefs.Echo.EchoLevel,2.185827681119969e-05
org.apache.tools.ant.taskdefs.optional.perforce.FStatP4OutputHandler,0.00013706009620575532
org.apache.tools.ant.listener.AnsiColorLogger,0.0
org.apache.tools.ant.taskdefs.Recorder.ActionChoices,1.7030227616636898e-05
org.apache.tools.ant.taskdefs.optional.sitraka.Coverage.CoverageStreamHandler,8.444089325206734e-05
org.apache.tools.ant.RuntimeConfigurable,0.002544590625553849
org.apache.tools.tar.TarUtils,5.371527001204852e-31
org.apache.tools.ant.Task,0.1999105970218383
org.apache.tools.ant.types.optional.image.Rectangle,7.09166855737229e-06
org.apache.tools.ant.taskdefs.Exec,0.0
org.apache.tools.ant.IntrospectionHelper.AttributeSetter,0.0001329426406017768
org.apache.tools.ant.taskdefs.optional.EchoProperties,0.0
org.apache.tools.ant.types.selectors.modifiedselector.Algorithm,7.541273414159498e-05
org.apache.tools.ant.taskdefs.ManifestTask,0.0
org.apache.tools.ant.taskdefs.Rmic,0.0020417026777860467
org.apache.tools.ant.taskdefs.PathConvert.TargetOs,0.00011970415375061636
org.apache.tools.ant.taskdefs.Javadoc.AccessType,0.0003182522611748652
org.apache.tools.ant.types.FilterSet,0.0007456196469359642
org.apache.tools.ant.taskdefs.SignJar,0.0
org.apache.tools.ant.taskdefs.optional.sitraka.bytecode.JarLoader,5.7780191143531644e-70
org.apache.tools.ant.taskdefs.cvslib.RCSFile,3.297209616365242e-08
org.apache.tools.ant.taskdefs.optional.depend.Depend,0.0
org.apache.tools.ant.types.ZipFileSet,0.0021433764613465853
org.apache.tools.ant.taskdefs.optional.depend.constantpool.StringCPInfo,2.546792359465067e-11
org.apache.tools.ant.util.regexp.JakartaRegexpMatcher,3.1888557606688254e-06
org.apache.tools.ant.taskdefs.optional.net.TelnetTask.AntTelnetClient,5.0718488435595346e-05
org.apache.tools.ant.taskdefs.cvslib.CvsTagDiff,0.0
org.apache.tools.ant.types.Description,0.00011536895868415415
org.apache.tools.ant.taskdefs.Javadoc,0.0
org.apache.tools.ant.taskdefs.optional.sitraka.Filters,0.00016888178650413467
org.apache.tools.ant.taskdefs.optional.starteam.StarTeamCheckin,1.4423732215885199e-06
org.apache.tools.ant.TaskContainer,0.0005238818801969538
org.apache.tools.ant.taskdefs.optional.junit.BriefJUnitResultFormatter,0.0
org.apache.tools.ant.taskdefs.cvslib.CvsVersion,3.636394612462697e-05
org.apache.tools.ant.util.regexp.RegexpMatcher,9.150191762377492e-05
org.apache.tools.ant.input.InputHandler,0.00028327512464689
org.apache.tools.ant.taskdefs.optional.junit.XMLConstants,8.38902868226643e-05
org.apache.tools.ant.taskdefs.optional.starteam.StarTeamLabel,0.0
org.apache.tools.ant.taskdefs.optional.perforce.P4Revert,0.0
org.apache.tools.ant.helper.ProjectHelper2.ProjectHandler,0.0
org.apache.tools.ant.taskdefs.optional.extension.Extension,0.0009039760861229738
org.apache.tools.ant.DemuxOutputStream.BufferInfo,6.0031626025837426e-05
org.apache.tools.ant.taskdefs.optional.sound.SoundTask.BuildAlert,0.0002545201573733701
org.apache.tools.ant.taskdefs.cvslib.RedirectingOutputStream,1.916573659723002e-07
org.apache.tools.ant.taskdefs.optional.sitraka.ReportFilters.Include,1.2342849673520139e-05
org.apache.tools.mail.ErrorInQuitException,4.6030421977429354e-58
org.apache.tools.ant.taskdefs.condition.IsReference,3.2223999696452337e-06
org.apache.tools.ant.util.depend.bcel.AncestorAnalyzer,0.0
org.apache.tools.bzip2.CBZip2OutputStream,1.6761233577273843e-05
org.apache.tools.ant.taskdefs.email.EmailAddress,0.0015973777047337825
org.apache.tools.ant.util.TimeoutObserver,1.95492384224943e-05
org.apache.tools.ant.taskdefs.optional.vss.MSVSSGET,0.0
org.apache.tools.ant.filters.ReplaceTokens,6.852397070071209e-06
org.apache.tools.ant.ProjectComponent,0.1230379998249991
org.apache.tools.ant.taskdefs.Javac,0.002451399114258944
org.apache.tools.ant.taskdefs.optional.PropertyFile.Entry,0.0001102444361681802
org.apache.tools.ant.IntrospectionHelper,0.0007472227889670556
org.apache.tools.ant.util.regexp.JakartaOroMatcher,2.1254910026020943e-06
org.apache.tools.ant.taskdefs.optional.NetRexxC,0.0
org.apache.tools.ant.taskdefs.compilers.CompilerAdapter,0.00028104646593173657
org.apache.tools.ant.taskdefs.optional.jsp.WLJspc,0.0
org.apache.tools.ant.taskdefs.optional.sos.SOSCheckin,0.0
org.apache.tools.ant.taskdefs.optional.ejb.IPlanetEjbc.RedirectOutput,3.7782782305276086e-08
org.apache.tools.ant.taskdefs.FixCRLF,0.0
org.apache.tools.ant.taskdefs.optional.XslpLiaison,0.0
org.apache.tools.ant.taskdefs.optional.PropertyFile.Unit,3.5152567275371102e-06
org.apache.tools.ant.types.selectors.ExtendFileSelector,1.2883619777114116e-06
org.apache.tools.ant.taskdefs.optional.perforce.P4Resolve,0.0
org.apache.tools.ant.types.Path,0.08137873602270684
org.apache.tools.ant.types.FileList,0.0016200898743953492
org.apache.tools.ant.taskdefs.Javadoc.TagArgument,0.0016708243711680423
org.apache.tools.ant.taskdefs.Echo,0.0
org.apache.tools.ant.taskdefs.optional.dotnet.DotnetBaseMatchingTask,0.0001687554552093342
org.apache.tools.ant.taskdefs.optional.ejb.IPlanetEjbcTask,0.0
org.apache.tools.ant.types.optional.image.Arc,6.373668388228499e-06
org.apache.tools.ant.taskdefs.optional.depend.constantpool.IntegerCPInfo,2.546792359465067e-11
org.apache.tools.ant.taskdefs.MacroDef.NestedSequential,2.2533451986931192e-05
org.apache.tools.ant.helper.ProjectHelper2.RootHandler,9.082283838285354e-05
org.apache.tools.ant.taskdefs.Jar,3.6732656494188215e-05
org.apache.tools.ant.types.optional.depend.ClassfileSet,0.0
org.apache.tools.ant.types.selectors.modifiedselector.HashvalueAlgorithm,0.0
org.apache.tools.ant.taskdefs.Sleep,0.0
org.apache.tools.ant.taskdefs.optional.ejb.IPlanetEjbc.EjbcException,0.00010929602591458025
org.apache.tools.ant.taskdefs.optional.sitraka.bytecode.MethodInfo,0.00010136265983098241
org.apache.tools.zip.ZipEntry,0.0013750694870051754
org.apache.tools.ant.util.SourceFileScanner,0.002084138329235794
org.apache.tools.ant.taskdefs.optional.sitraka.CovReport.ReportFormat,6.999037559136735e-05
org.apache.tools.ant.types.RegularExpression,0.0007068792157160687
org.apache.tools.ant.util.depend.AbstractAnalyzer,1.4425378071763663e-52
org.apache.tools.ant.taskdefs.TempFile,0.0
org.apache.tools.ant.taskdefs.optional.depend.constantpool.MethodRefCPInfo,3.5676274367684097e-11
org.apache.tools.ant.taskdefs.optional.extension.DeweyDecimal,8.394971648789292e-05
org.apache.tools.ant.types.resolver.ApacheCatalogResolver,1.8938406683572062e-65
org.apache.tools.ant.taskdefs.Available.FileDir,0.001793948039011716
org.apache.tools.ant.taskdefs.condition.Or,3.2223999696452337e-06
org.apache.tools.ant.taskdefs.optional.depend.JarFileIterator,0.0
org.apache.tools.ant.taskdefs.optional.ejb.IPlanetEjbc,0.0002725366326943855
org.apache.tools.ant.taskdefs.optional.sitraka.bytecode.attributes.AttributeInfo,0.0
org.apache.tools.ant.helper.ProjectHelperImpl.TargetHandler,4.3994760660403994e-05
org.apache.tools.ant.filters.LineContains,6.852397070071209e-06
org.apache.tools.ant.taskdefs.Execute.CommandLauncher,9.979718195940499e-05
org.apache.tools.ant.taskdefs.GUnzip,0.0
org.apache.tools.ant.BuildException,0.05430110681871243
org.apache.tools.ant.util.WeakishReference,2.982815456801079e-78
org.apache.tools.ant.taskdefs.optional.vss.MSVSSCHECKOUT,0.0
org.apache.tools.ant.taskdefs.Parallel.TaskList,3.215983649544966e-05
org.apache.tools.ant.taskdefs.optional.sitraka.Triggers,0.000253322679756202
org.apache.tools.ant.types.Assertions.DisabledAssertion,3.217538522566839e-05
org.apache.tools.ant.taskdefs.optional.sitraka.Socket,8.444089325206734e-05
org.apache.tools.ant.types.Commandline,0.03349013956218101
org.apache.tools.ant.AntClassLoader,0.006309759860127939
org.apache.tools.ant.taskdefs.optional.Native2Ascii.ExtMapper,0.0
org.apache.tools.ant.types.selectors.modifiedselector.Cache,0.00012568124656087192
org.apache.tools.ant.taskdefs.Javadoc.DocletInfo,0.0009547567835245955
org.apache.tools.ant.taskdefs.optional.ReplaceRegExp,0.0
org.apache.tools.ant.taskdefs.compilers.Jikes,0.0
org.apache.tools.ant.filters.TokenFilter.ReplaceRegex,6.8604714176991585e-06
org.apache.tools.ant.types.PatternSet,0.0049204460530045315
org.apache.tools.ant.util.optional.NoExitSecurityManager,0.0
org.apache.tools.ant.taskdefs.optional.splash.SplashTask,0.0
org.apache.tools.ant.taskdefs.optional.ccm.CCMReconfigure,0.0
org.apache.tools.ant.taskdefs.Execute.PerlScriptCommandLauncher,0.0
org.apache.tools.ant.types.AbstractFileSet,0.003502760303465203
org.apache.tools.ant.taskdefs.Expand,8.286772939094424e-05
org.apache.tools.ant.taskdefs.optional.ide.VAJBuildInfo.BuildInterruptedException,0.0
org.apache.tools.ant.taskdefs.optional.junit.CompoundEnumeration,1.4914077284005394e-78
org.apache.tools.ant.taskdefs.optional.clearcase.ClearCase,0.0035699745191391657
org.apache.tools.ant.util.TeeOutputStream,0.00039741676267373866
org.apache.tools.ant.taskdefs.optional.j2ee.JonasHotDeploymentTool,5.882212898500012e-06
org.apache.tools.ant.taskdefs.optional.extension.resolvers.LocationResolver,8.489125828285203e-05
org.apache.tools.ant.taskdefs.optional.perforce.P4Add,0.0
org.apache.tools.ant.taskdefs.optional.dotnet.Ildasm.VisibilityOptions,0.0
org.apache.tools.ant.filters.TokenFilter.ChainableReaderFilter,5.6527703028464385e-05
org.apache.tools.ant.taskdefs.optional.extension.LibFileSet,2.762585480506021e-05
org.apache.tools.ant.taskdefs.optional.ide.VAJLocalUtil,1.409992356151874e-05
org.apache.tools.ant.taskdefs.optional.junit.AggregateTransformer.Format,2.9774155803790964e-05
org.apache.tools.ant.ComponentHelper.AntTypeTable,0.0010679121873183955
org.apache.tools.ant.taskdefs.optional.starteam.StarTeamCheckin.CheckinMap,0.0
org.apache.tools.ant.taskdefs.optional.perforce.P4Delete,0.0
org.apache.tools.ant.taskdefs.compilers.Javac12,0.0
org.apache.tools.ant.types.FileSet,0.012562555827988216
org.apache.tools.ant.UnknownElement,0.0012322570707633401
org.apache.tools.ant.taskdefs.DefBase,0.0004884505082170326
org.apache.tools.ant.taskdefs.MacroDef.MyAntTypeDefinition,9.388938327887997e-06
org.apache.tools.ant.taskdefs.optional.script.ScriptDef,0.00017792129627049606
org.apache.tools.ant.taskdefs.optional.clearcase.CCMklabel,0.0
org.apache.tools.ant.types.FilterChain,0.0003268515518881259
org.apache.tools.ant.types.selectors.SizeSelector.SizeComparisons,2.458453631469874e-07
org.apache.tools.ant.taskdefs.optional.XalanLiaison,0.0
org.apache.tools.ant.taskdefs.optional.ide.VAJLoadServlet,0.0
org.apache.tools.ant.taskdefs.optional.depend.constantpool.InterfaceMethodRefCPInfo,3.5676274367684097e-11
org.apache.tools.ant.taskdefs.optional.clearcase.CCUnlock,0.0
org.apache.tools.ant.taskdefs.optional.dotnet.NetCommand,0.0005329772057306537
org.apache.tools.ant.taskdefs.optional.sitraka.bytecode.ClassFilter,0.0
org.apache.tools.ant.taskdefs.optional.j2ee.WebLogicHotDeploymentTool,5.882212898500012e-06
org.apache.tools.ant.taskdefs.Taskdef,0.0
org.apache.tools.ant.DynamicConfigurator,0.0002510427316672412
org.apache.tools.ant.taskdefs.optional.clearcase.CCMkattr,0.0
org.apache.tools.ant.types.Mapper,0.0017394179975811315
org.apache.tools.ant.taskdefs.optional.ide.VAJUtil,0.00011564903595849
org.apache.tools.zip.ExtraFieldUtils,3.1642088497563254e-10
org.apache.tools.ant.taskdefs.optional.perforce.SimpleP4OutputHandler,0.00013528251400299847
org.apache.tools.bzip2.CBZip2InputStream,5.6638840258419994e-05
org.apache.tools.ant.types.DTDLocation,0.00015242199491220763
org.apache.tools.ant.types.Parameterizable,6.761424489645071e-08
org.apache.tools.ant.taskdefs.optional.IContract.IContractPresenceDetector,0.0
org.apache.tools.ant.taskdefs.JDBCTask,0.0007279702753502419
org.apache.tools.ant.taskdefs.optional.jsp.JspC.WebAppParameter,0.000349971118958297
org.apache.tools.ant.taskdefs.GZip,0.0
org.apache.tools.ant.taskdefs.email.MimeMailer,0.0
org.apache.tools.ant.taskdefs.email.EmailTask,1.658178521771392e-05
org.apache.tools.ant.taskdefs.optional.junit.FormatterElement,0.002280673756201595
org.apache.tools.ant.taskdefs.optional.jsp.Jasper41Mangler,0.0
org.apache.tools.ant.types.FlexInteger,0.0
org.apache.tools.ant.taskdefs.optional.starteam.StarTeamTask,0.0009384880034035801
org.apache.tools.ant.taskdefs.Basename,0.0
org.apache.tools.ant.taskdefs.optional.junit.JUnitVersionHelper,2.803095619816092e-06
org.apache.tools.ant.taskdefs.optional.extension.ExtensionSet,0.00019264225532751106
org.apache.tools.ant.taskdefs.optional.junit.JUnitTestRunner,0.003664225810515034
org.apache.tools.ant.taskdefs.Tar.TarLongFileMode,0.0011184611393616653
org.apache.tools.ant.launch.Locator,3.021963360425576e-05
org.apache.tools.ant.taskdefs.optional.ide.VAJAntToolGUI,3.5738925358422086e-06
org.apache.tools.ant.types.selectors.PresentSelector.FilePresence,4.1468853562722346e-06
org.apache.tools.ant.filters.TabsToSpaces,6.852397070071209e-06
org.apache.tools.ant.taskdefs.Jar.FilesetManifestConfig,0.00017344086875328824
org.apache.tools.ant.types.optional.image.Text,7.089829009574062e-06
org.apache.tools.ant.taskdefs.optional.jsp.compilers.JspCompilerAdapterFactory,0.0002099826713749782
org.apache.tools.ant.util.WeakishReference.HardReference,0.0
org.apache.tools.ant.util.TaskLogger,0.0
org.apache.tools.ant.helper.ProjectHelperImpl.DataTypeHandler,1.8991252871681993e-05
org.apache.tools.ant.taskdefs.rmic.WLRmic,0.0
org.apache.tools.ant.taskdefs.optional.ejb.BorlandDeploymentTool,6.875200149382447e-05
org.apache.tools.ant.filters.LineContainsRegExp,6.852397070071209e-06
org.apache.tools.ant.taskdefs.Replace.Replacefilter,0.0003861266562264622
org.apache.tools.ant.taskdefs.optional.vss.MSVSSCHECKIN,0.0
org.apache.tools.ant.taskdefs.email.Message,0.0014367770808871932
org.apache.tools.ant.taskdefs.rmic.DefaultRmicAdapter.RmicFileNameMapper,7.833260955147673e-05
org.apache.tools.ant.taskdefs.Parallel,0.0
org.apache.tools.ant.taskdefs.rmic.KaffeRmic,0.0
org.apache.tools.ant.taskdefs.Delete,0.0005220258782770901
org.apache.tools.ant.taskdefs.email.MimeMailer.StringDataSource,4.497570470616881e-07
org.apache.tools.ant.taskdefs.optional.dotnet.Ildasm.EncodingTypes,7.128114580424824e-05
org.apache.tools.ant.types.selectors.SelectorUtils,0.00028755377029444565
org.apache.tools.ant.taskdefs.optional.extension.LibraryDisplayer,1.4751772266157298e-05
org.apache.tools.ant.taskdefs.optional.perforce.P4HandlerAdapter,1.7793498839213664e-05
org.apache.tools.ant.taskdefs.optional.depend.constantpool.ConstantPool,2.4278221768919005e-07
org.apache.tools.ant.taskdefs.Javadoc.Html,0.00541234933770029
org.apache.tools.mail.MailMessage,2.1479223021084963e-05
org.apache.tools.ant.taskdefs.optional.unix.AbstractAccessTask,4.6820214464893194e-05
org.apache.tools.ant.taskdefs.optional.perforce.P4Counter,0.0
org.apache.tools.ant.types.selectors.modifiedselector.EqualComparator,0.0
org.apache.tools.ant.types.selectors.TypeSelector,0.00013714119267283208
org.apache.tools.ant.taskdefs.Zip.Duplicate,0.00017580990393512212
org.apache.tools.ant.AntTypeDefinition,0.0017980553077423164
org.apache.tools.ant.Diagnostics,8.734379098281868e-05
org.apache.tools.ant.taskdefs.Ant,0.0015269629352306965
org.apache.tools.zip.ZipExtraField,3.268497770095879e-09
org.apache.tools.ant.taskdefs.optional.dotnet.ImportTypelib,0.0
org.apache.tools.ant.taskdefs.optional.j2ee.ServerDeploy,0.00021461283928951385
org.apache.tools.ant.filters.TokenFilter.FileTokenizer,8.074347627950825e-09
org.apache.tools.ant.taskdefs.PathConvert,0.0
org.apache.tools.ant.taskdefs.optional.junit.XMLResultAggregator,0.0
org.apache.tools.ant.taskdefs.optional.clearcase.CCMkdir,0.0
org.apache.tools.ant.taskdefs.optional.net.TelnetTask,0.0
org.apache.tools.ant.taskdefs.optional.script.ScriptDefBase,0.0
org.apache.tools.ant.util.regexp.JakartaRegexpRegexp,0.0
org.apache.tools.ant.taskdefs.optional.net.FTP.Action,0.0005220258782770901
org.apache.tools.ant.util.IdentityMapper,0.0
org.apache.tools.ant.taskdefs.optional.junit.XMLJUnitResultFormatter,0.0
org.apache.tools.ant.taskdefs.Cvs,0.0
org.apache.tools.ant.taskdefs.optional.depend.constantpool.LongCPInfo,2.546792359465067e-11
org.apache.tools.ant.taskdefs.optional.vss.MSVSSADD,0.0
org.apache.tools.ant.filters.TokenFilter.ContainsRegex,6.8604714176991585e-06
org.apache.tools.ant.taskdefs.optional.ejb.JbossDeploymentTool,6.875200149382447e-05
org.apache.tools.ant.taskdefs.optional.perforce.P4Submit.P4SubmitAdapter,1.1052354449721167e-06
org.apache.tools.ant.taskdefs.Transform,0.0
org.apache.tools.ant.taskdefs.optional.metamata.MAuditParser.Violation,4.377116382442957e-05
org.apache.tools.ant.taskdefs.condition.ConditionBase,0.00012360739040152065
org.apache.tools.ant.types.ZipScanner,0.0008276060581127959
org.apache.tools.ant.taskdefs.MacroDef.Text,0.00017094377707272293
org.apache.tools.ant.util.CollectionUtils,0.00047865000369752515
org.apache.tools.ant.taskdefs.Javadoc.PackageName,0.002546987923623665
org.apache.tools.ant.helper.ProjectHelperImpl.NestedElementHandler,5.895803842528314e-05
org.apache.tools.ant.util.RegexpPatternMapper,0.0
org.apache.tools.ant.types.Permissions.Permission,8.439894355004021e-06
org.apache.tools.ant.taskdefs.Deltree,0.0
org.apache.tools.ant.taskdefs.optional.perforce.P4Fstat,1.0288333332292736e-05
org.apache.tools.ant.taskdefs.optional.ejb.EjbJar.Config,0.00019983258900472997
org.apache.tools.ant.taskdefs.optional.perforce.P4Have,0.0
org.apache.tools.ant.taskdefs.optional.junit.ArrayEnumeration,1.4914077284005394e-78
org.apache.tools.tar.TarInputStream,6.90564411591202e-05
org.apache.tools.ant.types.selectors.modifiedselector.PropertiesfileCache,2.5134920717612937e-05
org.apache.tools.ant.types.EnumeratedAttribute,0.0026145206348625787
org.apache.tools.ant.types.selectors.SizeSelector.ByteUnits,2.458453631469874e-07
org.apache.tools.ant.types.Commandline.Marker,0.0007679340318401082
org.apache.tools.ant.types.PropertySet,0.0018277635015815162
org.apache.tools.ant.taskdefs.Get,1.3142535513354171e-05
org.apache.tools.ant.taskdefs.optional.ide.VAJProjectDescription,5.676612672883628e-05
org.apache.tools.ant.filters.BaseParamFilterReader,1.5222895114404203e-05
org.apache.tools.ant.taskdefs.condition.IsTrue,3.2223999696452337e-06
org.apache.tools.ant.AntClassLoader.ResourceEnumeration,4.018066017016975e-05
org.apache.tools.ant.types.ResourceFactory,2.2297836578243037e-05
org.apache.tools.ant.filters.TokenFilter.IgnoreBlank,6.8604714176991585e-06
org.apache.tools.zip.AsiExtraField,0.0
org.apache.tools.ant.taskdefs.Patch,0.0
org.apache.tools.ant.taskdefs.optional.jsp.compilers.DefaultJspCompilerAdapter,0.0009524891073094744
org.apache.tools.ant.taskdefs.Javadoc.LinkArgument,0.002466455024105205
org.apache.tools.ant.taskdefs.optional.perforce.P4OutputStream,5.670640400247145e-06
org.apache.tools.ant.taskdefs.compilers.Kjc,0.0
org.apache.tools.ant.taskdefs.optional.sitraka.StringUtil,1.0746725263811436e-61
org.apache.tools.zip.ZipShort,1.5207275516196008e-06
org.apache.tools.ant.types.selectors.DateSelector,0.00025297830693907225
org.apache.tools.ant.taskdefs.optional.clearcase.CCMkbl,0.0
org.apache.tools.ant.taskdefs.MacroInstance,0.0
org.apache.tools.ant.taskdefs.optional.starteam.StarTeamCheckout.CheckoutMap,0.0
org.apache.tools.ant.filters.ClassConstants,6.852397070071209e-06
org.apache.tools.ant.taskdefs.LoadProperties,0.0
org.apache.tools.ant.taskdefs.Replace.NestedString,0.0007838813971009782
org.apache.tools.ant.types.Environment,0.003390581405974679
org.apache.tools.ant.input.MultipleChoiceInputRequest,5.814967158897053e-05
org.apache.tools.ant.FileScanner,0.0002845764769111895
org.apache.tools.ant.taskdefs.optional.depend.constantpool.Utf8CPInfo,3.5676274367684097e-11
org.apache.tools.ant.util.depend.DependencyAnalyzer,0.0006974728535635962
org.apache.tools.ant.taskdefs.FixCRLF.CrLf,0.00014949587612788493
org.apache.tools.ant.taskdefs.optional.depend.constantpool.ConstantCPInfo,3.542096178383392e-11
org.apache.tools.ant.taskdefs.optional.starteam.StarTeamList.UnmatchedListingMap,0.0
org.apache.tools.ant.taskdefs.optional.jdepend.JDependTask,0.0
org.apache.tools.ant.taskdefs.WaitFor,0.0
org.apache.tools.ant.taskdefs.optional.javacc.JJTree,0.0
org.apache.tools.ant.taskdefs.optional.extension.ExtensionResolver,0.00019699200390426122
org.apache.tools.ant.util.FileUtils,0.018722040369233663
org.apache.tools.ant.taskdefs.Jikes,0.0
org.apache.tools.ant.util.regexp.JakartaOroRegexp,0.0
org.apache.tools.ant.taskdefs.SQLExec.Transaction,0.00030332094806260075
org.apache.tools.ant.taskdefs.Tar.TarCompressionMethod,0.00029673458799391115
org.apache.tools.ant.taskdefs.optional.vss.MSVSS.WritableFiles,0.0001662593352950824
org.apache.tools.ant.taskdefs.Javadoc.GroupArgument,0.0016708243711680423
org.apache.tools.ant.helper.ProjectHelperImpl.DescriptionHandler,1.8991252871681993e-05
org.apache.tools.zip.ZipOutputStream,0.002313825369863375
org.apache.tools.ant.util.FlatFileNameMapper,0.0
org.apache.tools.ant.taskdefs.optional.metamata.MetricsElement,6.202601251335474e-05
org.apache.tools.ant.taskdefs.optional.sos.SOSGet,0.0
org.apache.tools.ant.filters.StringInputStream,0.0
org.apache.tools.ant.taskdefs.email.Mailer,0.00011592765043510866
org.apache.tools.ant.taskdefs.optional.ejb.EJBDeploymentTool,0.0003122898636568487
org.apache.tools.ant.taskdefs.optional.sitraka.Coverage.Recordfromstart,5.629392883471156e-05
org.apache.tools.ant.MagicNames,0.0
org.apache.tools.ant.taskdefs.condition.Contains,3.2223999696452337e-06
org.apache.tools.ant.taskdefs.optional.metamata.MMetrics.GranularityAttribute,1.6687221819375657e-05
org.apache.tools.ant.types.selectors.MappingSelector,1.1017952266524335e-06
org.apache.tools.ant.taskdefs.WhichResource,0.0
org.apache.tools.ant.taskdefs.optional.clearcase.CCCheckin,0.0
org.apache.tools.ant.taskdefs.Zip,0.0016705400214342516
org.apache.tools.ant.types.AntFilterReader,2.858056380729899e-05
org.apache.tools.ant.taskdefs.optional.vss.MSVSSCP,0.0
org.apache.tools.ant.taskdefs.Tstamp,4.567375549578736e-06
org.apache.tools.ant.BuildLogger,0.00010205677886411758
org.apache.tools.ant.types.optional.image.Draw,3.0332176857791413e-05
org.apache.tools.ant.taskdefs.Concat,0.0
org.apache.tools.ant.types.optional.image.Scale.ProportionsAttribute,3.190783494616141e-06
org.apache.tools.ant.taskdefs.optional.ide.VAJImport,0.0
org.apache.tools.ant.types.PatternSet.NameEntry,0.0024886023151256993
org.apache.tools.ant.taskdefs.optional.jdepend.JDependTask.FormatAttribute,0.00018686763243486014
org.apache.tools.ant.taskdefs.optional.ejb.WebsphereDeploymentTool.DBVendor,5.9056803068885105e-05
org.apache.tools.ant.taskdefs.SQLExec.OnError,8.088558615002688e-05
org.apache.tools.ant.taskdefs.optional.junit.Xalan2Executor,0.0
org.apache.tools.ant.taskdefs.Move,0.00013763366103335624
org.apache.tools.ant.util.LazyHashtable,0.0
org.apache.tools.ant.taskdefs.optional.ejb.WeblogicTOPLinkDeploymentTool,6.875200149382447e-05
org.apache.tools.ant.util.ClasspathUtils,8.198787001590264e-05
org.apache.tools.ant.taskdefs.optional.ejb.IPlanetEjbc.Classname,1.1943416611133753e-06
org.apache.tools.ant.taskdefs.optional.sos.SOSCheckout,0.0
org.apache.tools.ant.taskdefs.optional.net.TelnetTask.TelnetWrite,0.0
org.apache.tools.ant.taskdefs.WaitFor.Unit,1.273887590827624e-05
org.apache.tools.ant.taskdefs.condition.Equals,3.2223999696452337e-06
org.apache.tools.ant.filters.ExpandProperties,6.852397070071209e-06
org.apache.tools.ant.taskdefs.optional.ANTLR,0.0
org.apache.tools.ant.taskdefs.Recorder.VerbosityLevelChoices,1.7030227616636898e-05
org.apache.tools.ant.taskdefs.optional.junit.JUnitTask.SummaryAttribute,0.000232315482219212
org.apache.tools.ant.taskdefs.optional.ejb.Ejbc,0.0
org.apache.tools.ant.taskdefs.optional.clearcase.CCUnCheckout,0.0
org.apache.tools.ant.helper.ProjectHelperImpl.TaskHandler,2.124539447197432e-05
org.apache.tools.ant.taskdefs.GenerateKey,0.0
org.apache.tools.ant.taskdefs.ManifestException,0.0005160420282844088
org.apache.tools.ant.util.facade.FacadeTaskHelper,0.004734211858940758
org.apache.tools.ant.taskdefs.Javadoc.ExtensionInfo,0.00429660122192434
org.apache.tools.ant.taskdefs.optional.ccm.CCMCheckinDefault,0.0
org.apache.tools.ant.taskdefs.optional.ejb.IPlanetDeploymentTool,6.875200149382447e-05
org.apache.tools.ant.taskdefs.KeySubst,0.0
org.apache.tools.ant.filters.EscapeUnicode,6.852397070071209e-06
org.apache.tools.ant.taskdefs.Exit,0.0
org.apache.tools.ant.launch.Launcher,0.0
org.apache.tools.ant.taskdefs.optional.perforce.P4Label,0.0
org.apache.tools.ant.taskdefs.PumpStreamHandler,0.0012277044410013529
org.apache.tools.ant.taskdefs.ExecuteStreamHandler,0.0014478183895911335
org.apache.tools.ant.taskdefs.optional.sitraka.ReportFilters.FilterElement,4.373776143354432e-08
org.apache.tools.ant.taskdefs.optional.ide.VAJRemoteUtil,7.76787566050143e-06
org.apache.tools.ant.taskdefs.optional.pvcs.PvcsProject,0.00010159926585133852
org.apache.tools.ant.taskdefs.condition.FilesMatch,3.2223999696452337e-06
org.apache.tools.ant.taskdefs.XSLTProcess.OutputProperty,0.0002140524864712515
org.apache.tools.ant.taskdefs.optional.net.FTP,0.0
org.apache.tools.ant.taskdefs.optional.NetRexxC.VerboseAttr,0.0006827193720051358
org.apache.tools.ant.taskdefs.compilers.CompilerAdapterFactory,0.00021874897823377
org.apache.tools.ant.types.optional.image.Rotate,3.0332176857791413e-05
org.apache.tools.ant.taskdefs.optional.StyleBook,0.0
org.apache.tools.ant.taskdefs.Dirname,0.0
org.apache.tools.ant.util.Watchdog,4.211022421275643e-05
org.apache.tools.ant.taskdefs.AbstractCvsTask,0.0015711422225380132
org.apache.tools.ant.taskdefs.optional.dotnet.DotnetResource,0.00013076169671558368
org.apache.tools.ant.taskdefs.LogStreamHandler,0.002108657562259857
org.apache.tools.ant.taskdefs.optional.sound.SoundTask,0.0
org.apache.tools.ant.taskdefs.optional.junit.DOMUtil,7.05025120031493e-05
org.apache.tools.ant.taskdefs.Tstamp.CustomFormat,0.00010435549806969795
org.apache.tools.ant.taskdefs.cvslib.RedirectingStreamHandler,9.090986531156744e-05
org.apache.tools.ant.taskdefs.optional.unix.Chown,0.0
org.apache.tools.zip.ZipFile.BoundedInputStream,3.7741054396103977e-07
org.apache.tools.ant.ProjectHelper,0.003008665581235974
org.apache.tools.ant.taskdefs.Sync.MyCopy,0.00047901475090333224
org.apache.tools.ant.taskdefs.optional.i18n.Translate,0.0
org.apache.tools.ant.taskdefs.optional.sitraka.CovReport.ReportType,6.999037559136735e-05
org.apache.tools.ant.taskdefs.Parallel.TaskRunnable,0.00012863934598179863
org.apache.tools.ant.taskdefs.optional.ejb.JonasDeploymentTool,6.875200149382447e-05
org.apache.tools.ant.taskdefs.optional.dotnet.WsdlToDotnet,0.0
org.apache.tools.ant.taskdefs.optional.ccm.CCMCheckin,0.0
org.apache.tools.ant.taskdefs.optional.net.TelnetTask.TelnetRead,0.0
org.apache.tools.ant.util.regexp.RegexpMatcherFactory,0.0001385863871733007
org.apache.tools.ant.taskdefs.optional.splash.SplashScreen,0.00012007879190903273
org.apache.tools.ant.taskdefs.optional.junit.Xalan1Executor,0.0
org.apache.tools.ant.taskdefs.optional.scm.AntStarTeamCheckOut,0.0
org.apache.tools.ant.taskdefs.optional.jsp.JspNameMangler,0.0
org.apache.tools.ant.taskdefs.ManifestTask.Mode,6.798507945189055e-05
org.apache.tools.ant.taskdefs.XSLTProcess,8.641645692033659e-07
org.apache.tools.ant.input.InputRequest,0.00010048229340437849
org.apache.tools.ant.taskdefs.optional.extension.ExtraAttribute,8.10703654820058e-05
org.apache.tools.ant.taskdefs.optional.javacc.JavaCC,0.00020542292028102375
org.apache.tools.ant.taskdefs.condition.Socket,3.2223999696452337e-06
org.apache.tools.ant.helper.ProjectHelper2,1.569127330025773e-05
org.apache.tools.ant.taskdefs.Checksum,3.2223999696452337e-06
org.apache.tools.ant.types.Assertions.BaseAssertion,0.00012871153735477534
org.apache.tools.ant.taskdefs.optional.windows.Attrib,0.0
org.apache.tools.ant.taskdefs.Mkdir,0.00046174269716487304
org.apache.tools.ant.taskdefs.BUnzip2,0.0
org.apache.tools.ant.taskdefs.optional.junit.XalanExecutor,7.449717236546296e-05
org.apache.tools.ant.taskdefs.Recorder,0.0
org.apache.tools.ant.taskdefs.optional.sitraka.CovReport.Reference,0.00020997112677410203
org.apache.tools.ant.taskdefs.optional.jlink.ConstantPool,9.193062296429331e-76
org.apache.tools.ant.taskdefs.optional.ide.VAJImport.LocalDirectoryScanner,1.044230082517179e-05
org.apache.tools.ant.types.selectors.FilenameSelector,0.00025297830693907225
org.apache.tools.ant.types.Assertions.EnabledAssertion,3.217538522566839e-05
org.apache.tools.ant.taskdefs.optional.net.RExecTask.RExecWrite,0.0
org.apache.tools.ant.taskdefs.optional.Test,0.0
org.apache.tools.ant.types.FilterSet.FiltersFile,6.32314756192803e-05
org.apache.tools.ant.IntrospectionHelper.Creator,0.00019864873589158804
org.apache.tools.ant.taskdefs.XSLTLogger,0.0011253142021231952
org.apache.tools.ant.taskdefs.optional.ssh.Directory,0.00022788676487715072
org.apache.tools.ant.taskdefs.optional.depend.ClassFileUtils,0.00039788391466137943
org.apache.tools.ant.taskdefs.optional.metamata.MAuditParser,2.7335465795126057e-05
org.apache.tools.ant.taskdefs.DependSet,0.0
org.apache.tools.ant.taskdefs.optional.metamata.MAudit,1.9134826056588245e-05
org.apache.tools.ant.taskdefs.ExecuteOn,0.0008080145296308404
org.apache.tools.ant.taskdefs.Manifest.Attribute,4.929217787629521e-05
org.apache.tools.ant.taskdefs.RecorderEntry,7.237846737070681e-05
org.apache.tools.ant.taskdefs.optional.sitraka.Triggers.Method,1.7365203705436239e-90
org.apache.tools.ant.taskdefs.optional.jsp.compilers.JspCompilerAdapter,0.0003145610648046923
org.apache.tools.ant.util.JAXPUtils,0.0005926258766663484
org.apache.tools.ant.types.DataType,0.02759313631620688
org.apache.tools.ant.types.optional.image.ImageOperation,6.632873869920516e-05
org.apache.tools.ant.taskdefs.condition.IsSet,3.2223999696452337e-06
org.apache.tools.ant.taskdefs.optional.ide.VAJLoadProjects,0.0
org.apache.tools.ant.taskdefs.optional.dotnet.Ildasm,0.0
org.apache.tools.ant.loader.AntClassLoader2,0.0
org.apache.tools.ant.taskdefs.Execute.CommandLauncherProxy,3.675660595323153e-05
org.apache.tools.ant.taskdefs.Copyfile,0.0
org.apache.tools.ant.taskdefs.optional.ide.VAJExportServlet,0.0
org.apache.tools.ant.taskdefs.optional.XMLValidateTask,0.0
org.apache.tools.ant.util.regexp.Regexp,0.00013768712567697444
org.apache.tools.tar.TarOutputStream,0.0003195603255319044
org.apache.tools.ant.taskdefs.optional.ejb.DDCreator,0.0
org.apache.tools.ant.types.Mapper.MapperType,0.0002671699950611738
org.apache.tools.ant.taskdefs.optional.ejb.EjbJar.DTDLocation,0.0006414409035405402
org.apache.tools.ant.types.selectors.ExtendSelector,0.00025297830693907225
org.apache.tools.ant.taskdefs.optional.ide.VAJImportServlet,0.0
org.apache.tools.ant.taskdefs.optional.ide.VAJAntToolGUI.VAJBuildLogger,2.6262399221792767e-08
org.apache.tools.ant.taskdefs.optional.depend.AntAnalyzer,0.00019891098507755108
org.apache.tools.tar.TarEntry,0.0002565744886227095
org.apache.tools.ant.filters.TokenFilter.DeleteCharacters,6.8604714176991585e-06
org.apache.tools.ant.types.PropertySet.BuiltinPropertySetName,3.481788890471968e-05
org.apache.tools.ant.taskdefs.Ear,0.0
org.apache.tools.ant.taskdefs.optional.depend.constantpool.FieldRefCPInfo,3.5676274367684097e-11
org.apache.tools.ant.taskdefs.CallTarget,0.0
org.apache.tools.ant.taskdefs.optional.sitraka.bytecode.ClassFile,9.013642762854567e-05
org.apache.tools.ant.util.LoaderUtils,0.0011374883088144613
org.apache.tools.ant.taskdefs.optional.sound.AntSoundPlayer,5.302503278611876e-05
org.apache.tools.ant.taskdefs.Javadoc.SourceFile,0.0022277658282240562
org.apache.tools.ant.taskdefs.optional.vss.MSVSSHISTORY.BriefCodediffNofile,1.3361182983849625e-05
org.apache.tools.ant.types.Resource,0.002455383762859203
org.apache.tools.ant.taskdefs.optional.sitraka.Filters.FilterElement,2.982815456801079e-78
org.apache.tools.ant.taskdefs.Definer,6.0334046866124335e-09
org.apache.tools.ant.taskdefs.Tar.TarFileSet,0.0009815067141337062
org.apache.tools.ant.taskdefs.optional.junit.PlainJUnitResultFormatter,0.0
org.apache.tools.ant.launch.AntMain,5.096345618074118e-05
org.apache.tools.ant.taskdefs.condition.Not,3.2223999696452337e-06
org.apache.tools.ant.input.PropertyFileInputHandler,0.0
org.apache.tools.ant.helper.ProjectHelper2.ElementHandler,0.0
org.apache.tools.ant.taskdefs.optional.perforce.P4Base,0.0006548749290034494
org.apache.tools.ant.taskdefs.optional.ssh.SSHUserInfo,0.0005581275032657878
org.apache.tools.ant.types.selectors.SelectSelector,0.00025297830693907225
org.apache.tools.ant.taskdefs.compilers.JavacExternal,0.0
org.apache.tools.ant.NoBannerLogger,0.0
org.apache.tools.ant.taskdefs.condition.Http,3.2223999696452337e-06
org.apache.tools.ant.taskdefs.GenerateKey.DnameParam,7.81927175107662e-73
org.apache.tools.ant.util.LazyFileOutputStream,0.00011762721552460087
org.apache.tools.ant.taskdefs.Untar,0.0
org.apache.tools.bzip2.CRC,2.3894001497939407e-51
org.apache.tools.ant.types.selectors.BaseSelector,0.0007471181361865347
org.apache.tools.ant.types.optional.image.ColorMapper,1.4370592020551134e-05
org.apache.tools.ant.taskdefs.Manifest,0.0024009742254268154
org.apache.tools.zip.ZipLong,1.0931575436743458e-05
org.apache.tools.ant.taskdefs.ExecTask,0.0030654507243222323
org.apache.tools.ant.taskdefs.optional.metamata.MMetrics,0.0
org.apache.tools.ant.util.FileNameMapper,0.0011895891485827004
org.apache.tools.ant.taskdefs.optional.perforce.P4Reopen,0.0
org.apache.tools.ant.taskdefs.Untar.UntarCompressionMethod,8.977337350685626e-05
org.apache.tools.ant.taskdefs.optional.XMLValidateTask.ValidatorErrorHandler,0.00032660587702140515
org.apache.tools.ant.types.PropertySet.PropertyRef,0.00024372101587681662
org.apache.tools.ant.taskdefs.email.PlainMailer,5.6892689834615305e-84
org.apache.tools.ant.taskdefs.optional.clearcase.CCCheckout,0.0
org.apache.tools.ant.taskdefs.optional.sitraka.CovMerge,0.0
org.apache.tools.ant.types.selectors.modifiedselector.ModifiedSelector.ComparatorName,4.6080687982290386e-05
org.apache.tools.mail.SmtpResponseReader,2.071368988984321e-57
org.apache.tools.ant.filters.TokenFilter.ReplaceString,6.8604714176991585e-06
org.apache.tools.ant.taskdefs.ProcessDestroyer.ProcessDestroyerImpl,3.0118739217399377e-69
org.apache.tools.ant.taskdefs.Ant.Reference,0.0009005689538786125
org.apache.tools.ant.filters.TokenFilter.ContainsString,8.074347627950825e-09
org.apache.tools.ant.taskdefs.Sequential,0.0
org.apache.tools.ant.taskdefs.SendEmail,0.0
org.apache.tools.ant.taskdefs.email.MimeMailer.SimpleAuthenticator,6.746355705925321e-07
org.apache.tools.ant.taskdefs.Execute.VmsCommandLauncher,0.0
org.apache.tools.ant.taskdefs.Filter,0.0
org.apache.tools.ant.taskdefs.cvslib.ChangeLogParser,3.666671655106758e-05
org.apache.tools.ant.taskdefs.email.UUMailer,0.0
org.apache.tools.ant.taskdefs.Javadoc.JavadocOutputStream,0.0015912613058743261
org.apache.tools.ant.types.CommandlineJava.SysProperties,0.0008700734159708143
org.apache.tools.ant.taskdefs.optional.ide.VAJTask.VAJLocalToolUtil,0.0
org.apache.tools.ant.taskdefs.optional.jlink.jlink,5.8416513810848135e-05
org.apache.tools.ant.taskdefs.ImportTask,0.0
org.apache.tools.ant.taskdefs.compilers.Javac13,0.0
org.apache.tools.ant.taskdefs.SQLExec.DelimiterType,8.088558615002688e-05
org.apache.tools.ant.taskdefs.cvslib.CVSEntry,0.0003183332165295441
org.apache.tools.ant.taskdefs.Redirector,0.008916473061419296
org.apache.tools.ant.taskdefs.optional.vss.MSVSSConstants,0.00014716610171472188
org.apache.tools.ant.taskdefs.optional.j2ee.AbstractHotDeploymentTool,0.0002996586051832837
org.apache.tools.ant.BuildListener,0.0014851371469668689
org.apache.tools.ant.types.selectors.modifiedselector.ModifiedSelector.CacheName,4.6080687982290386e-05
org.apache.tools.ant.taskdefs.optional.net.SetProxy,0.0
org.apache.tools.ant.filters.TokenFilter.StringTokenizer,8.074347627950825e-09
org.apache.tools.ant.listener.MailLogger,0.0
org.apache.tools.ant.Project.AntRefTable,0.00011536895868415415
org.apache.tools.ant.types.CommandlineJava,0.023722564929860718
org.apache.tools.ant.taskdefs.optional.junit.FormatterElement.TypeAttribute,4.88793587824337e-06
org.apache.tools.ant.taskdefs.optional.ide.VAJToolsServlet.VAJLocalServletUtil,0.0
org.apache.tools.ant.taskdefs.optional.Javah,0.0
org.apache.tools.ant.ComponentHelper,0.003582040411599405
org.apache.tools.ant.taskdefs.optional.perforce.P4OutputHandler,0.0
org.apache.tools.ant.helper.ProjectHelperImpl,0.00014961706335255684
org.apache.tools.ant.types.selectors.modifiedselector.DigestAlgorithm,0.0
org.apache.tools.ant.util.regexp.Jdk14RegexpRegexp,0.0
org.apache.tools.ant.taskdefs.optional.junit.SummaryJUnitResultFormatter,0.00116157741109606
org.apache.tools.ant.taskdefs.Javac.ImplementationSpecificArgument,0.0002552071412727317
org.apache.tools.ant.taskdefs.XSLTLiaison,0.0009103408521252823
org.apache.tools.ant.taskdefs.Zip.WhenEmpty,0.000274918971794144
org.apache.tools.ant.types.selectors.MajoritySelector,0.00025297830693907225
org.apache.tools.ant.taskdefs.optional.vss.MSVSSLABEL,0.0
org.apache.tools.ant.util.StringUtils,0.000341301673713048
org.apache.tools.ant.taskdefs.optional.ide.VAJTask,9.195595646227227e-05
org.apache.tools.ant.taskdefs.cvslib.CvsUser,0.0001090918383738809
org.apache.tools.ant.taskdefs.Pack,1.9746109701433356e-05
org.apache.tools.ant.util.MergingMapper,0.0003159307434316384
org.apache.tools.ant.taskdefs.optional.EchoProperties.FormatAttribute,0.00010635363060070275
org.apache.tools.ant.taskdefs.War,0.0
org.apache.tools.ant.taskdefs.optional.dotnet.DotnetCompile,6.86979290207956e-06
org.apache.tools.ant.types.FilterSet.Filter,0.00016861726831808078
org.apache.tools.zip.ZipFile,0.00034824816536360373
org.apache.tools.ant.taskdefs.optional.sitraka.bytecode.NullLoader,1.1556038228706329e-69
org.apache.tools.ant.BuildEvent,0.0023610171595416546
org.apache.tools.ant.taskdefs.optional.ide.VAJWorkspaceScanner,1.9217993228064845e-06
org.apache.tools.ant.taskdefs.Execute.Java11CommandLauncher,0.0
org.apache.tools.ant.filters.TailFilter,6.852397070071209e-06
org.apache.tools.ant.util.PackageNameMapper,0.0
org.apache.tools.ant.types.XMLCatalog.InternalResolver,0.00022016262585315837
org.apache.tools.ant.taskdefs.optional.extension.JarLibManifestTask,0.0
org.apache.tools.ant.types.DirSet,0.002421768173322749
org.apache.tools.ant.taskdefs.optional.ssh.AbstractSshMessage,4.6541397436413015e-07
org.apache.tools.ant.DefaultLogger,0.000782209515804156
org.apache.tools.ant.util.Tokenizer,1.7624133463170436e-05
org.apache.tools.ant.taskdefs.Javadoc.DocletParam,0.0006367328344239997
org.apache.tools.ant.util.regexp.RegexpFactory,2.6272601855950303e-05
org.apache.tools.ant.util.LineTokenizer,9.333619854262439e-05
org.apache.tools.ant.taskdefs.cvslib.CvsTagEntry,0.0003614659862355776
org.apache.tools.ant.taskdefs.optional.depend.constantpool.ConstantPoolEntry,2.0777678409300395e-08
org.apache.tools.ant.taskdefs.ExecuteWatchdog,0.0015260630417298323
org.apache.tools.zip.UnixStat,1.8994135345607368e-09
org.apache.tools.ant.taskdefs.optional.net.RExecTask.RExecRead,0.0
org.apache.tools.ant.taskdefs.optional.ejb.IPlanetEjbc.EjbInfo,4.369453597699117e-08
org.apache.tools.ant.filters.StripLineBreaks,6.852397070071209e-06
org.apache.tools.ant.taskdefs.optional.extension.ExtensionUtil,0.00021085963168939687
org.apache.tools.ant.taskdefs.Exec.StreamPumper,0.0004959277174058617
org.apache.tools.ant.util.DOMElementWriter,1.0934186318050424e-05
org.apache.tools.ant.taskdefs.Rmic.ImplementationSpecificArgument,0.00020900486387158347
org.apache.tools.ant.taskdefs.optional.junit.Enumerations,0.000703136927327692
org.apache.tools.ant.taskdefs.Property,0.0026980943446972645
org.apache.tools.ant.types.selectors.ContainsSelector,0.00025297830693907225
org.apache.tools.ant.taskdefs.optional.dotnet.DotnetDefine,9.695279936815674e-05
org.apache.tools.ant.taskdefs.optional.extension.resolvers.URLResolver,8.489125828285203e-05
org.apache.tools.ant.taskdefs.JikesOutputParser,1.007199287088572e-05
org.apache.tools.ant.taskdefs.optional.sitraka.bytecode.ClassPathLoader.LoaderEnumeration,0.0
org.apache.tools.ant.taskdefs.optional.ide.VAJLoad,5.6892689834615305e-84
org.apache.tools.ant.taskdefs.compilers.DefaultCompilerAdapter,0.0009513351497531026
org.apache.tools.ant.util.KeepAliveInputStream,1.0724093769651693e-06
org.apache.tools.ant.types.Path.PathElement,0.0007631746022012775
org.apache.tools.ant.taskdefs.optional.starteam.StarTeamList,0.0
org.apache.tools.ant.taskdefs.optional.TraXLiaison,0.0
org.apache.tools.ant.taskdefs.optional.net.RExecTask.RExecSubTask,4.632258626085756e-05
org.apache.tools.ant.taskdefs.optional.ccm.CCMCheckout,0.0
org.apache.tools.ant.taskdefs.optional.sitraka.bytecode.ClassPathLoader,2.816886396702259e-05
org.apache.tools.ant.types.optional.image.TransformOperation,1.435486361635244e-05
org.apache.tools.ant.types.optional.depend.ClassfileSet.ClassRoot,7.904994102995706e-06
org.apache.tools.ant.taskdefs.ExecuteJava,0.00020640151033518968
org.apache.tools.ant.util.facade.ImplementationSpecificArgument,0.00039808150772021916
org.apache.tools.ant.taskdefs.Execute,0.01067751613148656
org.apache.tools.ant.taskdefs.optional.ssh.SSHExec,0.0
org.apache.tools.ant.taskdefs.PreSetDef.PreSetDefinition,0.00039306234389780955
org.apache.tools.ant.taskdefs.Execute.ScriptCommandLauncher,0.0
org.apache.tools.ant.taskdefs.rmic.DefaultRmicAdapter,0.0005928418697278707
org.apache.tools.ant.filters.LineContains.Contains,1.1432722079754546e-08
org.apache.tools.ant.filters.StripJavaComments,6.852397070071209e-06
org.apache.tools.ant.taskdefs.optional.Script,0.0
org.apache.tools.ant.taskdefs.FixCRLF.OneLiner.BufferLine,0.0001993753966621683
org.apache.tools.ant.types.resolver.ApacheCatalog,2.2662558654750205e-07
org.apache.tools.ant.taskdefs.optional.jsp.JspMangler,0.0004961483457411408
org.apache.tools.ant.taskdefs.optional.clearcase.CCUpdate,0.0
org.apache.tools.ant.DirectoryScanner,0.00679677377585833
org.apache.tools.ant.util.ResourceUtils,0.00027575520461312433
org.apache.tools.ant.taskdefs.optional.NetRexxC.TraceAttr,0.0006827193720051358
org.apache.tools.ant.IntrospectionHelper.NestedCreator,0.00030901560826166564
org.apache.tools.ant.taskdefs.optional.ejb.EjbJar.CMPVersion,3.928685799647112e-05
org.apache.tools.ant.types.optional.image.DrawOperation,1.6769541482068868e-05
org.apache.tools.ant.PathTokenizer,0.000470222127227602
org.apache.tools.ant.util.depend.bcel.FullAnalyzer,0.0
org.apache.tools.ant.taskdefs.optional.perforce.P4Change,0.0
org.apache.tools.ant.taskdefs.optional.script.ScriptDef.Attribute,9.428571992435271e-05
org.apache.tools.ant.taskdefs.optional.ejb.EjbJar.NamingScheme,4.007728759125331e-05
org.apache.tools.ant.taskdefs.optional.junit.AggregateTransformer,0.00024875509199559216
org.apache.tools.ant.taskdefs.optional.sitraka.ReportFilters,0.00012746661237816086
org.apache.tools.ant.taskdefs.optional.unix.Chgrp,0.0
org.apache.tools.ant.types.selectors.NoneSelector,0.0002530213463517668
org.apache.tools.ant.XmlLogger,0.0
org.apache.tools.ant.taskdefs.optional.ide.VAJToolsServlet,1.1525870410433198e-07
org.apache.tools.ant.Location,0.000540595462550665
org.apache.tools.tar.TarBuffer,8.233515605311544e-07
org.apache.tools.ant.taskdefs.optional.ejb.IPlanetEjbc.EjbcHandler,3.967192142053989e-08
org.apache.tools.ant.types.optional.depend.DependScanner,1.9762485257489263e-05
org.apache.tools.ant.taskdefs.optional.jsp.JspC,0.000324350927153427
org.apache.tools.ant.taskdefs.optional.metamata.AbstractMetamataTask,0.0004156810087301384
org.apache.tools.ant.taskdefs.optional.clearcase.CCMkelem,0.0
org.apache.tools.ant.filters.PrefixLines,6.852397070071209e-06
org.apache.tools.ant.helper.AntXMLContext,0.00017942346453551794
org.apache.tools.ant.taskdefs.optional.vss.MSVSS,0.0019005460695631872
org.apache.tools.ant.taskdefs.optional.net.FTP.FTPDirectoryScanner.AntFTPFile,2.4704263463577854e-05
org.apache.tools.ant.taskdefs.optional.dotnet.Ilasm.TargetTypes,7.029769940012359e-06
org.apache.tools.ant.types.selectors.NotSelector,0.00025297830693907225
org.apache.tools.ant.PropertyHelper,0.0025261672010219397
org.apache.tools.ant.util.optional.WeakishReference12,0.0
org.apache.tools.ant.types.selectors.DependSelector,0.00025297830693907225
org.apache.tools.ant.taskdefs.optional.ejb.WebsphereDeploymentTool,6.875200149382447e-05
org.apache.tools.ant.taskdefs.PreSetDef,0.0
org.apache.tools.ant.taskdefs.optional.extension.Compatibility,1.1744210432893073e-07
org.apache.tools.ant.taskdefs.optional.sitraka.Filters.Include,4.5521839601578774e-85
org.apache.tools.ant.taskdefs.optional.metamata.MMetricsStreamHandler.ElementEntry,8.458092615457464e-05
org.apache.tools.ant.taskdefs.MacroDef.Attribute,8.056515965928877e-05
org.apache.tools.ant.helper.ProjectHelperImpl.RootHandler,1.8991252871681993e-05
org.apache.tools.ant.taskdefs.optional.dotnet.Ilasm,0.0
org.apache.tools.ant.filters.ReplaceTokens.Token,9.347855546350752e-09
org.apache.tools.ant.taskdefs.optional.depend.constantpool.ClassCPInfo,8.267708781456758e-08
org.apache.tools.ant.taskdefs.Java,0.0014676169095182562
org.apache.tools.ant.filters.TokenFilter.Trim,6.8604714176991585e-06
org.apache.tools.ant.taskdefs.optional.ide.VAJAntTool,1.7508266147861846e-08
org.apache.tools.ant.taskdefs.optional.junit.BatchTest,0.001219656281650863
org.apache.tools.bzip2.CBZip2OutputStream.StackElem,1.0543921914050403e-52
org.apache.tools.ant.taskdefs.condition.Os,0.0013941792839783323
org.apache.tools.ant.taskdefs.optional.sitraka.Coverage.Javavm,5.629392883471156e-05
org.apache.tools.ant.taskdefs.compilers.Sj,0.0
org.apache.tools.ant.taskdefs.optional.jlink.JlinkTask,0.0
org.apache.tools.ant.taskdefs.email.EmailTask.Encoding,0.00010551816401416319
org.apache.tools.ant.taskdefs.optional.sitraka.bytecode.ClassPathLoader.FileLoader,2.255437126658676e-05
org.apache.tools.ant.types.Substitution,0.0006890195663262958
org.apache.tools.ant.taskdefs.optional.RenameExtensions,0.0
org.apache.tools.ant.taskdefs.optional.dotnet.DotnetCompile.TargetTypes,3.231759978938559e-05
org.apache.tools.ant.taskdefs.Replace,0.0
org.apache.tools.ant.taskdefs.optional.jlink.ClassNameReader,7.81927175107662e-73
org.apache.tools.ant.taskdefs.optional.clearcase.CCLock,0.0
org.apache.tools.ant.types.selectors.SelectorScanner,0.0002116218218306697
org.apache.tools.ant.taskdefs.AntlibDefinition,0.0007745060920438028
org.apache.tools.ant.taskdefs.optional.perforce.P4Integrate,0.0
org.apache.tools.ant.taskdefs.optional.sitraka.CovReport,3.699574824717318e-05
org.apache.tools.ant.taskdefs.optional.ide.VAJAntToolGUI.PrivateEventHandler,8.754133073930923e-09
org.apache.tools.ant.taskdefs.cvslib.ChangeLogWriter,3.636394612462697e-05
org.apache.tools.ant.taskdefs.rmic.SunRmic,0.0
org.apache.tools.ant.util.ClasspathUtils.Delegate,0.00019759629181191954
org.apache.tools.ant.util.regexp.Jdk14RegexpMatcher,2.129514060793282e-06
org.apache.tools.ant.Project,0.09438836550027041
org.apache.tools.ant.taskdefs.SQLExec,0.0
org.apache.tools.ant.taskdefs.optional.perforce.P4Handler,0.00010780730433513956
org.apache.tools.ant.taskdefs.compilers.Jvc,0.0
org.apache.tools.ant.listener.CommonsLoggingListener,0.0
