class_name,WD-InDeg
org.apache.tools.ant.filters.StripLineComments,0.010752688172043012
org.apache.tools.ant.filters.BaseFilterReader,0.693548387096774
org.apache.tools.ant.util.UnPackageNameMapper,0
org.apache.tools.ant.taskdefs.optional.vss.MSVSS.CurrentModUpdated,0.040322580645161296
org.apache.tools.ant.taskdefs.optional.ejb.EjbJar,0.056451612903225805
org.apache.tools.ant.taskdefs.optional.Rpm,0
org.apache.tools.ant.taskdefs.optional.j2ee.GenericHotDeploymentTool,0.07526881720430108
org.apache.tools.ant.filters.ConcatFilter,0
org.apache.tools.ant.taskdefs.optional.dotnet.VisualBasicCompile,0
org.apache.tools.ant.taskdefs.DefaultExcludes,0
org.apache.tools.ant.util.ScriptRunner,0.31720430107526876
org.apache.tools.ant.filters.util.ChainReaderHelper,0.05376344086021506
org.apache.tools.ant.types.XMLCatalog.ExternalResolver,0.016129032258064516
org.apache.tools.ant.taskdefs.optional.script.ScriptDef.NestedElement,0.053763440860215055
org.apache.tools.ant.DemuxOutputStream,0.03225806451612903
org.apache.tools.ant.taskdefs.rmic.RmicAdapterFactory,0.016129032258064516
org.apache.tools.ant.taskdefs.Definer.OnError,0.010752688172043012
org.apache.tools.ant.taskdefs.optional.perforce.P4Sync,0
org.apache.tools.ant.types.selectors.TypeSelector,0.043010752688172046
org.apache.tools.ant.types.selectors.DateSelector.TimeComparisons,0.021505376344086023
org.apache.tools.ant.types.Commandline.Argument,1.8387096774193548
org.apache.tools.ant.taskdefs.GenerateKey.DistinguishedName,0.016129032258064516
org.apache.tools.ant.filters.StripLineComments.Comment,0.010752688172043012
org.apache.tools.ant.taskdefs.MatchingTask,0.7903225806451608
org.apache.tools.ant.taskdefs.Execute.MacCommandLauncher,0
org.apache.tools.ant.taskdefs.FixCRLF.OneLiner,0.0913978494623656
org.apache.tools.ant.types.selectors.OrSelector,0.05376344086021506
org.apache.tools.ant.util.DateUtils,0.12903225806451613
org.apache.tools.ant.TypeAdapter,0.08870967741935484
org.apache.tools.ant.taskdefs.optional.ccm.CCMCreateTask,0
org.apache.tools.ant.taskdefs.optional.metamata.MMetricsStreamHandler,0.016129032258064516
org.apache.tools.ant.types.selectors.DepthSelector,0.05376344086021506
org.apache.tools.ant.Diagnostics,0.03225806451612903
org.apache.tools.ant.taskdefs.LogStreamHandler,0.35483870967741926
org.apache.tools.ant.taskdefs.BZip2,0
org.apache.tools.ant.types.XMLCatalog,0.13978494623655915
org.apache.tools.ant.taskdefs.optional.TraXLiaison,0
org.apache.tools.ant.taskdefs.optional.image.Image,0
org.apache.tools.ant.taskdefs.optional.sitraka.bytecode.Utils,0.1774193548387097
org.apache.tools.ant.taskdefs.optional.extension.JarLibAvailableTask,0
org.apache.tools.ant.taskdefs.optional.Test.TestletEntry,0.01881720430107527
org.apache.tools.ant.taskdefs.optional.net.TelnetTask.AntTelnetClient,0.12096774193548389
org.apache.tools.ant.filters.TokenFilter,0.03763440860215054
org.apache.tools.ant.taskdefs.optional.junit.DOMUtil.NodeFilter,0.010752688172043012
org.apache.tools.ant.types.Assertions,0.08064516129032259
org.apache.tools.ant.util.CollectionUtils.EmptyEnumeration,0
org.apache.tools.ant.taskdefs.optional.PropertyFile.Entry.Operation,0.026881720430107527
org.apache.tools.ant.types.selectors.BaseExtendSelector,0.12903225806451613
org.apache.tools.ant.taskdefs.optional.net.RExecTask,0
org.apache.tools.ant.taskdefs.optional.ide.VAJTask,0.0967741935483871
org.apache.tools.tar.TarConstants,0.01881720430107527
org.apache.tools.ant.taskdefs.AntStructure,0
org.apache.tools.ant.taskdefs.XmlProperty,0
org.apache.tools.ant.helper.ProjectHelperImpl.ProjectHandler,0.016129032258064516
org.apache.tools.ant.taskdefs.optional.ssh.Scp,0
org.apache.tools.ant.taskdefs.optional.sitraka.Coverage,0
org.apache.tools.ant.taskdefs.Copydir,0
org.apache.tools.ant.taskdefs.optional.extension.Compatability,0
org.apache.tools.ant.taskdefs.optional.sitraka.CovBase,0.3548387096774194
org.apache.tools.ant.input.PropertyFileInputHandler,0
org.apache.tools.ant.taskdefs.optional.extension.Specification,0.056451612903225805
org.apache.tools.ant.taskdefs.FixCRLF.AddAsisRemove,0.03225806451612903
org.apache.tools.ant.DemuxInputStream,0.016129032258064516
org.apache.tools.ant.taskdefs.optional.perforce.P4Submit,0
org.apache.tools.ant.taskdefs.TaskOutputStream,0
org.apache.tools.ant.taskdefs.UpToDate,0.010752688172043012
org.apache.tools.ant.helper.ProjectHelperImpl.AbstractHandler,0.0967741935483871
org.apache.tools.ant.taskdefs.Rename,0
org.apache.tools.ant.taskdefs.optional.script.ScriptDef.Attribute,0.03225806451612903
org.apache.tools.ant.taskdefs.optional.depend.constantpool.NameAndTypeCPInfo,0.11827956989247312
org.apache.tools.ant.taskdefs.optional.IContract,0
org.apache.tools.ant.taskdefs.optional.sos.SOS,0.6935483870967742
org.apache.tools.ant.filters.ChainableReader,0.33064516129032256
org.apache.tools.ant.taskdefs.optional.ejb.DDCreatorHelper,0
org.apache.tools.ant.taskdefs.optional.sitraka.XMLReport,0.026881720430107527
org.apache.tools.ant.taskdefs.optional.ssh.LogListener,0.06989247311827958
org.apache.tools.ant.taskdefs.Typedef,0.026881720430107527
org.apache.tools.ant.types.Environment.Variable,0.18279569892473116
org.apache.tools.ant.taskdefs.optional.ssh.ScpToMessage,0.021505376344086023
org.apache.tools.ant.taskdefs.optional.starteam.TreeBasedTask.UnmatchedFileMap,0.11021505376344087
org.apache.tools.ant.taskdefs.optional.ejb.BorlandGenerateClient,0.010752688172043012
org.apache.tools.ant.taskdefs.optional.IContract.ClasspathHelper,0.026881720430107527
org.apache.tools.ant.taskdefs.optional.PropertyFile.Entry.Type,0.026881720430107527
org.apache.tools.ant.taskdefs.optional.Javah.ClassArgument,0.056451612903225805
org.apache.tools.ant.filters.TokenFilter.Filter,0.08870967741935483
org.apache.tools.ant.taskdefs.optional.vss.MSVSSCREATE,0
org.apache.tools.ant.taskdefs.BuildNumber,0
org.apache.tools.ant.taskdefs.optional.pvcs.Pvcs,0
org.apache.tools.ant.taskdefs.optional.junit.JUnitResultFormatter,0.16666666666666669
org.apache.tools.ant.types.FilterSet.Filter,0.06451612903225806
org.apache.tools.ant.taskdefs.optional.unix.Chgrp,0
org.apache.tools.ant.taskdefs.optional.dotnet.JSharp,0
org.apache.tools.ant.taskdefs.optional.clearcase.CCMklbtype,0
org.apache.tools.ant.types.selectors.PresentSelector,0.05376344086021506
org.apache.tools.ant.taskdefs.optional.ccm.CCMCheck,0.08064516129032258
org.apache.tools.ant.taskdefs.optional.javacc.JJDoc,0
org.apache.tools.ant.taskdefs.optional.ssh.ScpFromMessage,0.026881720430107527
org.apache.tools.ant.taskdefs.optional.depend.constantpool.ClassCPInfo,0.16129032258064518
org.apache.tools.ant.taskdefs.optional.extension.resolvers.AntResolver,0.010752688172043012
org.apache.tools.ant.util.GlobPatternMapper,0.05376344086021506
org.apache.tools.ant.taskdefs.optional.sitraka.Coverage.Finalsnapshot,0
org.apache.tools.ant.taskdefs.optional.depend.constantpool.DoubleCPInfo,0.03225806451612903
org.apache.tools.ant.taskdefs.MacroDef.TemplateElement,0.03225806451612903
org.apache.tools.ant.taskdefs.optional.sitraka.ReportFilters.Exclude,0.010752688172043012
org.apache.tools.bzip2.BZip2Constants,0.03763440860215054
org.apache.tools.ant.taskdefs.condition.And,0.010752688172043012
org.apache.tools.ant.taskdefs.optional.ejb.WeblogicDeploymentTool,0.03494623655913978
org.apache.tools.ant.taskdefs.condition.IsFalse,0.010752688172043012
org.apache.tools.ant.types.Reference,1.0215053763440858
org.apache.tools.ant.taskdefs.optional.perforce.P4Labelsync,0
org.apache.tools.ant.taskdefs.Execute.Java13CommandLauncher,0.016129032258064516
org.apache.tools.ant.taskdefs.LogOutputStream,0.3709677419354838
org.apache.tools.ant.taskdefs.optional.j2ee.HotDeploymentTool,0.07795698924731183
org.apache.tools.ant.taskdefs.Sync,0
org.apache.tools.ant.taskdefs.SubAnt,0
org.apache.tools.ant.taskdefs.ExecuteJava,0.010752688172043012
org.apache.tools.ant.launch.LaunchException,0.051075268817204304
org.apache.tools.ant.helper.ProjectHelper2.MainHandler,0
org.apache.tools.ant.taskdefs.optional.depend.constantpool.LongCPInfo,0.03225806451612903
org.apache.tools.ant.types.XMLCatalog.CatalogResolver,0.10483870967741934
org.apache.tools.ant.taskdefs.Zip.ArchiveState,0.12365591397849462
org.apache.tools.ant.taskdefs.Execute.OS2CommandLauncher,0
org.apache.tools.ant.helper.ProjectHelper2.AntHandler,0.26881720430107525
org.apache.tools.ant.taskdefs.MacroDef,0.1827956989247312
org.apache.tools.ant.taskdefs.optional.sos.SOSCmd,0.01881720430107527
org.apache.tools.ant.taskdefs.Touch,0
org.apache.tools.ant.taskdefs.optional.ejb.GenericDeploymentTool,2.5913978494623655
org.apache.tools.ant.util.PackageNameMapper,0
org.apache.tools.ant.taskdefs.optional.sitraka.bytecode.DirectoryLoader,0.016129032258064516
org.apache.tools.mail.MailPrintStream,0.04032258064516129
org.apache.tools.ant.taskdefs.optional.depend.ClassFileIterator,0.03763440860215054
org.apache.tools.ant.taskdefs.optional.ejb.WLStop,0
org.apache.tools.ant.taskdefs.optional.junit.JUnitTest,0.47580645161290325
org.apache.tools.ant.taskdefs.cvslib.ChangeLogTask,0
org.apache.tools.ant.taskdefs.optional.starteam.TreeBasedTask,1.0806451612903225
org.apache.tools.ant.taskdefs.optional.depend.ClassFile,0.07795698924731183
org.apache.tools.ant.taskdefs.optional.net.TelnetTask.TelnetSubTask,0.11290322580645161
org.apache.tools.ant.taskdefs.optional.sos.SOSLabel,0
org.apache.tools.ant.taskdefs.optional.ide.VAJBuildInfo.InterruptedChecker,0.026881720430107527
org.apache.tools.ant.taskdefs.optional.ejb.DescriptorHandler,0.24462365591397853
org.apache.tools.ant.XmlLogger.TimedElement,0.1774193548387097
org.apache.tools.ant.taskdefs.Get.Base64Converter,0.010752688172043012
org.apache.tools.ant.types.selectors.AndSelector,0.05376344086021506
org.apache.tools.ant.taskdefs.XSLTLiaison2,0.01881720430107527
org.apache.tools.ant.taskdefs.optional.ejb.WLRun,0
org.apache.tools.ant.taskdefs.optional.jsp.compilers.JasperC,0.03225806451612903
org.apache.tools.ant.taskdefs.Manifest.Section,0.32526881720430106
org.apache.tools.ant.taskdefs.optional.net.RExecTask.AntRExecClient,0.13709677419354838
org.apache.tools.ant.input.DefaultInputHandler,0.03225806451612903
org.apache.tools.ant.types.Permissions,0.19354838709677422
org.apache.tools.ant.taskdefs.Tar,0
org.apache.tools.ant.taskdefs.XSLTProcess.Factory.Attribute,0.010752688172043012
org.apache.tools.ant.ExitException,0.043010752688172046
org.apache.tools.ant.types.selectors.TypeSelector.FileType,0.021505376344086023
org.apache.tools.ant.taskdefs.optional.junit.DOMUtil.NodeListImpl,0.010752688172043012
org.apache.tools.ant.XmlLogger,0
org.apache.tools.ant.TaskAdapter,0.03225806451612903
org.apache.tools.ant.types.selectors.modifiedselector.ModifiedSelector.AlgorithmName,0.02956989247311828
org.apache.tools.ant.taskdefs.optional.sitraka.bytecode.DirectoryFilter,0
org.apache.tools.ant.types.Parameter,0.4059139784946236
org.apache.tools.ant.types.optional.image.BasicShape,0.04838709677419355
org.apache.tools.ant.types.selectors.ContainsRegexpSelector,0.05376344086021506
org.apache.tools.ant.taskdefs.Available,0.010752688172043012
org.apache.tools.ant.taskdefs.Unpack,0.03225806451612903
org.apache.tools.ant.taskdefs.condition.Condition,0.3978494623655913
org.apache.tools.ant.types.selectors.FileSelector,0.2983870967741935
org.apache.tools.ant.taskdefs.MacroInstance.Element,0.043010752688172046
org.apache.tools.ant.taskdefs.XSLTLoggerAware,0.01881720430107527
org.apache.tools.ant.taskdefs.optional.ejb.InnerClassFilenameFilter,0.026881720430107527
org.apache.tools.ant.taskdefs.optional.ide.VAJExport,0
org.apache.tools.ant.types.optional.ScriptFilter,0
org.apache.tools.ant.taskdefs.optional.starteam.StarTeamCheckout,0
org.apache.tools.ant.taskdefs.Antlib,0.026881720430107527
org.apache.tools.ant.Main,0.016129032258064516
org.apache.tools.ant.types.ResourceLocation,0.1747311827956989
org.apache.tools.ant.taskdefs.optional.ide.VAJAntTool,0.016129032258064516
org.apache.tools.ant.taskdefs.optional.extension.JarLibResolveTask,0
org.apache.tools.ant.types.selectors.SelectorContainer,0.05645161290322581
org.apache.tools.zip.AsiExtraField,0
org.apache.tools.ant.taskdefs.ConditionTask,0
org.apache.tools.ant.taskdefs.XSLTProcess.Param,0.04032258064516129
org.apache.tools.ant.taskdefs.condition.ConditionBase,0.25806451612903225
org.apache.tools.ant.taskdefs.Chmod,0
org.apache.tools.ant.types.selectors.modifiedselector.ModifiedSelector,0.05376344086021506
org.apache.tools.ant.taskdefs.optional.PropertyFile,0
org.apache.tools.ant.taskdefs.optional.net.FTP.FTPDirectoryScanner,0.016129032258064516
org.apache.tools.ant.taskdefs.optional.vss.MSVSSHISTORY,0
org.apache.tools.ant.taskdefs.CVSPass,0
org.apache.tools.ant.taskdefs.ManifestTask,0
org.apache.tools.ant.taskdefs.PathConvert.TargetOs,0.021505376344086023
org.apache.tools.ant.taskdefs.PathConvert.MapEntry,0.04032258064516129
org.apache.tools.ant.taskdefs.ExecuteOn.FileDirBoth,0.010752688172043012
org.apache.tools.ant.taskdefs.optional.junit.JUnitTask,0
org.apache.tools.ant.taskdefs.Copy,0.3548387096774194
org.apache.tools.ant.taskdefs.Mkdir,0.021505376344086023
org.apache.tools.ant.types.Permissions.MySM,0
org.apache.tools.ant.taskdefs.optional.Cab,0
org.apache.tools.ant.Target,0.8467741935483869
org.apache.tools.ant.taskdefs.optional.XMLValidateTask.Attribute,0.04032258064516129
org.apache.tools.ant.types.selectors.DifferentSelector,0.043010752688172046
org.apache.tools.ant.util.depend.bcel.DependencyVisitor,0.010752688172043012
org.apache.tools.ant.taskdefs.Execute.WinNTCommandLauncher,0
org.apache.tools.ant.taskdefs.optional.extension.JarLibDisplayTask,0
org.apache.tools.ant.taskdefs.optional.ssh.SSHBase,0.3709677419354839
org.apache.tools.ant.types.selectors.SizeSelector,0.05376344086021506
org.apache.tools.ant.taskdefs.optional.ide.VAJImport.LocalDirectoryScanner,0.010752688172043012
org.apache.tools.ant.filters.HeadFilter,0.010752688172043012
org.apache.tools.ant.taskdefs.compilers.Gcj,0
org.apache.tools.ant.taskdefs.rmic.RmicAdapter,0.05645161290322581
org.apache.tools.ant.helper.ProjectHelper2.TargetHandler,0
org.apache.tools.ant.taskdefs.ProcessDestroyer,0.07258064516129031
org.apache.tools.ant.taskdefs.optional.Native2Ascii,0
org.apache.tools.ant.taskdefs.optional.ide.VAJBuildInfo,0.2876344086021505
org.apache.tools.ant.taskdefs.optional.depend.Depend.ClassFileInfo,0.16129032258064516
org.apache.tools.ant.taskdefs.ExecuteWatchdog,0.1586021505376344
org.apache.tools.ant.taskdefs.Concat.TextElement,0.13440860215053763
org.apache.tools.ant.taskdefs.XSLTProcess.Factory,0.03494623655913978
org.apache.tools.ant.taskdefs.optional.extension.ExtensionAdapter,0.08870967741935484
org.apache.tools.ant.taskdefs.optional.depend.constantpool.FloatCPInfo,0.03225806451612903
org.apache.tools.ant.taskdefs.optional.net.FTP.FTPDirectoryScanner.AntFTPRootFile,0.016129032258064516
org.apache.tools.ant.taskdefs.Concat.MultiReader,0
org.apache.tools.ant.util.KeepAliveOutputStream,0
org.apache.tools.ant.taskdefs.optional.sitraka.Filters.Exclude,0.010752688172043012
org.apache.tools.ant.util.JavaEnvUtils,0.7903225806451611
org.apache.tools.ant.util.regexp.RegexpUtil,0.2096774193548387
org.apache.tools.ant.types.FilterSetCollection,0.20698924731182797
org.apache.tools.ant.types.optional.image.Ellipse,0.010752688172043012
org.apache.tools.ant.taskdefs.optional.dotnet.CSharp,0
org.apache.tools.ant.taskdefs.optional.ejb.EjbcHelper,0
org.apache.tools.ant.taskdefs.Echo.EchoLevel,0.010752688172043012
org.apache.tools.ant.taskdefs.optional.perforce.FStatP4OutputHandler,0.056451612903225805
org.apache.tools.ant.listener.AnsiColorLogger,0
org.apache.tools.ant.taskdefs.Recorder.ActionChoices,0.010752688172043012
org.apache.tools.ant.taskdefs.optional.sitraka.Coverage.CoverageStreamHandler,0.016129032258064516
org.apache.tools.ant.RuntimeConfigurable,0.6801075268817205
org.apache.tools.tar.TarUtils,0.43548387096774194
org.apache.tools.ant.Task,22.45698924731185
org.apache.tools.ant.taskdefs.Rmic.ImplementationSpecificArgument,0.01881720430107527
org.apache.tools.ant.types.optional.image.Rectangle,0.03225806451612903
org.apache.tools.ant.taskdefs.optional.clearcase.CCLock,0
org.apache.tools.ant.taskdefs.Exec,0
org.apache.tools.ant.IntrospectionHelper.AttributeSetter,0.04032258064516129
org.apache.tools.ant.taskdefs.optional.EchoProperties,0
org.apache.tools.ant.taskdefs.optional.dotnet.DotnetCompile.TargetTypes,0.010752688172043012
org.apache.tools.bzip2.CBZip2OutputStream.StackElem,0.010752688172043012
org.apache.tools.ant.types.selectors.modifiedselector.Algorithm,0.08602150537634409
org.apache.tools.ant.taskdefs.optional.junit.BaseTest,0.16129032258064516
org.apache.tools.ant.taskdefs.Tstamp.Unit,0.03763440860215054
org.apache.tools.ant.taskdefs.Rmic,0.5376344086021505
org.apache.tools.ant.taskdefs.optional.depend.DirectoryIterator,0
org.apache.tools.ant.types.optional.image.Draw,0.021505376344086023
org.apache.tools.ant.taskdefs.Javadoc.AccessType,0.010752688172043012
org.apache.tools.ant.types.FilterSet,0.1801075268817204
org.apache.tools.ant.taskdefs.SignJar,0
org.apache.tools.ant.taskdefs.optional.sitraka.bytecode.JarLoader,0.016129032258064516
org.apache.tools.ant.taskdefs.cvslib.RCSFile,0.053763440860215055
org.apache.tools.ant.taskdefs.optional.depend.Depend,0
org.apache.tools.ant.types.ZipFileSet,0.22580645161290322
org.apache.tools.ant.taskdefs.optional.depend.constantpool.StringCPInfo,0.03225806451612903
org.apache.tools.ant.util.regexp.JakartaRegexpMatcher,0.04838709677419355
org.apache.tools.zip.UnrecognizedExtraField,0.010752688172043012
org.apache.tools.ant.taskdefs.cvslib.CvsTagDiff,0
org.apache.tools.ant.types.Description,0.016129032258064516
org.apache.tools.ant.taskdefs.Javadoc,0
org.apache.tools.ant.taskdefs.optional.sitraka.Filters,0.03225806451612903
org.apache.tools.ant.taskdefs.optional.starteam.StarTeamCheckin,0.016129032258064516
org.apache.tools.ant.TaskContainer,0.206989247311828
org.apache.tools.ant.taskdefs.optional.junit.BriefJUnitResultFormatter,0
org.apache.tools.ant.taskdefs.cvslib.CvsVersion,0.010752688172043012
org.apache.tools.ant.util.regexp.RegexpMatcher,0.25
org.apache.tools.ant.taskdefs.optional.ejb.JonasDeploymentTool,0.01881720430107527
org.apache.tools.ant.input.InputHandler,0.0913978494623656
org.apache.tools.ant.taskdefs.optional.junit.XMLConstants,0.03763440860215054
org.apache.tools.ant.taskdefs.optional.starteam.StarTeamLabel,0
org.apache.tools.ant.taskdefs.optional.perforce.P4Revert,0
org.apache.tools.ant.helper.ProjectHelper2.ProjectHandler,0
org.apache.tools.ant.taskdefs.optional.extension.Extension,0.5134408602150538
org.apache.tools.ant.DemuxOutputStream.BufferInfo,0.08333333333333333
org.apache.tools.ant.taskdefs.optional.sound.SoundTask.BuildAlert,0.12903225806451613
org.apache.tools.ant.taskdefs.cvslib.RedirectingOutputStream,0.016129032258064516
org.apache.tools.ant.taskdefs.optional.perforce.P4Have,0
org.apache.tools.mail.ErrorInQuitException,0.016129032258064516
org.apache.tools.ant.taskdefs.condition.IsReference,0.010752688172043012
org.apache.tools.ant.util.depend.bcel.AncestorAnalyzer,0
org.apache.tools.bzip2.CBZip2OutputStream,0.043010752688172046
org.apache.tools.ant.taskdefs.email.EmailAddress,0.31182795698924737
org.apache.tools.ant.util.TimeoutObserver,0.05913978494623656
org.apache.tools.ant.taskdefs.optional.vss.MSVSSGET,0
org.apache.tools.ant.filters.ReplaceTokens,0.010752688172043012
org.apache.tools.ant.ProjectComponent,12.92741935483873
org.apache.tools.ant.taskdefs.Javac,0.46774193548387094
org.apache.tools.ant.taskdefs.optional.PropertyFile.Entry,0.04032258064516129
org.apache.tools.ant.IntrospectionHelper,0.23118279569892475
org.apache.tools.ant.util.regexp.JakartaOroMatcher,0.03225806451612903
org.apache.tools.ant.taskdefs.optional.NetRexxC,0
org.apache.tools.ant.taskdefs.compilers.CompilerAdapter,0.0456989247311828
org.apache.tools.ant.taskdefs.optional.jsp.WLJspc,0
org.apache.tools.ant.taskdefs.optional.sos.SOSCheckin,0
org.apache.tools.ant.taskdefs.optional.ejb.IPlanetEjbc.RedirectOutput,0.053763440860215055
org.apache.tools.ant.taskdefs.XSLTLiaison,0.1370967741935484
org.apache.tools.ant.taskdefs.Execute.PerlScriptCommandLauncher,0
org.apache.tools.ant.taskdefs.optional.XslpLiaison,0
org.apache.tools.ant.taskdefs.optional.PropertyFile.Unit,0.010752688172043012
org.apache.tools.ant.types.selectors.ExtendFileSelector,0.01881720430107527
org.apache.tools.ant.taskdefs.optional.perforce.P4Resolve,0
org.apache.tools.ant.types.Path,7.989247311827957
org.apache.tools.ant.filters.TokenFilter.ReplaceRegex,0.021505376344086023
org.apache.tools.ant.taskdefs.Javadoc.TagArgument,0.056451612903225805
org.apache.tools.ant.taskdefs.Echo,0
org.apache.tools.ant.taskdefs.optional.dotnet.DotnetBaseMatchingTask,0.12903225806451613
org.apache.tools.ant.taskdefs.optional.ejb.IPlanetEjbcTask,0
org.apache.tools.ant.types.optional.image.Arc,0.010752688172043012
org.apache.tools.ant.taskdefs.optional.depend.constantpool.IntegerCPInfo,0.03225806451612903
org.apache.tools.ant.taskdefs.MacroDef.NestedSequential,0.06451612903225806
org.apache.tools.ant.helper.ProjectHelper2.RootHandler,0.05913978494623656
org.apache.tools.ant.taskdefs.Jar,0.03225806451612903
org.apache.tools.ant.types.selectors.modifiedselector.HashvalueAlgorithm,0
org.apache.tools.ant.taskdefs.Sleep,0
org.apache.tools.ant.taskdefs.optional.ejb.IPlanetEjbc.EjbcException,0.18548387096774194
org.apache.tools.ant.taskdefs.optional.sitraka.bytecode.MethodInfo,0.14516129032258063
org.apache.tools.zip.ZipEntry,0.3548387096774193
org.apache.tools.ant.util.SourceFileScanner,0.24193548387096775
org.apache.tools.ant.taskdefs.optional.sitraka.CovReport.ReportFormat,0.010752688172043012
org.apache.tools.ant.types.RegularExpression,0.31989247311827956
org.apache.tools.ant.util.depend.AbstractAnalyzer,0.1935483870967742
org.apache.tools.ant.taskdefs.TempFile,0
org.apache.tools.ant.taskdefs.optional.depend.constantpool.MethodRefCPInfo,0.053763440860215055
org.apache.tools.ant.taskdefs.optional.extension.DeweyDecimal,0.27419354838709675
org.apache.tools.ant.taskdefs.Get,0.021505376344086023
org.apache.tools.ant.taskdefs.Available.FileDir,0.09946236559139784
org.apache.tools.ant.taskdefs.condition.Or,0.010752688172043012
org.apache.tools.ant.taskdefs.optional.depend.JarFileIterator,0
org.apache.tools.ant.taskdefs.optional.ejb.IPlanetEjbc,0.053763440860215055
org.apache.tools.ant.taskdefs.optional.sitraka.bytecode.attributes.AttributeInfo,0
org.apache.tools.ant.helper.ProjectHelperImpl.TargetHandler,0.016129032258064516
org.apache.tools.ant.filters.BaseParamFilterReader,0.33870967741935476
org.apache.tools.ant.taskdefs.optional.Javah,0
org.apache.tools.ant.taskdefs.GUnzip,0
org.apache.tools.ant.BuildException,9.99462365591397
org.apache.tools.ant.util.WeakishReference,0.03225806451612903
org.apache.tools.ant.taskdefs.optional.vss.MSVSSCHECKOUT,0
org.apache.tools.ant.taskdefs.Parallel.TaskList,0.01881720430107527
org.apache.tools.ant.taskdefs.optional.sitraka.Triggers,0.04838709677419355
org.apache.tools.ant.types.Assertions.DisabledAssertion,0.010752688172043012
org.apache.tools.ant.taskdefs.optional.sitraka.Socket,0.016129032258064516
org.apache.tools.ant.types.Commandline,4.8279569892473155
org.apache.tools.ant.AntClassLoader,0.553763440860215
org.apache.tools.ant.taskdefs.optional.Native2Ascii.ExtMapper,0
org.apache.tools.ant.AntClassLoader.ResourceEnumeration,0.016129032258064516
org.apache.tools.ant.taskdefs.Javadoc.DocletInfo,0.03225806451612903
org.apache.tools.ant.taskdefs.optional.ReplaceRegExp,0
org.apache.tools.ant.taskdefs.compilers.Jikes,0
org.apache.tools.ant.types.FileList,0.1935483870967742
org.apache.tools.ant.types.PatternSet,0.5268817204301075
org.apache.tools.ant.util.optional.NoExitSecurityManager,0
org.apache.tools.ant.taskdefs.optional.splash.SplashTask,0
org.apache.tools.ant.taskdefs.optional.ccm.CCMReconfigure,0
org.apache.tools.ant.taskdefs.Execute.CommandLauncher,0.18548387096774194
org.apache.tools.ant.types.AbstractFileSet,1.0134408602150538
org.apache.tools.ant.taskdefs.Expand,0.03225806451612903
org.apache.tools.ant.taskdefs.optional.ide.VAJBuildInfo.BuildInterruptedException,0
org.apache.tools.ant.taskdefs.optional.junit.CompoundEnumeration,0.016129032258064516
org.apache.tools.ant.taskdefs.optional.clearcase.ClearCase,1.725806451612903
org.apache.tools.ant.util.TeeOutputStream,0.10752688172043011
org.apache.tools.ant.taskdefs.optional.j2ee.JonasHotDeploymentTool,0.010752688172043012
org.apache.tools.ant.taskdefs.optional.extension.resolvers.LocationResolver,0.010752688172043012
org.apache.tools.ant.taskdefs.optional.perforce.P4Add,0
org.apache.tools.ant.taskdefs.optional.dotnet.Ildasm.VisibilityOptions,0
org.apache.tools.ant.filters.TokenFilter.ChainableReaderFilter,0.0967741935483871
org.apache.tools.ant.taskdefs.optional.extension.LibFileSet,0.03225806451612903
org.apache.tools.ant.taskdefs.optional.ide.VAJLocalUtil,0.0967741935483871
org.apache.tools.ant.taskdefs.optional.junit.AggregateTransformer.Format,0.010752688172043012
org.apache.tools.ant.ComponentHelper.AntTypeTable,0.1478494623655914
org.apache.tools.ant.taskdefs.optional.starteam.StarTeamCheckin.CheckinMap,0
org.apache.tools.ant.taskdefs.optional.perforce.P4Delete,0
org.apache.tools.ant.taskdefs.compilers.Javac12,0
org.apache.tools.ant.UnknownElement,0.5806451612903225
org.apache.tools.ant.taskdefs.DefBase,0.06451612903225806
org.apache.tools.ant.taskdefs.MacroDef.MyAntTypeDefinition,0.026881720430107527
org.apache.tools.ant.taskdefs.optional.script.ScriptDef,0.07258064516129033
org.apache.tools.ant.taskdefs.optional.clearcase.CCMklabel,0
org.apache.tools.ant.types.FilterChain,0.07258064516129034
org.apache.tools.ant.types.selectors.SizeSelector.SizeComparisons,0.021505376344086023
org.apache.tools.ant.taskdefs.optional.XalanLiaison,0
org.apache.tools.ant.taskdefs.optional.ide.VAJLoadServlet,0
org.apache.tools.ant.taskdefs.optional.depend.constantpool.InterfaceMethodRefCPInfo,0.053763440860215055
org.apache.tools.ant.taskdefs.optional.clearcase.CCUnlock,0
org.apache.tools.ant.taskdefs.optional.extension.ExtensionResolver,0.07795698924731183
org.apache.tools.ant.helper.ProjectHelperImpl.DescriptionHandler,0.016129032258064516
org.apache.tools.ant.taskdefs.optional.sitraka.StringUtil,0.06451612903225806
org.apache.tools.ant.taskdefs.optional.j2ee.WebLogicHotDeploymentTool,0.010752688172043012
org.apache.tools.ant.taskdefs.Taskdef,0
org.apache.tools.ant.DynamicConfigurator,0.09946236559139784
org.apache.tools.ant.taskdefs.optional.clearcase.CCMkattr,0
org.apache.tools.ant.types.Mapper,0.3790322580645162
org.apache.tools.ant.taskdefs.optional.sos.SOSCheckout,0
org.apache.tools.ant.taskdefs.optional.perforce.SimpleP4OutputHandler,0.20967741935483863
org.apache.tools.bzip2.CBZip2InputStream,0.043010752688172046
org.apache.tools.ant.Project,10.905913978494654
org.apache.tools.zip.ZipFile,0.06451612903225806
org.apache.tools.ant.types.Parameterizable,0.03763440860215054
org.apache.tools.ant.taskdefs.optional.perforce.P4HandlerAdapter,0.03225806451612903
org.apache.tools.ant.taskdefs.JDBCTask,0.0967741935483871
org.apache.tools.ant.taskdefs.optional.jsp.JspC.WebAppParameter,0.026881720430107527
org.apache.tools.ant.taskdefs.email.MimeMailer,0
org.apache.tools.ant.taskdefs.optional.junit.FormatterElement,0.14516129032258066
org.apache.tools.ant.taskdefs.optional.jsp.Jasper41Mangler,0
org.apache.tools.ant.types.FlexInteger,0
org.apache.tools.ant.taskdefs.optional.starteam.StarTeamTask,0.22580645161290322
org.apache.tools.ant.taskdefs.Basename,0
org.apache.tools.ant.taskdefs.optional.junit.JUnitVersionHelper,0.03225806451612903
org.apache.tools.ant.taskdefs.optional.extension.ExtensionSet,0.07526881720430108
org.apache.tools.ant.util.depend.DependencyAnalyzer,0.12903225806451613
org.apache.tools.ant.taskdefs.Tar.TarLongFileMode,0.13172043010752688
org.apache.tools.ant.taskdefs.optional.sitraka.ReportFilters,0.11559139784946237
org.apache.tools.ant.launch.Locator,0.14516129032258063
org.apache.tools.ant.types.selectors.PresentSelector.FilePresence,0.010752688172043012
org.apache.tools.ant.filters.TabsToSpaces,0.010752688172043012
org.apache.tools.ant.taskdefs.Jar.FilesetManifestConfig,0.01881720430107527
org.apache.tools.ant.types.selectors.ExtendSelector,0.05376344086021506
org.apache.tools.ant.taskdefs.optional.jsp.compilers.JspCompilerAdapterFactory,0.016129032258064516
org.apache.tools.ant.util.WeakishReference.HardReference,0
org.apache.tools.ant.util.TaskLogger,0
org.apache.tools.ant.helper.ProjectHelperImpl.DataTypeHandler,0.016129032258064516
org.apache.tools.ant.taskdefs.rmic.WLRmic,0
org.apache.tools.ant.types.selectors.NoneSelector,0.06989247311827958
org.apache.tools.ant.taskdefs.optional.ejb.BorlandDeploymentTool,0.01881720430107527
org.apache.tools.ant.taskdefs.optional.dotnet.Ildasm,0
org.apache.tools.ant.taskdefs.Replace.Replacefilter,0.07258064516129033
org.apache.tools.ant.taskdefs.optional.vss.MSVSSCHECKIN,0
org.apache.tools.ant.taskdefs.optional.junit.Enumerations,0.04838709677419355
org.apache.tools.ant.taskdefs.MacroInstance,0
org.apache.tools.ant.taskdefs.rmic.DefaultRmicAdapter.RmicFileNameMapper,0.016129032258064516
org.apache.tools.ant.taskdefs.Parallel,0
org.apache.tools.ant.taskdefs.rmic.KaffeRmic,0
org.apache.tools.ant.taskdefs.Delete,0.021505376344086023
org.apache.tools.ant.taskdefs.email.MimeMailer.StringDataSource,0.010752688172043012
org.apache.tools.ant.taskdefs.optional.dotnet.Ildasm.EncodingTypes,0.026881720430107527
org.apache.tools.ant.types.selectors.SelectorUtils,0.32258064516129037
org.apache.tools.ant.taskdefs.optional.extension.LibraryDisplayer,0.010752688172043012
org.apache.tools.ant.PropertyHelper,0.3817204301075269
org.apache.tools.ant.taskdefs.optional.depend.constantpool.ConstantPool,0.23924731182795694
org.apache.tools.ant.taskdefs.Javadoc.Html,0.228494623655914
org.apache.tools.zip.ZipFile.BoundedInputStream,0.026881720430107527
org.apache.tools.ant.taskdefs.optional.ssh.SSHExec,0
org.apache.tools.ant.taskdefs.optional.unix.AbstractAccessTask,0.03225806451612903
org.apache.tools.ant.taskdefs.optional.perforce.P4Counter,0
org.apache.tools.ant.types.selectors.modifiedselector.EqualComparator,0
org.apache.tools.ant.taskdefs.Input,0
org.apache.tools.ant.taskdefs.Zip.Duplicate,0.010752688172043012
org.apache.tools.ant.taskdefs.PreSetDef.PreSetDefinition,0.06989247311827958
org.apache.tools.ant.taskdefs.LoadFile,0
org.apache.tools.ant.taskdefs.Ant,0.29569892473118276
org.apache.tools.zip.ZipExtraField,0.1586021505376344
org.apache.tools.ant.taskdefs.optional.dotnet.ImportTypelib,0
org.apache.tools.ant.taskdefs.optional.j2ee.ServerDeploy,0.25268817204301075
org.apache.tools.ant.filters.TokenFilter.FileTokenizer,0.010752688172043012
org.apache.tools.ant.taskdefs.PathConvert,0
org.apache.tools.ant.taskdefs.optional.junit.XMLResultAggregator,0
org.apache.tools.ant.taskdefs.optional.clearcase.CCMkdir,0
org.apache.tools.ant.taskdefs.optional.net.TelnetTask,0
org.apache.tools.ant.taskdefs.optional.script.ScriptDefBase,0
org.apache.tools.ant.util.regexp.JakartaRegexpRegexp,0
org.apache.tools.ant.taskdefs.optional.net.FTP.Action,0.021505376344086023
org.apache.tools.ant.util.IdentityMapper,0
org.apache.tools.ant.taskdefs.optional.junit.XMLJUnitResultFormatter,0
org.apache.tools.ant.taskdefs.optional.unix.Symlink,0
org.apache.tools.ant.taskdefs.optional.vss.MSVSSADD,0
org.apache.tools.ant.filters.TokenFilter.ContainsRegex,0.021505376344086023
org.apache.tools.ant.taskdefs.optional.ejb.JbossDeploymentTool,0.01881720430107527
org.apache.tools.ant.taskdefs.optional.perforce.P4Submit.P4SubmitAdapter,0.016129032258064516
org.apache.tools.ant.taskdefs.optional.sound.AntSoundPlayer,0.026881720430107527
org.apache.tools.ant.taskdefs.optional.metamata.MAuditParser.Violation,0.06182795698924731
org.apache.tools.ant.filters.util.JavaClassHelper,0
org.apache.tools.ant.types.ZipScanner,0.05913978494623656
org.apache.tools.ant.taskdefs.MacroDef.Text,0.0913978494623656
org.apache.tools.ant.util.CollectionUtils,0.06451612903225806
org.apache.tools.ant.taskdefs.Javadoc.PackageName,0.10752688172043012
org.apache.tools.ant.helper.ProjectHelperImpl.NestedElementHandler,0.03225806451612903
org.apache.tools.ant.util.RegexpPatternMapper,0
org.apache.tools.ant.types.Permissions.Permission,0.06451612903225806
org.apache.tools.ant.taskdefs.Deltree,0
org.apache.tools.ant.taskdefs.optional.perforce.P4Fstat,0.01881720430107527
org.apache.tools.ant.taskdefs.optional.ejb.EjbJar.Config,0.0456989247311828
org.apache.tools.ant.taskdefs.optional.sitraka.ReportFilters.Include,0.021505376344086023
org.apache.tools.ant.types.selectors.modifiedselector.PropertiesfileCache,0.016129032258064516
org.apache.tools.ant.types.EnumeratedAttribute,1.7956989247311819
org.apache.tools.ant.types.selectors.SizeSelector.ByteUnits,0.021505376344086023
org.apache.tools.ant.types.PropertySet,0.16129032258064516
org.apache.tools.ant.types.resolver.ApacheCatalogResolver,0.051075268817204304
org.apache.tools.ant.taskdefs.optional.ide.VAJProjectDescription,0.1639784946236559
org.apache.tools.ant.filters.LineContains,0.010752688172043012
org.apache.tools.ant.taskdefs.condition.IsTrue,0.010752688172043012
org.apache.tools.ant.types.selectors.modifiedselector.Cache,0.09946236559139784
org.apache.tools.ant.types.ResourceFactory,0.04838709677419355
org.apache.tools.ant.filters.TokenFilter.IgnoreBlank,0.021505376344086023
org.apache.tools.ant.taskdefs.Patch,0
org.apache.tools.ant.taskdefs.optional.jsp.compilers.DefaultJspCompilerAdapter,0.3387096774193548
org.apache.tools.ant.taskdefs.Javadoc.LinkArgument,0.08333333333333333
org.apache.tools.ant.taskdefs.optional.sitraka.bytecode.ClassPathLoader,0.05913978494623656
org.apache.tools.ant.taskdefs.optional.perforce.P4OutputStream,0.06451612903225806
org.apache.tools.ant.taskdefs.compilers.Kjc,0
org.apache.tools.ant.IntrospectionHelper.NestedCreator,0.1693548387096774
org.apache.tools.zip.ZipShort,0.3467741935483871
org.apache.tools.ant.types.selectors.DateSelector,0.05376344086021506
org.apache.tools.ant.taskdefs.optional.clearcase.CCMkbl,0
org.apache.tools.ant.taskdefs.email.Message,0.3655913978494624
org.apache.tools.ant.taskdefs.optional.starteam.StarTeamCheckout.CheckoutMap,0
org.apache.tools.ant.filters.ClassConstants,0.010752688172043012
org.apache.tools.ant.taskdefs.LoadProperties,0
org.apache.tools.ant.taskdefs.optional.sitraka.bytecode.ClassPathLoader.LoaderEnumeration,0
org.apache.tools.ant.taskdefs.Replace.NestedString,0.16129032258064518
org.apache.tools.ant.types.Environment,0.22849462365591397
org.apache.tools.ant.input.MultipleChoiceInputRequest,0.016129032258064516
org.apache.tools.ant.FileScanner,0.040322580645161296
org.apache.tools.ant.taskdefs.optional.depend.constantpool.Utf8CPInfo,0.053763440860215055
org.apache.tools.ant.taskdefs.optional.ide.VAJUtil,0.39247311827956977
org.apache.tools.ant.taskdefs.optional.ssh.SSHUserInfo,0.2741935483870968
org.apache.tools.ant.taskdefs.optional.depend.constantpool.ConstantCPInfo,0.2795698924731183
org.apache.tools.ant.taskdefs.optional.starteam.StarTeamList.UnmatchedListingMap,0
org.apache.tools.ant.taskdefs.optional.jdepend.JDependTask,0
org.apache.tools.ant.taskdefs.WaitFor,0
org.apache.tools.ant.taskdefs.optional.javacc.JJTree,0
org.apache.tools.ant.taskdefs.optional.dotnet.NetCommand,0.27956989247311825
org.apache.tools.ant.util.FileUtils,2.6424731182795695
org.apache.tools.ant.taskdefs.Jikes,0
org.apache.tools.ant.taskdefs.SQLExec.Transaction,0.04032258064516129
org.apache.tools.ant.taskdefs.Tar.TarCompressionMethod,0.03494623655913978
org.apache.tools.ant.taskdefs.optional.vss.MSVSS.WritableFiles,0.040322580645161296
org.apache.tools.ant.taskdefs.Javadoc.GroupArgument,0.056451612903225805
org.apache.tools.ant.taskdefs.optional.sitraka.bytecode.ClassFilter,0
org.apache.tools.zip.ZipOutputStream,0.20967741935483872
org.apache.tools.ant.util.FlatFileNameMapper,0
org.apache.tools.ant.taskdefs.optional.sos.SOSGet,0
org.apache.tools.ant.filters.StringInputStream,0
org.apache.tools.ant.taskdefs.email.Mailer,0.08602150537634409
org.apache.tools.ant.taskdefs.optional.ejb.EJBDeploymentTool,0.07258064516129033
org.apache.tools.ant.taskdefs.optional.sitraka.Coverage.Recordfromstart,0.010752688172043012
org.apache.tools.ant.MagicNames,0
org.apache.tools.ant.taskdefs.condition.Contains,0.010752688172043012
org.apache.tools.ant.taskdefs.optional.metamata.MMetrics.GranularityAttribute,0.010752688172043012
org.apache.tools.ant.types.selectors.MappingSelector,0.03225806451612903
org.apache.tools.ant.taskdefs.WhichResource,0
org.apache.tools.ant.taskdefs.optional.clearcase.CCCheckin,0
org.apache.tools.ant.taskdefs.Zip,0.3225806451612903
org.apache.tools.ant.types.AntFilterReader,0.03225806451612903
org.apache.tools.ant.taskdefs.optional.vss.MSVSSCP,0
org.apache.tools.ant.taskdefs.Tstamp,0.016129032258064516
org.apache.tools.ant.BuildLogger,0.09408602150537634
org.apache.tools.tar.TarInputStream,0.026881720430107527
org.apache.tools.ant.taskdefs.Concat,0
org.apache.tools.ant.types.optional.image.Scale.ProportionsAttribute,0.010752688172043012
org.apache.tools.ant.taskdefs.optional.ide.VAJImport,0
org.apache.tools.ant.types.PatternSet.NameEntry,0.4193548387096774
org.apache.tools.ant.taskdefs.GenerateKey.DnameParam,0.03225806451612903
org.apache.tools.ant.taskdefs.optional.ejb.WebsphereDeploymentTool.DBVendor,0.010752688172043012
org.apache.tools.ant.taskdefs.SQLExec.OnError,0.010752688172043012
org.apache.tools.ant.taskdefs.optional.junit.Xalan2Executor,0
org.apache.tools.ant.taskdefs.Move,0.021505376344086023
org.apache.tools.ant.util.LazyHashtable,0
org.apache.tools.ant.taskdefs.optional.ejb.WeblogicTOPLinkDeploymentTool,0.01881720430107527
org.apache.tools.ant.util.ClasspathUtils,0.04838709677419355
org.apache.tools.ant.taskdefs.optional.ejb.IPlanetEjbc.Classname,0.5752688172043011
org.apache.tools.zip.ExtraFieldUtils,0.06451612903225806
org.apache.tools.ant.taskdefs.FixCRLF,0
org.apache.tools.ant.taskdefs.optional.net.TelnetTask.TelnetWrite,0
org.apache.tools.ant.taskdefs.WaitFor.Unit,0.021505376344086023
org.apache.tools.ant.taskdefs.condition.Equals,0.010752688172043012
org.apache.tools.ant.taskdefs.Sequential,0
org.apache.tools.ant.taskdefs.optional.ANTLR,0
org.apache.tools.ant.taskdefs.Recorder.VerbosityLevelChoices,0.010752688172043012
org.apache.tools.ant.taskdefs.optional.junit.JUnitTask.SummaryAttribute,0.010752688172043012
org.apache.tools.ant.taskdefs.optional.ejb.Ejbc,0
org.apache.tools.bzip2.CRC,0.16129032258064516
org.apache.tools.ant.helper.ProjectHelperImpl.TaskHandler,0.03225806451612903
org.apache.tools.ant.taskdefs.GenerateKey,0
org.apache.tools.ant.taskdefs.ManifestException,0.27956989247311825
org.apache.tools.ant.listener.Log4jListener,0
org.apache.tools.ant.taskdefs.Javadoc.ExtensionInfo,0.16129032258064518
org.apache.tools.ant.taskdefs.optional.ccm.CCMCheckinDefault,0
org.apache.tools.ant.taskdefs.optional.ejb.IPlanetDeploymentTool,0.01881720430107527
org.apache.tools.ant.taskdefs.KeySubst,0
org.apache.tools.ant.taskdefs.Exit,0
org.apache.tools.ant.taskdefs.optional.metamata.MAuditStreamHandler,0.016129032258064516
org.apache.tools.ant.taskdefs.optional.perforce.P4Label,0
org.apache.tools.ant.taskdefs.PumpStreamHandler,0.3736559139784946
org.apache.tools.ant.taskdefs.ExecuteStreamHandler,0.4462365591397849
org.apache.tools.ant.taskdefs.optional.sitraka.ReportFilters.FilterElement,0.07526881720430108
org.apache.tools.ant.taskdefs.optional.ide.VAJRemoteUtil,0.016129032258064516
org.apache.tools.ant.taskdefs.optional.pvcs.PvcsProject,0.010752688172043012
org.apache.tools.ant.taskdefs.condition.FilesMatch,0.010752688172043012
org.apache.tools.ant.taskdefs.XSLTProcess.OutputProperty,0.040322580645161296
org.apache.tools.ant.taskdefs.optional.net.FTP,0
org.apache.tools.ant.taskdefs.optional.NetRexxC.VerboseAttr,0.021505376344086023
org.apache.tools.ant.taskdefs.compilers.CompilerAdapterFactory,0.016129032258064516
org.apache.tools.ant.types.optional.image.Rotate,0.021505376344086023
org.apache.tools.ant.taskdefs.optional.StyleBook,0
org.apache.tools.ant.taskdefs.Dirname,0
org.apache.tools.ant.util.Watchdog,0.13172043010752688
org.apache.tools.ant.taskdefs.AbstractCvsTask,0.532258064516129
org.apache.tools.ant.taskdefs.optional.dotnet.DotnetResource,0.07526881720430108
org.apache.tools.ant.types.selectors.BaseSelectorContainer,0.32258064516129026
org.apache.tools.ant.taskdefs.optional.sound.SoundTask,0
org.apache.tools.ant.taskdefs.optional.junit.DOMUtil,0.016129032258064516
org.apache.tools.ant.taskdefs.Tstamp.CustomFormat,0.056451612903225805
org.apache.tools.ant.taskdefs.optional.unix.Chown,0
org.apache.tools.ant.taskdefs.optional.IContract.IContractPresenceDetector,0
org.apache.tools.ant.ProjectHelper,0.5161290322580644
org.apache.tools.ant.taskdefs.Sync.MyCopy,0.07258064516129033
org.apache.tools.ant.taskdefs.optional.i18n.Translate,0
org.apache.tools.ant.taskdefs.optional.sitraka.CovReport.ReportType,0.010752688172043012
org.apache.tools.ant.taskdefs.Parallel.TaskRunnable,0.07526881720430108
org.apache.tools.ant.types.FileSet,1.8225806451612894
org.apache.tools.ant.taskdefs.optional.dotnet.WsdlToDotnet,0
org.apache.tools.ant.taskdefs.optional.ccm.CCMCheckin,0
org.apache.tools.ant.taskdefs.optional.net.TelnetTask.TelnetRead,0
org.apache.tools.ant.util.regexp.RegexpMatcherFactory,0.16666666666666669
org.apache.tools.ant.taskdefs.optional.splash.SplashScreen,0.024193548387096774
org.apache.tools.ant.taskdefs.optional.junit.Xalan1Executor,0
org.apache.tools.ant.taskdefs.optional.scm.AntStarTeamCheckOut,0
org.apache.tools.ant.taskdefs.optional.jsp.JspNameMangler,0
org.apache.tools.ant.taskdefs.ManifestTask.Mode,0.01881720430107527
org.apache.tools.ant.taskdefs.XSLTProcess,0.021505376344086023
org.apache.tools.ant.input.InputRequest,0.10215053763440861
org.apache.tools.ant.taskdefs.optional.extension.ExtraAttribute,0.03225806451612903
org.apache.tools.ant.taskdefs.optional.javacc.JavaCC,0.06451612903225806
org.apache.tools.ant.taskdefs.condition.Socket,0.010752688172043012
org.apache.tools.ant.helper.ProjectHelper2,0.010752688172043012
org.apache.tools.ant.taskdefs.Checksum,0.010752688172043012
org.apache.tools.ant.types.Assertions.BaseAssertion,0.07526881720430108
org.apache.tools.ant.taskdefs.optional.windows.Attrib,0
org.apache.tools.ant.types.DTDLocation,0.03494623655913978
org.apache.tools.ant.taskdefs.BUnzip2,0
org.apache.tools.ant.taskdefs.optional.junit.XalanExecutor,0.0913978494623656
org.apache.tools.ant.taskdefs.Recorder,0
org.apache.tools.ant.taskdefs.optional.sitraka.CovReport.Reference,0.03225806451612903
org.apache.tools.ant.taskdefs.optional.jlink.ConstantPool,0.026881720430107527
org.apache.tools.ant.taskdefs.Definer.Format,0.010752688172043012
org.apache.tools.ant.types.selectors.FilenameSelector,0.05376344086021506
org.apache.tools.ant.taskdefs.optional.junit.JUnitTestRunner,0.21774193548387094
org.apache.tools.ant.taskdefs.optional.net.RExecTask.RExecWrite,0
org.apache.tools.ant.taskdefs.optional.Test,0
org.apache.tools.ant.types.FilterSet.FiltersFile,0.024193548387096774
org.apache.tools.ant.IntrospectionHelper.Creator,0.05376344086021506
org.apache.tools.ant.taskdefs.XSLTLogger,0.14516129032258063
org.apache.tools.ant.taskdefs.optional.ssh.Directory,0.1532258064516129
org.apache.tools.ant.taskdefs.optional.depend.ClassFileUtils,0.06451612903225806
org.apache.tools.ant.taskdefs.optional.metamata.MAuditParser,0.026881720430107527
org.apache.tools.ant.taskdefs.DependSet,0
org.apache.tools.ant.taskdefs.optional.metamata.MAudit,0.01881720430107527
org.apache.tools.ant.taskdefs.ExecuteOn,0.16129032258064516
org.apache.tools.ant.taskdefs.Manifest.Attribute,0.33064516129032256
org.apache.tools.ant.taskdefs.RecorderEntry,0.0456989247311828
org.apache.tools.ant.taskdefs.optional.sitraka.Triggers.Method,0.010752688172043012
org.apache.tools.ant.taskdefs.optional.jsp.compilers.JspCompilerAdapter,0.06451612903225806
org.apache.tools.ant.util.JAXPUtils,0.16129032258064516
org.apache.tools.ant.types.DataType,4.46774193548387
org.apache.tools.ant.types.optional.image.ImageOperation,0.2311827956989247
org.apache.tools.ant.taskdefs.condition.IsSet,0.010752688172043012
org.apache.tools.ant.taskdefs.optional.ide.VAJLoadProjects,0
org.apache.tools.ant.loader.AntClassLoader2,0
org.apache.tools.ant.taskdefs.Execute.CommandLauncherProxy,0.24193548387096775
org.apache.tools.ant.taskdefs.Copyfile,0
org.apache.tools.ant.taskdefs.optional.ide.VAJExportServlet,0
org.apache.tools.ant.taskdefs.optional.XMLValidateTask,0
org.apache.tools.ant.util.regexp.Regexp,0.17473118279569894
org.apache.tools.tar.TarOutputStream,0.03763440860215054
org.apache.tools.ant.types.Mapper.MapperType,0.05376344086021505
org.apache.tools.ant.taskdefs.optional.ejb.EjbJar.DTDLocation,0.12634408602150538
org.apache.tools.ant.types.optional.image.Text,0.021505376344086023
org.apache.tools.ant.taskdefs.optional.ide.VAJImportServlet,0
org.apache.tools.ant.taskdefs.optional.ide.VAJAntToolGUI.VAJBuildLogger,0.024193548387096774
org.apache.tools.ant.taskdefs.optional.depend.AntAnalyzer,0.016129032258064516
org.apache.tools.tar.TarEntry,0.2043010752688172
org.apache.tools.ant.filters.TokenFilter.DeleteCharacters,0.021505376344086023
org.apache.tools.ant.taskdefs.Ear,0
org.apache.tools.ant.taskdefs.optional.depend.constantpool.FieldRefCPInfo,0.053763440860215055
org.apache.tools.ant.taskdefs.CallTarget,0
org.apache.tools.ant.taskdefs.optional.sitraka.bytecode.ClassFile,0.20430107526881722
org.apache.tools.ant.util.LoaderUtils,0.2096774193548387
org.apache.tools.ant.taskdefs.Transform,0
org.apache.tools.ant.taskdefs.Javadoc.SourceFile,0.07526881720430108
org.apache.tools.ant.taskdefs.optional.vss.MSVSSHISTORY.BriefCodediffNofile,0.010752688172043012
org.apache.tools.ant.taskdefs.optional.dotnet.Ilasm.TargetTypes,0.010752688172043012
org.apache.tools.ant.taskdefs.optional.sitraka.Filters.FilterElement,0.03225806451612903
org.apache.tools.ant.taskdefs.Definer,0.04838709677419355
org.apache.tools.ant.taskdefs.Tar.TarFileSet,0.11559139784946236
org.apache.tools.ant.types.selectors.modifiedselector.ModifiedSelector.ComparatorName,0.02956989247311828
org.apache.tools.ant.launch.AntMain,0.040322580645161296
org.apache.tools.ant.taskdefs.condition.Not,0.010752688172043012
org.apache.tools.ant.types.optional.image.Scale,0.021505376344086023
org.apache.tools.ant.helper.ProjectHelper2.ElementHandler,0
org.apache.tools.ant.taskdefs.optional.perforce.P4Base,0.6747311827956988
org.apache.tools.ant.taskdefs.FixCRLF.CrLf,0.03225806451612903
org.apache.tools.ant.types.selectors.SelectSelector,0.05376344086021506
org.apache.tools.ant.taskdefs.compilers.JavacExternal,0
org.apache.tools.ant.taskdefs.optional.net.FTP.FTPDirectoryScanner.AntFTPFile,0.14516129032258063
org.apache.tools.ant.taskdefs.condition.Http,0.010752688172043012
org.apache.tools.ant.taskdefs.optional.jdepend.JDependTask.FormatAttribute,0.010752688172043012
org.apache.tools.ant.util.LazyFileOutputStream,0.03225806451612903
org.apache.tools.ant.taskdefs.Untar,0
org.apache.tools.ant.taskdefs.optional.clearcase.CCUnCheckout,0
org.apache.tools.ant.types.selectors.BaseSelector,0.9838709677419354
org.apache.tools.ant.types.optional.image.ColorMapper,0.11290322580645161
org.apache.tools.ant.taskdefs.Manifest,0.3440860215053763
org.apache.tools.zip.ZipLong,0.42473118279569894
org.apache.tools.ant.taskdefs.ExecTask,0.39516129032258057
org.apache.tools.ant.util.FileNameMapper,0.37634408602150526
org.apache.tools.ant.taskdefs.optional.perforce.P4Reopen,0
org.apache.tools.ant.taskdefs.Untar.UntarCompressionMethod,0.03494623655913978
org.apache.tools.ant.taskdefs.optional.XMLValidateTask.ValidatorErrorHandler,0.04032258064516129
org.apache.tools.ant.types.PropertySet.PropertyRef,0.07526881720430108
org.apache.tools.ant.taskdefs.email.PlainMailer,0.016129032258064516
org.apache.tools.ant.taskdefs.optional.clearcase.CCCheckout,0
org.apache.tools.ant.taskdefs.optional.sitraka.CovMerge,0
org.apache.tools.ant.taskdefs.optional.junit.PlainJUnitResultFormatter,0
org.apache.tools.mail.SmtpResponseReader,0.07258064516129033
org.apache.tools.ant.filters.TokenFilter.ReplaceString,0.021505376344086023
org.apache.tools.ant.taskdefs.ProcessDestroyer.ProcessDestroyerImpl,0.04032258064516129
org.apache.tools.ant.taskdefs.Ant.Reference,0.053763440860215055
org.apache.tools.ant.filters.TokenFilter.ContainsString,0.010752688172043012
org.apache.tools.ant.taskdefs.optional.ejb.DDCreator,0
org.apache.tools.ant.taskdefs.SendEmail,0
org.apache.tools.ant.taskdefs.email.MimeMailer.SimpleAuthenticator,0.016129032258064516
org.apache.tools.ant.taskdefs.Execute.VmsCommandLauncher,0
org.apache.tools.ant.taskdefs.Filter,0
org.apache.tools.ant.taskdefs.cvslib.ChangeLogParser,0.05645161290322581
org.apache.tools.ant.taskdefs.email.UUMailer,0
org.apache.tools.ant.taskdefs.Javadoc.JavadocOutputStream,0.053763440860215055
org.apache.tools.ant.types.CommandlineJava.SysProperties,0.17473118279569894
org.apache.tools.ant.taskdefs.optional.ide.VAJTask.VAJLocalToolUtil,0
org.apache.tools.ant.taskdefs.optional.jlink.jlink,0.010752688172043012
org.apache.tools.ant.taskdefs.ImportTask,0
org.apache.tools.ant.taskdefs.compilers.Javac13,0
org.apache.tools.ant.taskdefs.cvslib.CVSEntry,0.17204301075268816
org.apache.tools.ant.util.DOMElementWriter,0.010752688172043012
org.apache.tools.ant.taskdefs.Redirector,0.532258064516129
org.apache.tools.ant.taskdefs.optional.vss.MSVSSConstants,0.01881720430107527
org.apache.tools.ant.taskdefs.optional.j2ee.AbstractHotDeploymentTool,0.4032258064516129
org.apache.tools.ant.BuildListener,0.532258064516129
org.apache.tools.ant.types.selectors.modifiedselector.ModifiedSelector.CacheName,0.02956989247311828
org.apache.tools.ant.filters.ReplaceTokens.Token,0.010752688172043012
org.apache.tools.ant.filters.TokenFilter.StringTokenizer,0.010752688172043012
org.apache.tools.ant.listener.MailLogger,0
org.apache.tools.ant.Project.AntRefTable,0.016129032258064516
org.apache.tools.ant.types.CommandlineJava,2.196236559139785
org.apache.tools.ant.taskdefs.optional.junit.FormatterElement.TypeAttribute,0.010752688172043012
org.apache.tools.ant.taskdefs.optional.ide.VAJToolsServlet.VAJLocalServletUtil,0
org.apache.tools.ant.ComponentHelper,0.6236559139784945
org.apache.tools.ant.helper.ProjectHelperImpl,0.13440860215053765
org.apache.tools.ant.types.selectors.modifiedselector.DigestAlgorithm,0
org.apache.tools.ant.util.regexp.Jdk14RegexpRegexp,0
org.apache.tools.ant.taskdefs.optional.junit.SummaryJUnitResultFormatter,0.053763440860215055
org.apache.tools.ant.taskdefs.Javac.ImplementationSpecificArgument,0.01881720430107527
org.apache.tools.ant.taskdefs.email.EmailTask,0.03225806451612903
org.apache.tools.ant.taskdefs.Zip.WhenEmpty,0.021505376344086023
org.apache.tools.ant.types.selectors.MajoritySelector,0.05376344086021506
org.apache.tools.ant.taskdefs.optional.vss.MSVSSLABEL,0
org.apache.tools.ant.util.StringUtils,0.1935483870967742
org.apache.tools.ant.taskdefs.optional.clearcase.CCRmtype,0
org.apache.tools.ant.taskdefs.cvslib.CvsUser,0.03225806451612903
org.apache.tools.ant.taskdefs.Pack,0.03225806451612903
org.apache.tools.ant.util.MergingMapper,0.03225806451612903
org.apache.tools.ant.taskdefs.optional.EchoProperties.FormatAttribute,0.010752688172043012
org.apache.tools.ant.taskdefs.War,0
org.apache.tools.ant.taskdefs.optional.dotnet.DotnetCompile,0.1774193548387097
org.apache.tools.ant.taskdefs.optional.perforce.P4Edit,0
org.apache.tools.ant.taskdefs.cvslib.RedirectingStreamHandler,0.026881720430107527
org.apache.tools.ant.taskdefs.optional.sitraka.bytecode.NullLoader,0.03225806451612903
org.apache.tools.ant.BuildEvent,1.2526881720430108
org.apache.tools.ant.taskdefs.optional.ide.VAJWorkspaceScanner,0.010752688172043012
org.apache.tools.ant.taskdefs.Execute.Java11CommandLauncher,0
org.apache.tools.ant.filters.TailFilter,0.010752688172043012
org.apache.tools.ant.filters.LineContainsRegExp,0.010752688172043012
org.apache.tools.ant.types.XMLCatalog.InternalResolver,0.016129032258064516
org.apache.tools.ant.taskdefs.optional.extension.JarLibManifestTask,0
org.apache.tools.ant.taskdefs.optional.net.RExecTask.RExecSubTask,0.11290322580645161
org.apache.tools.ant.types.DirSet,0.13440860215053763
org.apache.tools.ant.taskdefs.optional.ssh.AbstractSshMessage,0.3870967741935484
org.apache.tools.ant.DefaultLogger,0.13978494623655913
org.apache.tools.ant.util.Tokenizer,0.12365591397849461
org.apache.tools.ant.taskdefs.email.EmailTask.Encoding,0.010752688172043012
org.apache.tools.ant.taskdefs.Javadoc.DocletParam,0.040322580645161296
org.apache.tools.ant.util.regexp.RegexpFactory,0.024193548387096774
org.apache.tools.ant.util.LineTokenizer,0.11290322580645162
org.apache.tools.ant.taskdefs.cvslib.CvsTagEntry,0.11021505376344086
org.apache.tools.ant.taskdefs.optional.depend.constantpool.ConstantPoolEntry,0.2553763440860215
org.apache.tools.ant.taskdefs.StreamPumper,0.06989247311827956
org.apache.tools.zip.UnixStat,0.01881720430107527
org.apache.tools.ant.taskdefs.optional.jlink.JlinkTask,0
org.apache.tools.ant.taskdefs.optional.net.RExecTask.RExecRead,0
org.apache.tools.ant.filters.StripLineBreaks,0.010752688172043012
org.apache.tools.ant.taskdefs.optional.extension.ExtensionUtil,0.08064516129032258
org.apache.tools.ant.taskdefs.Exec.StreamPumper,0.053763440860215055
org.apache.tools.ant.types.optional.depend.ClassfileSet,0
org.apache.tools.ant.util.regexp.JakartaOroRegexp,0
org.apache.tools.ant.taskdefs.SQLExec.DelimiterType,0.010752688172043012
org.apache.tools.ant.taskdefs.Property,0.16129032258064516
org.apache.tools.ant.types.selectors.ContainsSelector,0.05376344086021506
org.apache.tools.ant.taskdefs.optional.dotnet.DotnetDefine,0.03225806451612903
org.apache.tools.ant.taskdefs.optional.metamata.MMetricsStreamHandler.ElementEntry,0.08064516129032258
org.apache.tools.ant.taskdefs.optional.extension.resolvers.URLResolver,0.010752688172043012
org.apache.tools.ant.taskdefs.JikesOutputParser,0.01881720430107527
org.apache.tools.ant.types.PropertySet.BuiltinPropertySetName,0.021505376344086023
org.apache.tools.ant.taskdefs.optional.ide.VAJLoad,0.016129032258064516
org.apache.tools.ant.taskdefs.compilers.DefaultCompilerAdapter,0.6290322580645161
org.apache.tools.ant.util.KeepAliveInputStream,0.016129032258064516
org.apache.tools.ant.types.Path.PathElement,0.07526881720430106
org.apache.tools.ant.taskdefs.optional.starteam.StarTeamList,0
org.apache.tools.ant.taskdefs.Cvs,0
org.apache.tools.ant.taskdefs.optional.perforce.P4OutputHandler,0
org.apache.tools.ant.taskdefs.optional.ccm.CCMCheckout,0
org.apache.tools.ant.taskdefs.optional.metamata.MParse,0
org.apache.tools.ant.types.optional.image.TransformOperation,0.04838709677419355
org.apache.tools.ant.types.optional.depend.ClassfileSet.ClassRoot,0.010752688172043012
org.apache.tools.ant.taskdefs.optional.ejb.IPlanetEjbc.EjbInfo,0.2553763440860215
org.apache.tools.ant.util.facade.ImplementationSpecificArgument,0.12903225806451613
org.apache.tools.ant.taskdefs.optional.jlink.ClassNameReader,0.03225806451612903
org.apache.tools.mail.MailMessage,0.053763440860215055
org.apache.tools.ant.AntTypeDefinition,0.5295698924731183
org.apache.tools.ant.taskdefs.Execute.ScriptCommandLauncher,0
org.apache.tools.ant.taskdefs.rmic.DefaultRmicAdapter,0.3064516129032258
org.apache.tools.ant.filters.LineContains.Contains,0.010752688172043012
org.apache.tools.ant.filters.StripJavaComments,0.010752688172043012
org.apache.tools.ant.taskdefs.optional.Script,0
org.apache.tools.ant.taskdefs.FixCRLF.OneLiner.BufferLine,0.06989247311827958
org.apache.tools.ant.types.resolver.ApacheCatalog,0.021505376344086023
org.apache.tools.ant.taskdefs.optional.jsp.JspMangler,0.10483870967741936
org.apache.tools.ant.DirectoryScanner,1.3252688172043006
org.apache.tools.ant.util.ResourceUtils,0.03225806451612903
org.apache.tools.ant.taskdefs.optional.NetRexxC.TraceAttr,0.021505376344086023
org.apache.tools.ant.taskdefs.optional.metamata.MetricsElement,0.05913978494623656
org.apache.tools.ant.taskdefs.optional.ejb.EjbJar.CMPVersion,0.010752688172043012
org.apache.tools.ant.types.optional.image.DrawOperation,0.13172043010752688
org.apache.tools.ant.taskdefs.optional.perforce.P4Integrate,0
org.apache.tools.ant.taskdefs.optional.sitraka.CovReport,0.03225806451612903
org.apache.tools.ant.taskdefs.optional.perforce.P4Change,0
org.apache.tools.ant.types.Commandline.Marker,0.08870967741935484
org.apache.tools.ant.taskdefs.optional.ejb.EjbJar.NamingScheme,0.01881720430107527
org.apache.tools.ant.taskdefs.optional.junit.AggregateTransformer,0.11827956989247311
org.apache.tools.ant.filters.ExpandProperties,0.010752688172043012
org.apache.tools.ant.types.Resource,0.49462365591397844
org.apache.tools.ant.taskdefs.optional.net.MimeMail,0
org.apache.tools.ant.util.facade.FacadeTaskHelper,0.3709677419354839
org.apache.tools.ant.taskdefs.optional.ide.VAJToolsServlet,0.3709677419354839
org.apache.tools.ant.Location,0.260752688172043
org.apache.tools.tar.TarBuffer,0.27419354838709675
org.apache.tools.ant.taskdefs.optional.ejb.IPlanetEjbc.EjbcHandler,0.056451612903225805
org.apache.tools.ant.types.optional.depend.DependScanner,0.026881720430107527
org.apache.tools.ant.taskdefs.rmic.SunRmic,0
org.apache.tools.ant.taskdefs.optional.metamata.AbstractMetamataTask,0.14516129032258063
org.apache.tools.ant.taskdefs.optional.clearcase.CCMkelem,0
org.apache.tools.ant.filters.PrefixLines,0.010752688172043012
org.apache.tools.ant.taskdefs.optional.vss.MSVSS,2.0
org.apache.tools.ant.types.Assertions.EnabledAssertion,0.010752688172043012
org.apache.tools.ant.helper.AntXMLContext,0.3413978494623656
org.apache.tools.ant.types.selectors.NotSelector,0.05376344086021506
org.apache.tools.ant.util.optional.WeakishReference12,0
org.apache.tools.ant.types.selectors.DependSelector,0.05376344086021506
org.apache.tools.ant.taskdefs.optional.ejb.WebsphereDeploymentTool,0.01881720430107527
org.apache.tools.ant.taskdefs.PreSetDef,0
org.apache.tools.ant.taskdefs.optional.extension.Compatibility,0.0967741935483871
org.apache.tools.ant.taskdefs.optional.sitraka.Filters.Include,0.010752688172043012
org.apache.tools.ant.taskdefs.optional.junit.ArrayEnumeration,0.016129032258064516
org.apache.tools.ant.taskdefs.MacroDef.Attribute,0.053763440860215055
org.apache.tools.ant.helper.ProjectHelperImpl.RootHandler,0.016129032258064516
org.apache.tools.ant.taskdefs.optional.dotnet.Ilasm,0
org.apache.tools.ant.taskdefs.optional.net.SetProxy,0
org.apache.tools.ant.launch.Launcher,0
org.apache.tools.ant.taskdefs.Java,0.639784946236559
org.apache.tools.ant.filters.TokenFilter.Trim,0.021505376344086023
org.apache.tools.ant.taskdefs.GZip,0
org.apache.tools.ant.taskdefs.optional.junit.BatchTest,0.056451612903225805
org.apache.tools.ant.taskdefs.optional.clearcase.CCUpdate,0
org.apache.tools.ant.taskdefs.condition.Os,0.4784946236559138
org.apache.tools.ant.taskdefs.optional.sitraka.Coverage.Javavm,0.010752688172043012
org.apache.tools.ant.taskdefs.compilers.Sj,0
org.apache.tools.ant.taskdefs.optional.ide.VAJAntToolGUI,0.3494623655913978
org.apache.tools.ant.filters.EscapeUnicode,0.010752688172043012
org.apache.tools.ant.taskdefs.optional.sitraka.bytecode.ClassPathLoader.FileLoader,0.1075268817204301
org.apache.tools.ant.taskdefs.compilers.Jvc,0
org.apache.tools.ant.taskdefs.optional.RenameExtensions,0
org.apache.tools.ant.taskdefs.optional.ccm.Continuus,0.30645161290322576
org.apache.tools.ant.taskdefs.Replace,0
org.apache.tools.ant.taskdefs.Execute,1.4408602150537626
org.apache.tools.ant.taskdefs.optional.metamata.MMetrics,0
org.apache.tools.ant.types.selectors.SelectorScanner,0.040322580645161296
org.apache.tools.ant.taskdefs.AntlibDefinition,0.27956989247311825
org.apache.tools.ant.PathTokenizer,0.053763440860215055
org.apache.tools.ant.util.depend.bcel.FullAnalyzer,0
org.apache.tools.ant.taskdefs.optional.ide.VAJAntToolGUI.PrivateEventHandler,0.008064516129032258
org.apache.tools.ant.taskdefs.cvslib.ChangeLogWriter,0.010752688172043012
org.apache.tools.ant.taskdefs.optional.jsp.JspC,0.15591397849462366
org.apache.tools.ant.util.ClasspathUtils.Delegate,0.1935483870967742
org.apache.tools.ant.util.regexp.Jdk14RegexpMatcher,0.03225806451612903
org.apache.tools.ant.NoBannerLogger,0
org.apache.tools.ant.taskdefs.SQLExec,0
org.apache.tools.ant.taskdefs.optional.perforce.P4Handler,0.09677419354838711
org.apache.tools.ant.types.Substitution,0.2043010752688172
org.apache.tools.ant.listener.CommonsLoggingListener,0
