class_name,WD-HPRV3
org.apache.tools.ant.filters.StripLineComments,0.014456981769478607
org.apache.tools.ant.filters.BaseFilterReader,2.5362323341736484
org.apache.tools.ant.util.UnPackageNameMapper,0
org.apache.tools.ant.taskdefs.optional.vss.MSVSS.CurrentModUpdated,0.29907171728536847
org.apache.tools.ant.taskdefs.optional.ejb.EjbJar,0.07105653501323209
org.apache.tools.ant.taskdefs.optional.Rpm,0
org.apache.tools.ant.taskdefs.optional.j2ee.GenericHotDeploymentTool,0.15383568758367264
org.apache.tools.ant.filters.ConcatFilter,0
org.apache.tools.ant.taskdefs.optional.dotnet.VisualBasicCompile,0
org.apache.tools.ant.taskdefs.DefaultExcludes,0
org.apache.tools.ant.util.ScriptRunner,0.5373017797958914
org.apache.tools.ant.filters.util.ChainReaderHelper,1.3807465612217014
org.apache.tools.ant.types.XMLCatalog.ExternalResolver,0.01928124385027172
org.apache.tools.ant.taskdefs.optional.script.ScriptDef.NestedElement,0.07116610282750342
org.apache.tools.ant.DemuxOutputStream,0.036917897869583834
org.apache.tools.ant.taskdefs.rmic.RmicAdapterFactory,0.034662995942264685
org.apache.tools.ant.taskdefs.Definer.OnError,0.012159974853333387
org.apache.tools.ant.taskdefs.optional.perforce.P4Sync,0
org.apache.tools.ant.types.selectors.TypeSelector,0.12028033915611658
org.apache.tools.ant.types.selectors.DateSelector.TimeComparisons,0.030138994904049622
org.apache.tools.ant.types.Commandline.Argument,53.2020715110248
org.apache.tools.ant.taskdefs.GenerateKey.DistinguishedName,0.017202688445641285
org.apache.tools.ant.filters.StripLineComments.Comment,0.012161199576792125
org.apache.tools.ant.taskdefs.MatchingTask,3.111578601404541
org.apache.tools.ant.taskdefs.Execute.MacCommandLauncher,0
org.apache.tools.ant.taskdefs.FixCRLF.OneLiner,0.19301802684967462
org.apache.tools.ant.types.selectors.OrSelector,0.13607979973845935
org.apache.tools.ant.util.DateUtils,0.36414229081289295
org.apache.tools.ant.TypeAdapter,0.5375387524044148
org.apache.tools.ant.taskdefs.optional.ccm.CCMCreateTask,0
org.apache.tools.ant.taskdefs.optional.metamata.MMetricsStreamHandler,0.017202688445641285
org.apache.tools.ant.types.selectors.DepthSelector,0.13607979973845935
org.apache.tools.ant.Diagnostics,0.036917897869583834
org.apache.tools.ant.taskdefs.LogStreamHandler,1.987637587205771
org.apache.tools.ant.taskdefs.BZip2,0
org.apache.tools.ant.types.XMLCatalog,0.229934103126865
org.apache.tools.ant.taskdefs.optional.TraXLiaison,0
org.apache.tools.ant.taskdefs.optional.image.Image,0
org.apache.tools.ant.taskdefs.optional.sitraka.bytecode.Utils,0.4885763991755168
org.apache.tools.ant.taskdefs.optional.extension.JarLibAvailableTask,0
org.apache.tools.ant.taskdefs.optional.Test.TestletEntry,0.020223986888337337
org.apache.tools.ant.taskdefs.optional.net.TelnetTask.AntTelnetClient,0.2508541705276156
org.apache.tools.ant.filters.TokenFilter,0.09144933103416733
org.apache.tools.ant.taskdefs.optional.junit.DOMUtil.NodeFilter,0.019878092921300612
org.apache.tools.ant.types.Assertions,0.7623120475325091
org.apache.tools.ant.util.CollectionUtils.EmptyEnumeration,0
org.apache.tools.ant.taskdefs.optional.PropertyFile.Entry.Operation,0.04117268677656211
org.apache.tools.ant.types.selectors.BaseExtendSelector,0.2516945339330309
org.apache.tools.ant.taskdefs.optional.net.RExecTask,0
org.apache.tools.ant.taskdefs.optional.ide.VAJTask,0.13396925665871817
org.apache.tools.tar.TarConstants,0.03320160654403094
org.apache.tools.ant.taskdefs.AntStructure,0
org.apache.tools.ant.taskdefs.XmlProperty,0
org.apache.tools.ant.helper.ProjectHelperImpl.ProjectHandler,0.019603063577591232
org.apache.tools.ant.taskdefs.optional.ssh.Scp,0
org.apache.tools.ant.taskdefs.optional.sitraka.Coverage,0
org.apache.tools.ant.taskdefs.Copydir,0
org.apache.tools.ant.taskdefs.optional.extension.Compatability,0
org.apache.tools.ant.taskdefs.optional.sitraka.CovBase,0.6234918749844981
org.apache.tools.ant.input.PropertyFileInputHandler,0
org.apache.tools.ant.taskdefs.optional.extension.Specification,0.06864766319288587
org.apache.tools.ant.taskdefs.FixCRLF.AddAsisRemove,0.035831412283543335
org.apache.tools.ant.DemuxInputStream,0.017745931238661534
org.apache.tools.ant.taskdefs.optional.perforce.P4Submit,0
org.apache.tools.ant.taskdefs.TaskOutputStream,0
org.apache.tools.ant.taskdefs.UpToDate,0.03571661237765268
org.apache.tools.ant.helper.ProjectHelperImpl.AbstractHandler,0.14782122957316374
org.apache.tools.ant.taskdefs.Rename,0
org.apache.tools.ant.taskdefs.optional.script.ScriptDef.Attribute,0.04120335705198581
org.apache.tools.ant.taskdefs.optional.depend.constantpool.NameAndTypeCPInfo,0.30344738378886577
org.apache.tools.ant.taskdefs.optional.IContract,0
org.apache.tools.ant.taskdefs.optional.sos.SOS,1.5267208691886203
org.apache.tools.ant.filters.ChainableReader,0.8445227531442453
org.apache.tools.ant.taskdefs.optional.ejb.DDCreatorHelper,0
org.apache.tools.ant.taskdefs.optional.sitraka.XMLReport,0.033812000019944076
org.apache.tools.ant.taskdefs.optional.ssh.LogListener,0.6769999562167598
org.apache.tools.ant.taskdefs.Typedef,0.04874385937780431
org.apache.tools.ant.types.Environment.Variable,0.7955594621007884
org.apache.tools.ant.taskdefs.optional.ssh.ScpToMessage,0.023281050901881515
org.apache.tools.ant.taskdefs.optional.starteam.TreeBasedTask.UnmatchedFileMap,0.15808236754330907
org.apache.tools.ant.taskdefs.optional.ejb.BorlandGenerateClient,0.011509878230334005
org.apache.tools.ant.taskdefs.optional.IContract.ClasspathHelper,0.029494962395420786
org.apache.tools.ant.taskdefs.optional.PropertyFile.Entry.Type,0.04117268677656211
org.apache.tools.ant.taskdefs.optional.Javah.ClassArgument,0.06561161546637204
org.apache.tools.ant.filters.TokenFilter.Filter,0.16975522288937003
org.apache.tools.ant.taskdefs.optional.vss.MSVSSCREATE,0
org.apache.tools.ant.taskdefs.BuildNumber,0
org.apache.tools.ant.taskdefs.optional.pvcs.Pvcs,0
org.apache.tools.ant.taskdefs.optional.junit.JUnitResultFormatter,0.4243568124882421
org.apache.tools.ant.types.FilterSet.Filter,0.11031334088227299
org.apache.tools.ant.taskdefs.optional.unix.Chgrp,0
org.apache.tools.ant.taskdefs.optional.dotnet.JSharp,0
org.apache.tools.ant.taskdefs.optional.clearcase.CCMklbtype,0
org.apache.tools.ant.types.selectors.PresentSelector,0.13607979973845935
org.apache.tools.ant.taskdefs.optional.ccm.CCMCheck,0.10388018106527792
org.apache.tools.ant.taskdefs.optional.javacc.JJDoc,0
org.apache.tools.ant.taskdefs.optional.ssh.ScpFromMessage,0.029494962395420786
org.apache.tools.ant.taskdefs.optional.depend.constantpool.ClassCPInfo,0.41001965828007914
org.apache.tools.ant.taskdefs.optional.extension.resolvers.AntResolver,0.011276748698479971
org.apache.tools.ant.util.GlobPatternMapper,0.07685640815371586
org.apache.tools.ant.taskdefs.optional.sitraka.Coverage.Finalsnapshot,0
org.apache.tools.ant.taskdefs.optional.depend.constantpool.DoubleCPInfo,0.07803578482115886
org.apache.tools.ant.taskdefs.MacroDef.TemplateElement,0.04310201145206649
org.apache.tools.ant.taskdefs.optional.sitraka.ReportFilters.Exclude,0.024632575545547607
org.apache.tools.bzip2.BZip2Constants,0.06182814394967121
org.apache.tools.ant.taskdefs.condition.And,0.03571661237765268
org.apache.tools.ant.taskdefs.optional.ejb.WeblogicDeploymentTool,0.04622439457437829
org.apache.tools.ant.taskdefs.condition.IsFalse,0.03571661237765268
org.apache.tools.ant.types.Reference,21.157494345841943
org.apache.tools.ant.taskdefs.optional.perforce.P4Labelsync,0
org.apache.tools.ant.taskdefs.Execute.Java13CommandLauncher,0.017202688445641285
org.apache.tools.ant.taskdefs.LogOutputStream,1.4262817217008952
org.apache.tools.ant.taskdefs.optional.j2ee.HotDeploymentTool,0.29633038497732367
org.apache.tools.ant.taskdefs.Sync,0
org.apache.tools.ant.taskdefs.SubAnt,0
org.apache.tools.ant.taskdefs.ExecuteJava,0.02112915031500432
org.apache.tools.ant.launch.LaunchException,0.0588346789362464
org.apache.tools.ant.helper.ProjectHelper2.MainHandler,0
org.apache.tools.ant.taskdefs.optional.depend.constantpool.LongCPInfo,0.07803578482115886
org.apache.tools.ant.types.XMLCatalog.CatalogResolver,0.17133016565838716
org.apache.tools.ant.taskdefs.Zip.ArchiveState,0.19639333079983934
org.apache.tools.ant.taskdefs.Execute.OS2CommandLauncher,0
org.apache.tools.ant.helper.ProjectHelper2.AntHandler,0.498849100565728
org.apache.tools.ant.taskdefs.MacroDef,0.2718273792243392
org.apache.tools.ant.taskdefs.optional.sos.SOSCmd,0.04958400360350311
org.apache.tools.ant.taskdefs.Touch,0
org.apache.tools.ant.taskdefs.optional.ejb.GenericDeploymentTool,8.385766421999875
org.apache.tools.ant.util.PackageNameMapper,0
org.apache.tools.ant.taskdefs.optional.sitraka.bytecode.DirectoryLoader,0.017202688445641285
org.apache.tools.mail.MailPrintStream,0.06561075281190996
org.apache.tools.ant.taskdefs.optional.depend.ClassFileIterator,0.04326153895119881
org.apache.tools.ant.taskdefs.optional.ejb.WLStop,0
org.apache.tools.ant.taskdefs.optional.junit.JUnitTest,1.3696907116035475
org.apache.tools.ant.taskdefs.cvslib.ChangeLogTask,0
org.apache.tools.ant.taskdefs.optional.starteam.TreeBasedTask,2.2720181935304646
org.apache.tools.ant.taskdefs.optional.depend.ClassFile,0.14673900410470736
org.apache.tools.ant.taskdefs.optional.net.TelnetTask.TelnetSubTask,0.1508582877034381
org.apache.tools.ant.taskdefs.optional.sos.SOSLabel,0
org.apache.tools.ant.taskdefs.optional.ide.VAJBuildInfo.InterruptedChecker,0.07799984735312514
org.apache.tools.ant.taskdefs.optional.ejb.DescriptorHandler,1.489099107725828
org.apache.tools.ant.XmlLogger.TimedElement,0.23185169942295872
org.apache.tools.ant.taskdefs.Get.Base64Converter,0.012046370215897542
org.apache.tools.ant.types.selectors.AndSelector,0.13607979973845935
org.apache.tools.ant.taskdefs.XSLTLiaison2,0.020223986888337337
org.apache.tools.ant.taskdefs.optional.ejb.WLRun,0
org.apache.tools.ant.taskdefs.optional.jsp.compilers.JasperC,0.03980126346330671
org.apache.tools.ant.taskdefs.Manifest.Section,0.8045243679219243
org.apache.tools.ant.taskdefs.optional.net.RExecTask.AntRExecClient,0.27576282529035234
org.apache.tools.ant.input.DefaultInputHandler,2.383497799356011
org.apache.tools.ant.types.Permissions,0.40794270212864164
org.apache.tools.ant.taskdefs.Tar,0
org.apache.tools.ant.taskdefs.XSLTProcess.Factory.Attribute,0.05107275458821859
org.apache.tools.ant.ExitException,0.06068556274418698
org.apache.tools.ant.types.selectors.TypeSelector.FileType,0.034702322259917824
org.apache.tools.ant.taskdefs.optional.junit.DOMUtil.NodeListImpl,0.019878092921300612
org.apache.tools.ant.XmlLogger,0
org.apache.tools.ant.TaskAdapter,2.4110983975414553
org.apache.tools.ant.types.selectors.modifiedselector.ModifiedSelector.AlgorithmName,0.035752014759725226
org.apache.tools.ant.taskdefs.optional.sitraka.bytecode.DirectoryFilter,0
org.apache.tools.ant.types.Parameter,1.4706644579792942
org.apache.tools.ant.types.optional.image.BasicShape,0.0678390397764426
org.apache.tools.ant.types.selectors.ContainsRegexpSelector,0.13607979973845932
org.apache.tools.ant.taskdefs.Available,0.03571661237765268
org.apache.tools.ant.taskdefs.Unpack,0.0365526892664361
org.apache.tools.ant.taskdefs.condition.Condition,1.872686348699562
org.apache.tools.ant.types.selectors.FileSelector,2.857264402174622
org.apache.tools.ant.taskdefs.MacroInstance.Element,0.04987145848380562
org.apache.tools.ant.taskdefs.XSLTLoggerAware,0.020223986888337337
org.apache.tools.ant.taskdefs.optional.ejb.InnerClassFilenameFilter,0.3085002109649109
org.apache.tools.ant.taskdefs.optional.ide.VAJExport,0
org.apache.tools.ant.types.optional.ScriptFilter,0
org.apache.tools.ant.taskdefs.optional.starteam.StarTeamCheckout,0
org.apache.tools.ant.taskdefs.Antlib,0.03170302778255433
org.apache.tools.ant.Main,0.031535253359058615
org.apache.tools.ant.types.ResourceLocation,0.35305232190989955
org.apache.tools.ant.taskdefs.optional.ide.VAJAntTool,0.04507417424362792
org.apache.tools.ant.taskdefs.optional.extension.JarLibResolveTask,0
org.apache.tools.ant.types.selectors.SelectorContainer,0.18409994933828594
org.apache.tools.zip.AsiExtraField,0
org.apache.tools.ant.taskdefs.ConditionTask,0
org.apache.tools.ant.taskdefs.XSLTProcess.Param,0.04653201971423752
org.apache.tools.ant.taskdefs.condition.ConditionBase,0.46911893492828843
org.apache.tools.ant.taskdefs.Chmod,0
org.apache.tools.ant.types.selectors.modifiedselector.ModifiedSelector,0.13607979973845932
org.apache.tools.ant.taskdefs.optional.PropertyFile,0
org.apache.tools.ant.taskdefs.optional.net.FTP.FTPDirectoryScanner,0.017202688445641285
org.apache.tools.ant.taskdefs.optional.vss.MSVSSHISTORY,0
org.apache.tools.ant.taskdefs.CVSPass,0
org.apache.tools.ant.taskdefs.ManifestTask,0
org.apache.tools.ant.taskdefs.PathConvert.TargetOs,0.023281050901881515
org.apache.tools.ant.taskdefs.PathConvert.MapEntry,0.04554312508645118
org.apache.tools.ant.taskdefs.ExecuteOn.FileDirBoth,0.013798103276470757
org.apache.tools.ant.taskdefs.optional.junit.JUnitTask,0
org.apache.tools.ant.taskdefs.Copy,0.6509148044013469
org.apache.tools.ant.taskdefs.Mkdir,0.023281050901881515
org.apache.tools.ant.types.Permissions.MySM,0
org.apache.tools.ant.taskdefs.optional.Cab,0
org.apache.tools.ant.Target,72.01229690937906
org.apache.tools.ant.taskdefs.optional.XMLValidateTask.Attribute,0.04554312508645118
org.apache.tools.ant.types.selectors.DifferentSelector,0.12028033915611658
org.apache.tools.ant.util.depend.bcel.DependencyVisitor,0.011276748698479971
org.apache.tools.ant.taskdefs.Execute.WinNTCommandLauncher,0
org.apache.tools.ant.taskdefs.optional.extension.JarLibDisplayTask,0
org.apache.tools.ant.taskdefs.optional.ssh.SSHBase,0.6026931192324083
org.apache.tools.ant.types.selectors.SizeSelector,0.13607979973845935
org.apache.tools.ant.taskdefs.optional.ide.VAJImport.LocalDirectoryScanner,0.011276748698479971
org.apache.tools.ant.filters.HeadFilter,0.014456981769478607
org.apache.tools.ant.taskdefs.compilers.Gcj,0
org.apache.tools.ant.taskdefs.rmic.RmicAdapter,0.11108736134110003
org.apache.tools.ant.helper.ProjectHelper2.TargetHandler,0
org.apache.tools.ant.taskdefs.ProcessDestroyer,0.6404227917030723
org.apache.tools.ant.taskdefs.optional.Native2Ascii,0
org.apache.tools.ant.taskdefs.optional.ide.VAJBuildInfo,0.8385573533237948
org.apache.tools.ant.taskdefs.optional.depend.Depend.ClassFileInfo,0.20875518449664532
org.apache.tools.ant.taskdefs.ExecuteWatchdog,1.2945661238621586
org.apache.tools.ant.taskdefs.Concat.TextElement,0.17066407331853756
org.apache.tools.ant.taskdefs.XSLTProcess.Factory,0.04038934266641042
org.apache.tools.ant.taskdefs.optional.extension.ExtensionAdapter,0.1334933190223016
org.apache.tools.ant.taskdefs.optional.depend.constantpool.FloatCPInfo,0.07803578482115886
org.apache.tools.ant.taskdefs.optional.net.FTP.FTPDirectoryScanner.AntFTPRootFile,0.018077401417453554
org.apache.tools.ant.taskdefs.Concat.MultiReader,0
org.apache.tools.ant.util.KeepAliveOutputStream,0
org.apache.tools.ant.taskdefs.optional.sitraka.Filters.Exclude,0.02919245484025164
org.apache.tools.ant.util.JavaEnvUtils,18.826018613705678
org.apache.tools.ant.util.regexp.RegexpUtil,0.41021178850946055
org.apache.tools.ant.types.FilterSetCollection,9.425473063250955
org.apache.tools.ant.types.optional.image.Ellipse,0.013524521884178433
org.apache.tools.ant.taskdefs.optional.dotnet.CSharp,0
org.apache.tools.ant.taskdefs.optional.ejb.EjbcHelper,0
org.apache.tools.ant.taskdefs.Echo.EchoLevel,0.011276748698479971
org.apache.tools.ant.taskdefs.optional.perforce.FStatP4OutputHandler,0.07060812987407891
org.apache.tools.ant.listener.AnsiColorLogger,0
org.apache.tools.ant.taskdefs.Recorder.ActionChoices,0.011276748698479971
org.apache.tools.ant.taskdefs.optional.sitraka.Coverage.CoverageStreamHandler,0.017202688445641285
org.apache.tools.ant.RuntimeConfigurable,238.56330810610268
org.apache.tools.tar.TarUtils,0.8934754858263629
org.apache.tools.ant.Task,1053.954780227721
org.apache.tools.ant.taskdefs.Rmic.ImplementationSpecificArgument,0.04059434563439797
org.apache.tools.ant.types.optional.image.Rectangle,0.1282179096541881
org.apache.tools.ant.taskdefs.optional.clearcase.CCLock,0
org.apache.tools.ant.taskdefs.Exec,0
org.apache.tools.ant.IntrospectionHelper.AttributeSetter,0.06879601401813944
org.apache.tools.ant.taskdefs.optional.EchoProperties,0
org.apache.tools.ant.taskdefs.optional.dotnet.DotnetCompile.TargetTypes,0.017806842001141722
org.apache.tools.bzip2.CBZip2OutputStream.StackElem,0.017533626573423052
org.apache.tools.ant.types.selectors.modifiedselector.Algorithm,0.11656757966020945
org.apache.tools.ant.taskdefs.optional.junit.BaseTest,0.5960757723759065
org.apache.tools.ant.taskdefs.Tstamp.Unit,0.0692963483805715
org.apache.tools.ant.taskdefs.Rmic,1.2682712335861144
org.apache.tools.ant.taskdefs.optional.depend.DirectoryIterator,0
org.apache.tools.ant.types.optional.image.Draw,0.08937714467930807
org.apache.tools.ant.taskdefs.Javadoc.AccessType,0.011276748698479971
org.apache.tools.ant.types.FilterSet,7.670697997013408
org.apache.tools.ant.taskdefs.SignJar,0
org.apache.tools.ant.taskdefs.optional.sitraka.bytecode.JarLoader,0.017202688445641285
org.apache.tools.ant.taskdefs.cvslib.RCSFile,0.3222882925760472
org.apache.tools.ant.taskdefs.optional.depend.Depend,0
org.apache.tools.ant.types.ZipFileSet,0.3975090881672794
org.apache.tools.ant.taskdefs.optional.depend.constantpool.StringCPInfo,0.07803578482115886
org.apache.tools.ant.util.regexp.JakartaRegexpMatcher,0.05547780927871822
org.apache.tools.zip.UnrecognizedExtraField,0.01690077922961658
org.apache.tools.ant.taskdefs.cvslib.CvsTagDiff,0
org.apache.tools.ant.types.Description,2.3636045557421954
org.apache.tools.ant.taskdefs.Javadoc,0
org.apache.tools.ant.taskdefs.optional.sitraka.Filters,0.035831412283543335
org.apache.tools.ant.taskdefs.optional.starteam.StarTeamCheckin,0.017202688445641285
org.apache.tools.ant.TaskContainer,0.6408073136028941
org.apache.tools.ant.taskdefs.optional.junit.BriefJUnitResultFormatter,0
org.apache.tools.ant.taskdefs.cvslib.CvsVersion,0.011276748698479971
org.apache.tools.ant.util.regexp.RegexpMatcher,0.8084067387044384
org.apache.tools.ant.taskdefs.optional.ejb.JonasDeploymentTool,0.022229582120933865
org.apache.tools.ant.input.InputHandler,4.04618046806494
org.apache.tools.ant.taskdefs.optional.junit.XMLConstants,0.04326153895119881
org.apache.tools.ant.taskdefs.optional.starteam.StarTeamLabel,0
org.apache.tools.ant.taskdefs.optional.perforce.P4Revert,0
org.apache.tools.ant.helper.ProjectHelper2.ProjectHandler,0
org.apache.tools.ant.taskdefs.optional.extension.Extension,1.3418635776550376
org.apache.tools.ant.DemuxOutputStream.BufferInfo,0.12280510512821355
org.apache.tools.ant.taskdefs.optional.sound.SoundTask.BuildAlert,0.16312495889057657
org.apache.tools.ant.taskdefs.cvslib.RedirectingOutputStream,0.02240768180953907
org.apache.tools.ant.taskdefs.optional.perforce.P4Have,0
org.apache.tools.mail.ErrorInQuitException,0.025229739535824795
org.apache.tools.ant.taskdefs.condition.IsReference,0.03571661237765268
org.apache.tools.ant.util.depend.bcel.AncestorAnalyzer,0
org.apache.tools.bzip2.CBZip2OutputStream,0.059815574472188084
org.apache.tools.ant.taskdefs.email.EmailAddress,0.5832399190905764
org.apache.tools.ant.util.TimeoutObserver,0.2958099203788941
org.apache.tools.ant.taskdefs.optional.vss.MSVSSGET,0
org.apache.tools.ant.filters.ReplaceTokens,0.014456981769478607
org.apache.tools.ant.ProjectComponent,782.9421148196657
org.apache.tools.ant.taskdefs.Javac,1.4311676081034301
org.apache.tools.ant.taskdefs.optional.PropertyFile.Entry,0.04554312508645118
org.apache.tools.ant.IntrospectionHelper,1.0693392939486877
org.apache.tools.ant.util.regexp.JakartaOroMatcher,0.035831412283543335
org.apache.tools.ant.taskdefs.optional.NetRexxC,0
org.apache.tools.ant.taskdefs.compilers.CompilerAdapter,0.0940915195429473
org.apache.tools.ant.taskdefs.optional.jsp.WLJspc,0
org.apache.tools.ant.taskdefs.optional.sos.SOSCheckin,0
org.apache.tools.ant.taskdefs.optional.ejb.IPlanetEjbc.RedirectOutput,0.07826696372713299
org.apache.tools.ant.taskdefs.XSLTLiaison,0.2105287555234176
org.apache.tools.ant.taskdefs.Execute.PerlScriptCommandLauncher,0
org.apache.tools.ant.taskdefs.optional.XslpLiaison,0
org.apache.tools.ant.taskdefs.optional.PropertyFile.Unit,0.015947838450936502
org.apache.tools.ant.types.selectors.ExtendFileSelector,0.0734633629839529
org.apache.tools.ant.taskdefs.optional.perforce.P4Resolve,0
org.apache.tools.ant.types.Path,142.9709667809939
org.apache.tools.ant.filters.TokenFilter.ReplaceRegex,0.02857881648733743
org.apache.tools.ant.taskdefs.Javadoc.TagArgument,0.06561161546637204
org.apache.tools.ant.taskdefs.Echo,0
org.apache.tools.ant.taskdefs.optional.dotnet.DotnetBaseMatchingTask,0.21738738417672607
org.apache.tools.ant.taskdefs.optional.ejb.IPlanetEjbcTask,0
org.apache.tools.ant.types.optional.image.Arc,0.013524521884178433
org.apache.tools.ant.taskdefs.optional.depend.constantpool.IntegerCPInfo,0.07803578482115886
org.apache.tools.ant.taskdefs.MacroDef.NestedSequential,0.11557393328994428
org.apache.tools.ant.helper.ProjectHelper2.RootHandler,0.07046427267991617
org.apache.tools.ant.taskdefs.Jar,0.0365526892664361
org.apache.tools.ant.types.selectors.modifiedselector.HashvalueAlgorithm,0
org.apache.tools.ant.taskdefs.Sleep,0
org.apache.tools.ant.taskdefs.optional.ejb.IPlanetEjbc.EjbcException,0.35557622432309055
org.apache.tools.ant.taskdefs.optional.sitraka.bytecode.MethodInfo,0.3822156604414467
org.apache.tools.zip.ZipEntry,0.8301471473921611
org.apache.tools.ant.util.SourceFileScanner,0.5187956115594304
org.apache.tools.ant.taskdefs.optional.sitraka.CovReport.ReportFormat,0.011916595346400388
org.apache.tools.ant.types.RegularExpression,0.6411053090984417
org.apache.tools.ant.util.depend.AbstractAnalyzer,0.31096809686438504
org.apache.tools.ant.taskdefs.TempFile,0
org.apache.tools.ant.taskdefs.optional.depend.constantpool.MethodRefCPInfo,0.1490402501944712
org.apache.tools.ant.taskdefs.optional.extension.DeweyDecimal,1.4137407007887108
org.apache.tools.ant.taskdefs.Get,0.025331368847059693
org.apache.tools.ant.taskdefs.Available.FileDir,0.12330980443010259
org.apache.tools.ant.taskdefs.condition.Or,0.03571661237765268
org.apache.tools.ant.taskdefs.optional.depend.JarFileIterator,0
org.apache.tools.ant.taskdefs.optional.ejb.IPlanetEjbc,0.06563067353883434
org.apache.tools.ant.taskdefs.optional.sitraka.bytecode.attributes.AttributeInfo,0
org.apache.tools.ant.helper.ProjectHelperImpl.TargetHandler,0.018375599021480463
org.apache.tools.ant.filters.BaseParamFilterReader,0.7660997694461295
org.apache.tools.ant.taskdefs.optional.Javah,0
org.apache.tools.ant.taskdefs.GUnzip,0
org.apache.tools.ant.BuildException,498.2733132659936
org.apache.tools.ant.util.WeakishReference,0.0365526892664361
org.apache.tools.ant.taskdefs.optional.vss.MSVSSCHECKOUT,0
org.apache.tools.ant.taskdefs.Parallel.TaskList,0.020223986888337337
org.apache.tools.ant.taskdefs.optional.sitraka.Triggers,0.05547780927871822
org.apache.tools.ant.types.Assertions.DisabledAssertion,0.014149792273280726
org.apache.tools.ant.taskdefs.optional.sitraka.Socket,0.017202688445641285
org.apache.tools.ant.types.Commandline,62.91557779403892
org.apache.tools.ant.AntClassLoader,9.371603262860303
org.apache.tools.ant.taskdefs.optional.Native2Ascii.ExtMapper,0
org.apache.tools.ant.AntClassLoader.ResourceEnumeration,0.07910236971927369
org.apache.tools.ant.taskdefs.Javadoc.DocletInfo,0.035831412283543335
org.apache.tools.ant.taskdefs.optional.ReplaceRegExp,0
org.apache.tools.ant.taskdefs.compilers.Jikes,0
org.apache.tools.ant.types.FileList,3.5446198482097775
org.apache.tools.ant.types.PatternSet,1.4887496737456076
org.apache.tools.ant.util.optional.NoExitSecurityManager,0
org.apache.tools.ant.taskdefs.optional.splash.SplashTask,0
org.apache.tools.ant.taskdefs.optional.ccm.CCMReconfigure,0
org.apache.tools.ant.taskdefs.Execute.CommandLauncher,1.2675625871611504
org.apache.tools.ant.types.AbstractFileSet,10.640585324097705
org.apache.tools.ant.taskdefs.Expand,0.035831412283543335
org.apache.tools.ant.taskdefs.optional.ide.VAJBuildInfo.BuildInterruptedException,0
org.apache.tools.ant.taskdefs.optional.junit.CompoundEnumeration,0.04568673193966394
org.apache.tools.ant.taskdefs.optional.clearcase.ClearCase,7.65131828072243
org.apache.tools.ant.util.TeeOutputStream,0.2702494050316222
org.apache.tools.ant.taskdefs.optional.j2ee.JonasHotDeploymentTool,0.07083062971091397
org.apache.tools.ant.taskdefs.optional.extension.resolvers.LocationResolver,0.011276748698479971
org.apache.tools.ant.taskdefs.optional.perforce.P4Add,0
org.apache.tools.ant.taskdefs.optional.dotnet.Ildasm.VisibilityOptions,0
org.apache.tools.ant.filters.TokenFilter.ChainableReaderFilter,0.21042858797572153
org.apache.tools.ant.taskdefs.optional.extension.LibFileSet,0.05058478334429554
org.apache.tools.ant.taskdefs.optional.ide.VAJLocalUtil,0.13906997392943088
org.apache.tools.ant.taskdefs.optional.junit.AggregateTransformer.Format,0.020473062923000766
org.apache.tools.ant.ComponentHelper.AntTypeTable,0.44762036204944233
org.apache.tools.ant.taskdefs.optional.starteam.StarTeamCheckin.CheckinMap,0
org.apache.tools.ant.taskdefs.optional.perforce.P4Delete,0
org.apache.tools.ant.taskdefs.compilers.Javac12,0
org.apache.tools.ant.UnknownElement,175.04735111881905
org.apache.tools.ant.taskdefs.DefBase,0.086831143334918
org.apache.tools.ant.taskdefs.MacroDef.MyAntTypeDefinition,0.046015596195254145
org.apache.tools.ant.taskdefs.optional.script.ScriptDef,0.08639877835911643
org.apache.tools.ant.taskdefs.optional.clearcase.CCMklabel,0
org.apache.tools.ant.types.FilterChain,0.11914070896418535
org.apache.tools.ant.types.selectors.SizeSelector.SizeComparisons,0.03190878690460913
org.apache.tools.ant.taskdefs.optional.XalanLiaison,0
org.apache.tools.ant.taskdefs.optional.ide.VAJLoadServlet,0
org.apache.tools.ant.taskdefs.optional.depend.constantpool.InterfaceMethodRefCPInfo,0.1490402501944712
org.apache.tools.ant.taskdefs.optional.clearcase.CCUnlock,0
org.apache.tools.ant.taskdefs.optional.extension.ExtensionResolver,0.10903848310820974
org.apache.tools.ant.helper.ProjectHelperImpl.DescriptionHandler,0.02808905382612876
org.apache.tools.ant.taskdefs.optional.sitraka.StringUtil,0.17139976952759722
org.apache.tools.ant.taskdefs.optional.j2ee.WebLogicHotDeploymentTool,0.07083062971091397
org.apache.tools.ant.taskdefs.Taskdef,0
org.apache.tools.ant.DynamicConfigurator,0.16610483486776448
org.apache.tools.ant.taskdefs.optional.clearcase.CCMkattr,0
org.apache.tools.ant.types.Mapper,0.9154562424088392
org.apache.tools.ant.taskdefs.optional.sos.SOSCheckout,0
org.apache.tools.ant.taskdefs.optional.perforce.SimpleP4OutputHandler,0.5077955286985582
org.apache.tools.bzip2.CBZip2InputStream,0.058731068753005475
org.apache.tools.ant.Project,868.9279565637637
org.apache.tools.zip.ZipFile,0.0933439596028924
org.apache.tools.ant.types.Parameterizable,0.2311392500008427
org.apache.tools.ant.taskdefs.optional.perforce.P4HandlerAdapter,0.09957661025665401
org.apache.tools.ant.taskdefs.JDBCTask,0.11864555072045091
org.apache.tools.ant.taskdefs.optional.jsp.JspC.WebAppParameter,0.03700841355215731
org.apache.tools.ant.taskdefs.email.MimeMailer,0
org.apache.tools.ant.taskdefs.optional.junit.FormatterElement,0.8645933043651015
org.apache.tools.ant.taskdefs.optional.jsp.Jasper41Mangler,0
org.apache.tools.ant.types.FlexInteger,0
org.apache.tools.ant.taskdefs.optional.starteam.StarTeamTask,1.1556910381815846
org.apache.tools.ant.taskdefs.Basename,0
org.apache.tools.ant.taskdefs.optional.junit.JUnitVersionHelper,0.0365526892664361
org.apache.tools.ant.taskdefs.optional.extension.ExtensionSet,0.09379237773050322
org.apache.tools.ant.util.depend.DependencyAnalyzer,1.166604605586315
org.apache.tools.ant.taskdefs.Tar.TarLongFileMode,0.16689070707846435
org.apache.tools.ant.taskdefs.optional.sitraka.ReportFilters,0.16807351878655277
org.apache.tools.ant.launch.Locator,1.3490269689789185
org.apache.tools.ant.types.selectors.PresentSelector.FilePresence,0.015455808324801161
org.apache.tools.ant.filters.TabsToSpaces,0.014456981769478607
org.apache.tools.ant.taskdefs.Jar.FilesetManifestConfig,0.02094070628571844
org.apache.tools.ant.types.selectors.ExtendSelector,0.13607979973845932
org.apache.tools.ant.taskdefs.optional.jsp.compilers.JspCompilerAdapterFactory,0.0217107591396832
org.apache.tools.ant.util.WeakishReference.HardReference,0
org.apache.tools.ant.util.TaskLogger,0
org.apache.tools.ant.helper.ProjectHelperImpl.DataTypeHandler,0.02808905382612876
org.apache.tools.ant.taskdefs.rmic.WLRmic,0
org.apache.tools.ant.types.selectors.NoneSelector,0.1775080345962518
org.apache.tools.ant.taskdefs.optional.ejb.BorlandDeploymentTool,0.022229582120933865
org.apache.tools.ant.taskdefs.optional.dotnet.Ildasm,0
org.apache.tools.ant.taskdefs.Replace.Replacefilter,0.08639877835911643
org.apache.tools.ant.taskdefs.optional.vss.MSVSSCHECKIN,0
org.apache.tools.ant.taskdefs.optional.junit.Enumerations,0.06321681227055692
org.apache.tools.ant.taskdefs.MacroInstance,0
org.apache.tools.ant.taskdefs.rmic.DefaultRmicAdapter.RmicFileNameMapper,0.029223607879785486
org.apache.tools.ant.taskdefs.Parallel,0
org.apache.tools.ant.taskdefs.rmic.KaffeRmic,0
org.apache.tools.ant.taskdefs.Delete,0.023281050901881515
org.apache.tools.ant.taskdefs.email.MimeMailer.StringDataSource,0.011276748698479971
org.apache.tools.ant.taskdefs.optional.dotnet.Ildasm.EncodingTypes,0.029494962395420786
org.apache.tools.ant.types.selectors.SelectorUtils,3.94889946256169
org.apache.tools.ant.taskdefs.optional.extension.LibraryDisplayer,0.011276748698479971
org.apache.tools.ant.PropertyHelper,49.99022622511931
org.apache.tools.ant.taskdefs.optional.depend.constantpool.ConstantPool,1.0632759955337536
org.apache.tools.ant.taskdefs.Javadoc.Html,0.37631074964908723
org.apache.tools.zip.ZipFile.BoundedInputStream,0.03591128668537146
org.apache.tools.ant.taskdefs.optional.ssh.SSHExec,0
org.apache.tools.ant.taskdefs.optional.unix.AbstractAccessTask,0.0365526892664361
org.apache.tools.ant.taskdefs.optional.perforce.P4Counter,0
org.apache.tools.ant.types.selectors.modifiedselector.EqualComparator,0
org.apache.tools.ant.taskdefs.Input,0
org.apache.tools.ant.taskdefs.Zip.Duplicate,0.014698350627171229
org.apache.tools.ant.taskdefs.PreSetDef.PreSetDefinition,0.18468774603839866
org.apache.tools.ant.taskdefs.LoadFile,0
org.apache.tools.ant.taskdefs.Ant,0.4612542953963927
org.apache.tools.zip.ZipExtraField,0.4863432527625152
org.apache.tools.ant.taskdefs.optional.dotnet.ImportTypelib,0
org.apache.tools.ant.taskdefs.optional.j2ee.ServerDeploy,0.7208280242640761
org.apache.tools.ant.filters.TokenFilter.FileTokenizer,0.013073713664984908
org.apache.tools.ant.taskdefs.PathConvert,0
org.apache.tools.ant.taskdefs.optional.junit.XMLResultAggregator,0
org.apache.tools.ant.taskdefs.optional.clearcase.CCMkdir,0
org.apache.tools.ant.taskdefs.optional.net.TelnetTask,0
org.apache.tools.ant.taskdefs.optional.script.ScriptDefBase,0
org.apache.tools.ant.util.regexp.JakartaRegexpRegexp,0
org.apache.tools.ant.taskdefs.optional.net.FTP.Action,0.023281050901881515
org.apache.tools.ant.util.IdentityMapper,0
org.apache.tools.ant.taskdefs.optional.junit.XMLJUnitResultFormatter,0
org.apache.tools.ant.taskdefs.optional.unix.Symlink,0
org.apache.tools.ant.taskdefs.optional.vss.MSVSSADD,0
org.apache.tools.ant.filters.TokenFilter.ContainsRegex,0.02857881648733743
org.apache.tools.ant.taskdefs.optional.ejb.JbossDeploymentTool,0.022229582120933865
org.apache.tools.ant.taskdefs.optional.perforce.P4Submit.P4SubmitAdapter,0.017202688445641285
org.apache.tools.ant.taskdefs.optional.sound.AntSoundPlayer,0.029494962395420786
org.apache.tools.ant.taskdefs.optional.metamata.MAuditParser.Violation,0.08388137210117708
org.apache.tools.ant.filters.util.JavaClassHelper,0
org.apache.tools.ant.types.ZipScanner,0.09323922382084746
org.apache.tools.ant.taskdefs.MacroDef.Text,0.14359284118986795
org.apache.tools.ant.util.CollectionUtils,0.2572645990883662
org.apache.tools.ant.taskdefs.Javadoc.PackageName,0.160091760696463
org.apache.tools.ant.helper.ProjectHelperImpl.NestedElementHandler,0.04002748719578916
org.apache.tools.ant.util.RegexpPatternMapper,0
org.apache.tools.ant.types.Permissions.Permission,0.32085671707273883
org.apache.tools.ant.taskdefs.Deltree,0
org.apache.tools.ant.taskdefs.optional.perforce.P4Fstat,0.041100409991273894
org.apache.tools.ant.taskdefs.optional.ejb.EjbJar.Config,0.35955666917482026
org.apache.tools.ant.taskdefs.optional.sitraka.ReportFilters.Include,0.03868426034671081
org.apache.tools.ant.types.selectors.modifiedselector.PropertiesfileCache,0.01889547209174607
org.apache.tools.ant.types.EnumeratedAttribute,16.454224031432606
org.apache.tools.ant.types.selectors.SizeSelector.ByteUnits,0.03190878690460913
org.apache.tools.ant.types.PropertySet,0.4821799249381628
org.apache.tools.ant.types.resolver.ApacheCatalogResolver,0.08211572983812791
org.apache.tools.ant.taskdefs.optional.ide.VAJProjectDescription,0.2854750253278546
org.apache.tools.ant.filters.LineContains,0.014456981769478607
org.apache.tools.ant.taskdefs.condition.IsTrue,0.03571661237765268
org.apache.tools.ant.types.selectors.modifiedselector.Cache,0.15275966558651335
org.apache.tools.ant.types.ResourceFactory,0.47073101791875477
org.apache.tools.ant.filters.TokenFilter.IgnoreBlank,0.02857881648733743
org.apache.tools.ant.taskdefs.Patch,0
org.apache.tools.ant.taskdefs.optional.jsp.compilers.DefaultJspCompilerAdapter,0.48014341689288825
org.apache.tools.ant.taskdefs.Javadoc.LinkArgument,0.10058962951241668
org.apache.tools.ant.taskdefs.optional.sitraka.bytecode.ClassPathLoader,0.08181221859203594
org.apache.tools.ant.taskdefs.optional.perforce.P4OutputStream,0.08702902663103367
org.apache.tools.ant.taskdefs.compilers.Kjc,0
org.apache.tools.ant.IntrospectionHelper.NestedCreator,0.3087696914226185
org.apache.tools.zip.ZipShort,1.075958885488837
org.apache.tools.ant.types.selectors.DateSelector,0.13607979973845932
org.apache.tools.ant.taskdefs.optional.clearcase.CCMkbl,0
org.apache.tools.ant.taskdefs.email.Message,0.7290820397468158
org.apache.tools.ant.taskdefs.optional.starteam.StarTeamCheckout.CheckoutMap,0
org.apache.tools.ant.filters.ClassConstants,0.014456981769478607
org.apache.tools.ant.taskdefs.LoadProperties,0
org.apache.tools.ant.taskdefs.optional.sitraka.bytecode.ClassPathLoader.LoaderEnumeration,0
org.apache.tools.ant.taskdefs.Replace.NestedString,0.23050419741255365
org.apache.tools.ant.types.Environment,0.7600271732806928
org.apache.tools.ant.input.MultipleChoiceInputRequest,0.017202688445641285
org.apache.tools.ant.FileScanner,0.4304902776983075
org.apache.tools.ant.taskdefs.optional.depend.constantpool.Utf8CPInfo,0.1490402501944712
org.apache.tools.ant.taskdefs.optional.ide.VAJUtil,1.3312648512949568
org.apache.tools.ant.taskdefs.optional.ssh.SSHUserInfo,0.8618451803774723
org.apache.tools.ant.taskdefs.optional.depend.constantpool.ConstantCPInfo,0.7326797588959959
org.apache.tools.ant.taskdefs.optional.starteam.StarTeamList.UnmatchedListingMap,0
org.apache.tools.ant.taskdefs.optional.jdepend.JDependTask,0
org.apache.tools.ant.taskdefs.WaitFor,0
org.apache.tools.ant.taskdefs.optional.javacc.JJTree,0
org.apache.tools.ant.taskdefs.optional.dotnet.NetCommand,0.6160058800398924
org.apache.tools.ant.util.FileUtils,62.23576049814304
org.apache.tools.ant.taskdefs.Jikes,0
org.apache.tools.ant.taskdefs.SQLExec.Transaction,0.04554312508645118
org.apache.tools.ant.taskdefs.Tar.TarCompressionMethod,0.03904220589057377
org.apache.tools.ant.taskdefs.optional.vss.MSVSS.WritableFiles,0.29907171728536847
org.apache.tools.ant.taskdefs.Javadoc.GroupArgument,0.06561161546637204
org.apache.tools.ant.taskdefs.optional.sitraka.bytecode.ClassFilter,0
org.apache.tools.zip.ZipOutputStream,0.3652050918142172
org.apache.tools.ant.util.FlatFileNameMapper,0
org.apache.tools.ant.taskdefs.optional.sos.SOSGet,0
org.apache.tools.ant.filters.StringInputStream,0
org.apache.tools.ant.taskdefs.email.Mailer,0.11754382845754788
org.apache.tools.ant.taskdefs.optional.ejb.EJBDeploymentTool,0.2904474705879209
org.apache.tools.ant.taskdefs.optional.sitraka.Coverage.Recordfromstart,0.011276748698479971
org.apache.tools.ant.MagicNames,0
org.apache.tools.ant.taskdefs.condition.Contains,0.03571661237765268
org.apache.tools.ant.taskdefs.optional.metamata.MMetrics.GranularityAttribute,0.011276748698479971
org.apache.tools.ant.types.selectors.MappingSelector,0.09054345472147096
org.apache.tools.ant.taskdefs.WhichResource,0
org.apache.tools.ant.taskdefs.optional.clearcase.CCCheckin,0
org.apache.tools.ant.taskdefs.Zip,0.5535996177110103
org.apache.tools.ant.types.AntFilterReader,0.0489460661120803
org.apache.tools.ant.taskdefs.optional.vss.MSVSSCP,0
org.apache.tools.ant.taskdefs.Tstamp,0.02878120882205988
org.apache.tools.ant.BuildLogger,0.171755150006777
org.apache.tools.tar.TarInputStream,0.029494962395420786
org.apache.tools.ant.taskdefs.Concat,0
org.apache.tools.ant.types.optional.image.Scale.ProportionsAttribute,0.013697427513847546
org.apache.tools.ant.taskdefs.optional.ide.VAJImport,0
org.apache.tools.ant.types.PatternSet.NameEntry,1.2602510226350847
org.apache.tools.ant.taskdefs.GenerateKey.DnameParam,0.053034100729184616
org.apache.tools.ant.taskdefs.optional.ejb.WebsphereDeploymentTool.DBVendor,0.011476986192423905
org.apache.tools.ant.taskdefs.SQLExec.OnError,0.011276748698479971
org.apache.tools.ant.taskdefs.optional.junit.Xalan2Executor,0
org.apache.tools.ant.taskdefs.Move,0.023281050901881515
org.apache.tools.ant.util.LazyHashtable,0
org.apache.tools.ant.taskdefs.optional.ejb.WeblogicTOPLinkDeploymentTool,0.022229582120933865
org.apache.tools.ant.util.ClasspathUtils,0.10536505616766001
org.apache.tools.ant.taskdefs.optional.ejb.IPlanetEjbc.Classname,1.0726349475461723
org.apache.tools.zip.ExtraFieldUtils,0.40500882191124565
org.apache.tools.ant.taskdefs.FixCRLF,0
org.apache.tools.ant.taskdefs.optional.net.TelnetTask.TelnetWrite,0
org.apache.tools.ant.taskdefs.WaitFor.Unit,0.023281050901881515
org.apache.tools.ant.taskdefs.condition.Equals,0.03571661237765268
org.apache.tools.ant.taskdefs.Sequential,0
org.apache.tools.ant.taskdefs.optional.ANTLR,0
org.apache.tools.ant.taskdefs.Recorder.VerbosityLevelChoices,0.011276748698479971
org.apache.tools.ant.taskdefs.optional.junit.JUnitTask.SummaryAttribute,0.011276748698479971
org.apache.tools.ant.taskdefs.optional.ejb.Ejbc,0
org.apache.tools.bzip2.CRC,0.3008847923422627
org.apache.tools.ant.helper.ProjectHelperImpl.TaskHandler,0.049959929768746754
org.apache.tools.ant.taskdefs.GenerateKey,0
org.apache.tools.ant.taskdefs.ManifestException,1.0835812703505223
org.apache.tools.ant.listener.Log4jListener,0
org.apache.tools.ant.taskdefs.Javadoc.ExtensionInfo,0.2337496525650942
org.apache.tools.ant.taskdefs.optional.ccm.CCMCheckinDefault,0
org.apache.tools.ant.taskdefs.optional.ejb.IPlanetDeploymentTool,0.022229582120933865
org.apache.tools.ant.taskdefs.KeySubst,0
org.apache.tools.ant.taskdefs.Exit,0
org.apache.tools.ant.taskdefs.optional.metamata.MAuditStreamHandler,0.018022579805979284
org.apache.tools.ant.taskdefs.optional.perforce.P4Label,0
org.apache.tools.ant.taskdefs.PumpStreamHandler,1.7704450968056147
org.apache.tools.ant.taskdefs.ExecuteStreamHandler,3.6506878163845395
org.apache.tools.ant.taskdefs.optional.sitraka.ReportFilters.FilterElement,0.18377703189383737
org.apache.tools.ant.taskdefs.optional.ide.VAJRemoteUtil,0.06018079626401324
org.apache.tools.ant.taskdefs.optional.pvcs.PvcsProject,0.011276748698479971
org.apache.tools.ant.taskdefs.condition.FilesMatch,0.03571661237765268
org.apache.tools.ant.taskdefs.XSLTProcess.OutputProperty,0.04712798871622304
org.apache.tools.ant.taskdefs.optional.net.FTP,0
org.apache.tools.ant.taskdefs.optional.NetRexxC.VerboseAttr,0.023281050901881515
org.apache.tools.ant.taskdefs.compilers.CompilerAdapterFactory,0.028112266720533553
org.apache.tools.ant.types.optional.image.Rotate,0.08937714467930807
org.apache.tools.ant.taskdefs.optional.StyleBook,0
org.apache.tools.ant.taskdefs.Dirname,0
org.apache.tools.ant.util.Watchdog,0.43526515373695573
org.apache.tools.ant.taskdefs.AbstractCvsTask,1.0245276474370875
org.apache.tools.ant.taskdefs.optional.dotnet.DotnetResource,0.12258021053902632
org.apache.tools.ant.types.selectors.BaseSelectorContainer,0.9556076444495512
org.apache.tools.ant.taskdefs.optional.sound.SoundTask,0
org.apache.tools.ant.taskdefs.optional.junit.DOMUtil,0.017202688445641285
org.apache.tools.ant.taskdefs.Tstamp.CustomFormat,0.0723015498618992
org.apache.tools.ant.taskdefs.optional.unix.Chown,0
org.apache.tools.ant.taskdefs.optional.IContract.IContractPresenceDetector,0
org.apache.tools.ant.ProjectHelper,2.001451907026302
org.apache.tools.ant.taskdefs.Sync.MyCopy,0.08639877835911643
org.apache.tools.ant.taskdefs.optional.i18n.Translate,0
org.apache.tools.ant.taskdefs.optional.sitraka.CovReport.ReportType,0.011916595346400388
org.apache.tools.ant.taskdefs.Parallel.TaskRunnable,0.08992343367566183
org.apache.tools.ant.types.FileSet,24.482958571015374
org.apache.tools.ant.taskdefs.optional.dotnet.WsdlToDotnet,0
org.apache.tools.ant.taskdefs.optional.ccm.CCMCheckin,0
org.apache.tools.ant.taskdefs.optional.net.TelnetTask.TelnetRead,0
org.apache.tools.ant.util.regexp.RegexpMatcherFactory,0.3173362166890333
org.apache.tools.ant.taskdefs.optional.splash.SplashScreen,0.026371944816105122
org.apache.tools.ant.taskdefs.optional.junit.Xalan1Executor,0
org.apache.tools.ant.taskdefs.optional.scm.AntStarTeamCheckOut,0
org.apache.tools.ant.taskdefs.optional.jsp.JspNameMangler,0
org.apache.tools.ant.taskdefs.ManifestTask.Mode,0.020223986888337337
org.apache.tools.ant.taskdefs.XSLTProcess,0.030955795500138345
org.apache.tools.ant.input.InputRequest,0.24231059577005262
org.apache.tools.ant.taskdefs.optional.extension.ExtraAttribute,0.035831412283543335
org.apache.tools.ant.taskdefs.optional.javacc.JavaCC,0.07880952010191528
org.apache.tools.ant.taskdefs.condition.Socket,0.03571661237765268
org.apache.tools.ant.helper.ProjectHelper2,0.013210844593261663
org.apache.tools.ant.taskdefs.Checksum,0.03571661237765268
org.apache.tools.ant.types.Assertions.BaseAssertion,0.12952102905341595
org.apache.tools.ant.taskdefs.optional.windows.Attrib,0
org.apache.tools.ant.types.DTDLocation,0.22406848556277714
org.apache.tools.ant.taskdefs.BUnzip2,0
org.apache.tools.ant.taskdefs.optional.junit.XalanExecutor,0.14352262838774704
org.apache.tools.ant.taskdefs.Recorder,0
org.apache.tools.ant.taskdefs.optional.sitraka.CovReport.Reference,0.03775095222730458
org.apache.tools.ant.taskdefs.optional.jlink.ConstantPool,0.06532637467896413
org.apache.tools.ant.taskdefs.Definer.Format,0.012159974853333387
org.apache.tools.ant.types.selectors.FilenameSelector,0.13607979973845935
org.apache.tools.ant.taskdefs.optional.junit.JUnitTestRunner,0.32670728381153613
org.apache.tools.ant.taskdefs.optional.net.RExecTask.RExecWrite,0
org.apache.tools.ant.taskdefs.optional.Test,0
org.apache.tools.ant.types.FilterSet.FiltersFile,0.03926779308307841
org.apache.tools.ant.IntrospectionHelper.Creator,0.3088044545325921
org.apache.tools.ant.taskdefs.XSLTLogger,0.2252361477663821
org.apache.tools.ant.taskdefs.optional.ssh.Directory,0.21872492989392991
org.apache.tools.ant.taskdefs.optional.depend.ClassFileUtils,0.09588331247927347
org.apache.tools.ant.taskdefs.optional.metamata.MAuditParser,0.031364819835164405
org.apache.tools.ant.taskdefs.DependSet,0
org.apache.tools.ant.taskdefs.optional.metamata.MAudit,0.02153288709615787
org.apache.tools.ant.taskdefs.ExecuteOn,0.25094123417354575
org.apache.tools.ant.taskdefs.Manifest.Attribute,0.9949510954157238
org.apache.tools.ant.taskdefs.RecorderEntry,0.05214303436418005
org.apache.tools.ant.taskdefs.optional.sitraka.Triggers.Method,0.06675455797719819
org.apache.tools.ant.taskdefs.optional.jsp.compilers.JspCompilerAdapter,0.1599066705774581
org.apache.tools.ant.util.JAXPUtils,0.29090605284382326
org.apache.tools.ant.types.DataType,79.02866422288523
org.apache.tools.ant.types.optional.image.ImageOperation,0.5350795132037226
org.apache.tools.ant.taskdefs.condition.IsSet,0.03571661237765268
org.apache.tools.ant.taskdefs.optional.ide.VAJLoadProjects,0
org.apache.tools.ant.loader.AntClassLoader2,0
org.apache.tools.ant.taskdefs.Execute.CommandLauncherProxy,0.41920329648408455
org.apache.tools.ant.taskdefs.Copyfile,0
org.apache.tools.ant.taskdefs.optional.ide.VAJExportServlet,0
org.apache.tools.ant.taskdefs.optional.XMLValidateTask,0
org.apache.tools.ant.util.regexp.Regexp,0.3517057670021483
org.apache.tools.tar.TarOutputStream,0.04227980083559477
org.apache.tools.ant.types.Mapper.MapperType,0.10788902976893933
org.apache.tools.ant.taskdefs.optional.ejb.EjbJar.DTDLocation,0.41165133468475773
org.apache.tools.ant.types.optional.image.Text,0.09162491786500654
org.apache.tools.ant.taskdefs.optional.ide.VAJImportServlet,0
org.apache.tools.ant.taskdefs.optional.ide.VAJAntToolGUI.VAJBuildLogger,0.06817917351308507
org.apache.tools.ant.taskdefs.optional.depend.AntAnalyzer,0.017202688445641285
org.apache.tools.tar.TarEntry,0.3368768859359782
org.apache.tools.ant.filters.TokenFilter.DeleteCharacters,0.02857881648733743
org.apache.tools.ant.taskdefs.Ear,0
org.apache.tools.ant.taskdefs.optional.depend.constantpool.FieldRefCPInfo,0.1490402501944712
org.apache.tools.ant.taskdefs.CallTarget,0
org.apache.tools.ant.taskdefs.optional.sitraka.bytecode.ClassFile,0.5391781835439944
org.apache.tools.ant.util.LoaderUtils,0.8826435167184686
org.apache.tools.ant.taskdefs.Transform,0
org.apache.tools.ant.taskdefs.Javadoc.SourceFile,0.08992343367566183
org.apache.tools.ant.taskdefs.optional.vss.MSVSSHISTORY.BriefCodediffNofile,0.011276748698479971
org.apache.tools.ant.taskdefs.optional.dotnet.Ilasm.TargetTypes,0.011276748698479971
org.apache.tools.ant.taskdefs.optional.sitraka.Filters.FilterElement,0.059106186663396044
org.apache.tools.ant.taskdefs.Definer,0.08694938571353984
org.apache.tools.ant.taskdefs.Tar.TarFileSet,0.14442114494908118
org.apache.tools.ant.types.selectors.modifiedselector.ModifiedSelector.ComparatorName,0.035752014759725226
org.apache.tools.ant.launch.AntMain,0.04730028781511304
org.apache.tools.ant.taskdefs.condition.Not,0.03571661237765268
org.apache.tools.ant.types.optional.image.Scale,0.08937714467930807
org.apache.tools.ant.helper.ProjectHelper2.ElementHandler,0
org.apache.tools.ant.taskdefs.optional.perforce.P4Base,2.37962143219121
org.apache.tools.ant.taskdefs.FixCRLF.CrLf,0.03649375793213315
org.apache.tools.ant.types.selectors.SelectSelector,0.13607979973845932
org.apache.tools.ant.taskdefs.compilers.JavacExternal,0
org.apache.tools.ant.taskdefs.optional.net.FTP.FTPDirectoryScanner.AntFTPFile,0.2194411408681229
org.apache.tools.ant.taskdefs.condition.Http,0.03571661237765268
org.apache.tools.ant.taskdefs.optional.jdepend.JDependTask.FormatAttribute,0.011276748698479971
org.apache.tools.ant.util.LazyFileOutputStream,0.1285042449746239
org.apache.tools.ant.taskdefs.Untar,0
org.apache.tools.ant.taskdefs.optional.clearcase.CCUnCheckout,0
org.apache.tools.ant.types.selectors.BaseSelector,3.905777197492026
org.apache.tools.ant.types.optional.image.ColorMapper,0.18318143373341558
org.apache.tools.ant.taskdefs.Manifest,0.5777123590412631
org.apache.tools.zip.ZipLong,0.9687534134111819
org.apache.tools.ant.taskdefs.ExecTask,1.6555118301153298
org.apache.tools.ant.util.FileNameMapper,1.2541686976339212
org.apache.tools.ant.taskdefs.optional.perforce.P4Reopen,0
org.apache.tools.ant.taskdefs.Untar.UntarCompressionMethod,0.03904220589057377
org.apache.tools.ant.taskdefs.optional.XMLValidateTask.ValidatorErrorHandler,0.04554312508645118
org.apache.tools.ant.types.PropertySet.PropertyRef,0.12354361254443304
org.apache.tools.ant.taskdefs.email.PlainMailer,0.017202688445641285
org.apache.tools.ant.taskdefs.optional.clearcase.CCCheckout,0
org.apache.tools.ant.taskdefs.optional.sitraka.CovMerge,0
org.apache.tools.ant.taskdefs.optional.junit.PlainJUnitResultFormatter,0
org.apache.tools.mail.SmtpResponseReader,0.12252050826494224
org.apache.tools.ant.filters.TokenFilter.ReplaceString,0.02857881648733743
org.apache.tools.ant.taskdefs.ProcessDestroyer.ProcessDestroyerImpl,0.1355607827187455
org.apache.tools.ant.taskdefs.Ant.Reference,0.07418334921510901
org.apache.tools.ant.filters.TokenFilter.ContainsString,0.013073713664984908
org.apache.tools.ant.taskdefs.optional.ejb.DDCreator,0
org.apache.tools.ant.taskdefs.SendEmail,0
org.apache.tools.ant.taskdefs.email.MimeMailer.SimpleAuthenticator,0.017202688445641285
org.apache.tools.ant.taskdefs.Execute.VmsCommandLauncher,0
org.apache.tools.ant.taskdefs.Filter,0
org.apache.tools.ant.taskdefs.cvslib.ChangeLogParser,0.08381107036527019
org.apache.tools.ant.taskdefs.email.UUMailer,0
org.apache.tools.ant.taskdefs.Javadoc.JavadocOutputStream,0.06221286154676597
org.apache.tools.ant.types.CommandlineJava.SysProperties,1.4969022987224356
org.apache.tools.ant.taskdefs.optional.ide.VAJTask.VAJLocalToolUtil,0
org.apache.tools.ant.taskdefs.optional.jlink.jlink,0.011276748698479971
org.apache.tools.ant.taskdefs.ImportTask,0
org.apache.tools.ant.taskdefs.compilers.Javac13,0
org.apache.tools.ant.taskdefs.cvslib.CVSEntry,0.32895624972258175
org.apache.tools.ant.util.DOMElementWriter,0.012024691674377419
org.apache.tools.ant.taskdefs.Redirector,1.3675051041950166
org.apache.tools.ant.taskdefs.optional.vss.MSVSSConstants,0.2720281354647057
org.apache.tools.ant.taskdefs.optional.j2ee.AbstractHotDeploymentTool,0.7289487639325597
org.apache.tools.ant.BuildListener,26.597032520455876
org.apache.tools.ant.types.selectors.modifiedselector.ModifiedSelector.CacheName,0.035752014759725226
org.apache.tools.ant.filters.ReplaceTokens.Token,0.012433338308580481
org.apache.tools.ant.filters.TokenFilter.StringTokenizer,0.013073713664984908
org.apache.tools.ant.listener.MailLogger,0
org.apache.tools.ant.Project.AntRefTable,2.3636045557421954
org.apache.tools.ant.types.CommandlineJava,10.279310180612894
org.apache.tools.ant.taskdefs.optional.junit.FormatterElement.TypeAttribute,0.04048904455841089
org.apache.tools.ant.taskdefs.optional.ide.VAJToolsServlet.VAJLocalServletUtil,0
org.apache.tools.ant.ComponentHelper,50.89492055130272
org.apache.tools.ant.helper.ProjectHelperImpl,0.3576062092389751
org.apache.tools.ant.types.selectors.modifiedselector.DigestAlgorithm,0
org.apache.tools.ant.util.regexp.Jdk14RegexpRegexp,0
org.apache.tools.ant.taskdefs.optional.junit.SummaryJUnitResultFormatter,0.06221286154676597
org.apache.tools.ant.taskdefs.Javac.ImplementationSpecificArgument,0.032951828209044985
org.apache.tools.ant.taskdefs.email.EmailTask,0.0365526892664361
org.apache.tools.ant.taskdefs.Zip.WhenEmpty,0.027432774319885743
org.apache.tools.ant.types.selectors.MajoritySelector,0.13607979973845935
org.apache.tools.ant.taskdefs.optional.vss.MSVSSLABEL,0
org.apache.tools.ant.util.StringUtils,0.5516310090428205
org.apache.tools.ant.taskdefs.optional.clearcase.CCRmtype,0
org.apache.tools.ant.taskdefs.cvslib.CvsUser,0.035831412283543335
org.apache.tools.ant.taskdefs.Pack,0.0365526892664361
org.apache.tools.ant.util.MergingMapper,0.04070306148747346
org.apache.tools.ant.taskdefs.optional.EchoProperties.FormatAttribute,0.011276748698479971
org.apache.tools.ant.taskdefs.War,0
org.apache.tools.ant.taskdefs.optional.dotnet.DotnetCompile,0.2644687787578009
org.apache.tools.ant.taskdefs.optional.perforce.P4Edit,0
org.apache.tools.ant.taskdefs.cvslib.RedirectingStreamHandler,0.029494962395420786
org.apache.tools.ant.taskdefs.optional.sitraka.bytecode.NullLoader,0.035831412283543335
org.apache.tools.ant.BuildEvent,39.04550108353301
org.apache.tools.ant.taskdefs.optional.ide.VAJWorkspaceScanner,0.015161138458592389
org.apache.tools.ant.taskdefs.Execute.Java11CommandLauncher,0
org.apache.tools.ant.filters.TailFilter,0.014456981769478607
org.apache.tools.ant.filters.LineContainsRegExp,0.014456981769478607
org.apache.tools.ant.types.XMLCatalog.InternalResolver,0.01928124385027172
org.apache.tools.ant.taskdefs.optional.extension.JarLibManifestTask,0
org.apache.tools.ant.taskdefs.optional.net.RExecTask.RExecSubTask,0.1508582877034381
org.apache.tools.ant.types.DirSet,3.4180448087594404
org.apache.tools.ant.taskdefs.optional.ssh.AbstractSshMessage,0.6799518271462208
org.apache.tools.ant.DefaultLogger,0.21930784521896907
org.apache.tools.ant.util.Tokenizer,0.28070992765819314
org.apache.tools.ant.taskdefs.email.EmailTask.Encoding,0.011797071677361624
org.apache.tools.ant.taskdefs.Javadoc.DocletParam,0.06596034194003583
org.apache.tools.ant.util.regexp.RegexpFactory,0.08834392931595296
org.apache.tools.ant.util.LineTokenizer,0.8245507084812538
org.apache.tools.ant.taskdefs.cvslib.CvsTagEntry,0.13700388719001633
org.apache.tools.ant.taskdefs.optional.depend.constantpool.ConstantPoolEntry,1.5500625528641299
org.apache.tools.ant.taskdefs.StreamPumper,0.08665114462080792
org.apache.tools.zip.UnixStat,0.020223986888337337
org.apache.tools.ant.taskdefs.optional.jlink.JlinkTask,0
org.apache.tools.ant.taskdefs.optional.net.RExecTask.RExecRead,0
org.apache.tools.ant.filters.StripLineBreaks,0.014456981769478607
org.apache.tools.ant.taskdefs.optional.extension.ExtensionUtil,0.12240304858594492
org.apache.tools.ant.taskdefs.Exec.StreamPumper,0.06221286154676597
org.apache.tools.ant.types.optional.depend.ClassfileSet,0
org.apache.tools.ant.util.regexp.JakartaOroRegexp,0
org.apache.tools.ant.taskdefs.SQLExec.DelimiterType,0.011276748698479971
org.apache.tools.ant.taskdefs.Property,0.2642095935805982
org.apache.tools.ant.types.selectors.ContainsSelector,0.13607979973845932
org.apache.tools.ant.taskdefs.optional.dotnet.DotnetDefine,0.05542169219152859
org.apache.tools.ant.taskdefs.optional.metamata.MMetricsStreamHandler.ElementEntry,0.10363577654534133
org.apache.tools.ant.taskdefs.optional.extension.resolvers.URLResolver,0.011276748698479971
org.apache.tools.ant.taskdefs.JikesOutputParser,0.020223986888337337
org.apache.tools.ant.types.PropertySet.BuiltinPropertySetName,0.11832793482103443
org.apache.tools.ant.taskdefs.optional.ide.VAJLoad,0.017202688445641285
org.apache.tools.ant.taskdefs.compilers.DefaultCompilerAdapter,1.6596331118396863
org.apache.tools.ant.util.KeepAliveInputStream,0.026340860762250312
org.apache.tools.ant.types.Path.PathElement,6.799244431979957
org.apache.tools.ant.taskdefs.optional.starteam.StarTeamList,0
org.apache.tools.ant.taskdefs.Cvs,0
org.apache.tools.ant.taskdefs.optional.perforce.P4OutputHandler,0
org.apache.tools.ant.taskdefs.optional.ccm.CCMCheckout,0
org.apache.tools.ant.taskdefs.optional.metamata.MParse,0
org.apache.tools.ant.types.optional.image.TransformOperation,0.06993577393636292
org.apache.tools.ant.types.optional.depend.ClassfileSet.ClassRoot,0.011276748698479971
org.apache.tools.ant.taskdefs.optional.ejb.IPlanetEjbc.EjbInfo,0.4645698868451964
org.apache.tools.ant.util.facade.ImplementationSpecificArgument,0.8522308111850236
org.apache.tools.ant.taskdefs.optional.jlink.ClassNameReader,0.047108160982023306
org.apache.tools.mail.MailMessage,0.06718238948795797
org.apache.tools.ant.AntTypeDefinition,1.6644566323919534
org.apache.tools.ant.taskdefs.Execute.ScriptCommandLauncher,0
org.apache.tools.ant.taskdefs.rmic.DefaultRmicAdapter,0.5189030222405581
org.apache.tools.ant.filters.LineContains.Contains,0.012161199576792125
org.apache.tools.ant.filters.StripJavaComments,0.014456981769478607
org.apache.tools.ant.taskdefs.optional.Script,0
org.apache.tools.ant.taskdefs.FixCRLF.OneLiner.BufferLine,0.12773245728852198
org.apache.tools.ant.types.resolver.ApacheCatalog,0.03448765641354749
org.apache.tools.ant.taskdefs.optional.jsp.JspMangler,0.18092112301969646
org.apache.tools.ant.DirectoryScanner,10.088137118201312
org.apache.tools.ant.util.ResourceUtils,0.07798310536689154
org.apache.tools.ant.taskdefs.optional.NetRexxC.TraceAttr,0.023281050901881515
org.apache.tools.ant.taskdefs.optional.metamata.MetricsElement,0.07388227560399495
org.apache.tools.ant.taskdefs.optional.ejb.EjbJar.CMPVersion,0.012422803117106557
org.apache.tools.ant.types.optional.image.DrawOperation,0.259872597527317
org.apache.tools.ant.taskdefs.optional.perforce.P4Integrate,0
org.apache.tools.ant.taskdefs.optional.sitraka.CovReport,0.04101185743297128
org.apache.tools.ant.taskdefs.optional.perforce.P4Change,0
org.apache.tools.ant.types.Commandline.Marker,13.10199091442595
org.apache.tools.ant.taskdefs.optional.ejb.EjbJar.NamingScheme,0.04868442956376519
org.apache.tools.ant.taskdefs.optional.junit.AggregateTransformer,0.2602372468335812
org.apache.tools.ant.filters.ExpandProperties,0.014456981769478607
org.apache.tools.ant.types.Resource,2.6198082066645783
org.apache.tools.ant.taskdefs.optional.net.MimeMail,0
org.apache.tools.ant.util.facade.FacadeTaskHelper,0.8943727908476229
org.apache.tools.ant.taskdefs.optional.ide.VAJToolsServlet,0.6430688996472864
org.apache.tools.ant.Location,375.5341649383774
org.apache.tools.tar.TarBuffer,0.4712787104834487
org.apache.tools.ant.taskdefs.optional.ejb.IPlanetEjbc.EjbcHandler,0.08246842275575741
org.apache.tools.ant.types.optional.depend.DependScanner,0.029494962395420786
org.apache.tools.ant.taskdefs.rmic.SunRmic,0
org.apache.tools.ant.taskdefs.optional.metamata.AbstractMetamataTask,0.2170301245361441
org.apache.tools.ant.taskdefs.optional.clearcase.CCMkelem,0
org.apache.tools.ant.filters.PrefixLines,0.014456981769478607
org.apache.tools.ant.taskdefs.optional.vss.MSVSS,7.266348287489487
org.apache.tools.ant.types.Assertions.EnabledAssertion,0.014149792273280726
org.apache.tools.ant.helper.AntXMLContext,1.1640752845250613
org.apache.tools.ant.types.selectors.NotSelector,0.13607979973845935
org.apache.tools.ant.util.optional.WeakishReference12,0
org.apache.tools.ant.types.selectors.DependSelector,0.13607979973845932
org.apache.tools.ant.taskdefs.optional.ejb.WebsphereDeploymentTool,0.022229582120933865
org.apache.tools.ant.taskdefs.PreSetDef,0
org.apache.tools.ant.taskdefs.optional.extension.Compatibility,0.48686742665635807
org.apache.tools.ant.taskdefs.optional.sitraka.Filters.Include,0.02919245484025164
org.apache.tools.ant.taskdefs.optional.junit.ArrayEnumeration,0.04568673193966394
org.apache.tools.ant.taskdefs.MacroDef.Attribute,0.08398296742686098
org.apache.tools.ant.helper.ProjectHelperImpl.RootHandler,0.02808905382612876
org.apache.tools.ant.taskdefs.optional.dotnet.Ilasm,0
org.apache.tools.ant.taskdefs.optional.net.SetProxy,0
org.apache.tools.ant.launch.Launcher,0
org.apache.tools.ant.taskdefs.Java,1.8545516832546427
org.apache.tools.ant.filters.TokenFilter.Trim,0.02857881648733743
org.apache.tools.ant.taskdefs.GZip,0
org.apache.tools.ant.taskdefs.optional.junit.BatchTest,0.06561161546637204
org.apache.tools.ant.taskdefs.optional.clearcase.CCUpdate,0
org.apache.tools.ant.taskdefs.condition.Os,4.982108414421854
org.apache.tools.ant.taskdefs.optional.sitraka.Coverage.Javavm,0.011276748698479971
org.apache.tools.ant.taskdefs.compilers.Sj,0
org.apache.tools.ant.taskdefs.optional.ide.VAJAntToolGUI,0.5228660023611205
org.apache.tools.ant.filters.EscapeUnicode,0.014456981769478607
org.apache.tools.ant.taskdefs.optional.sitraka.bytecode.ClassPathLoader.FileLoader,0.239920745850654
org.apache.tools.ant.taskdefs.compilers.Jvc,0
org.apache.tools.ant.taskdefs.optional.RenameExtensions,0
org.apache.tools.ant.taskdefs.optional.ccm.Continuus,0.588186906056783
org.apache.tools.ant.taskdefs.Replace,0
org.apache.tools.ant.taskdefs.Execute,10.705006828554973
org.apache.tools.ant.taskdefs.optional.metamata.MMetrics,0
org.apache.tools.ant.types.selectors.SelectorScanner,0.4402962628568886
org.apache.tools.ant.taskdefs.AntlibDefinition,0.5953777001221829
org.apache.tools.ant.PathTokenizer,6.6578429605951355
org.apache.tools.ant.util.depend.bcel.FullAnalyzer,0
org.apache.tools.ant.taskdefs.optional.ide.VAJAntToolGUI.PrivateEventHandler,0.02231375288635056
org.apache.tools.ant.taskdefs.cvslib.ChangeLogWriter,0.011276748698479971
org.apache.tools.ant.taskdefs.optional.jsp.JspC,0.39869086295501
org.apache.tools.ant.util.ClasspathUtils.Delegate,0.3201652727503712
org.apache.tools.ant.util.regexp.Jdk14RegexpMatcher,0.035831412283543335
org.apache.tools.ant.NoBannerLogger,0
org.apache.tools.ant.taskdefs.SQLExec,0
org.apache.tools.ant.taskdefs.optional.perforce.P4Handler,0.2868606670520303
org.apache.tools.ant.types.Substitution,0.3299697600156789
org.apache.tools.ant.listener.CommonsLoggingListener,0
