class_name,UU-Between
org.apache.tools.ant.filters.StripLineComments,0.0022315992561156616
org.apache.tools.ant.filters.BaseFilterReader,0.009142441365883634
org.apache.tools.ant.util.UnPackageNameMapper,0.0
org.apache.tools.ant.taskdefs.optional.vss.MSVSS.CurrentModUpdated,7.84099743349194e-05
org.apache.tools.ant.taskdefs.optional.ejb.EjbJar,0.005257636413251488
org.apache.tools.ant.taskdefs.optional.Rpm,0.0006180860045769614
org.apache.tools.ant.taskdefs.optional.j2ee.GenericHotDeploymentTool,3.1383036721471195e-05
org.apache.tools.ant.taskdefs.optional.net.MimeMail,0.0
org.apache.tools.ant.filters.ConcatFilter,0.0010267229178966926
org.apache.tools.ant.taskdefs.optional.dotnet.VisualBasicCompile,0.00042721592464008525
org.apache.tools.ant.taskdefs.DefaultExcludes,1.4855060596148764e-05
org.apache.tools.ant.util.ScriptRunner,4.3354283774845096e-06
org.apache.tools.ant.filters.util.ChainReaderHelper,0.0008202461909669954
org.apache.tools.ant.types.XMLCatalog.ExternalResolver,0.00022264782615682462
org.apache.tools.ant.taskdefs.optional.script.ScriptDef.NestedElement,0.0
org.apache.tools.ant.DemuxOutputStream,0.0021875332898964703
org.apache.tools.ant.taskdefs.rmic.RmicAdapterFactory,2.2228276091063577e-05
org.apache.tools.ant.taskdefs.Definer.OnError,7.812861221661858e-05
org.apache.tools.ant.taskdefs.optional.perforce.P4Sync,0.0
org.apache.tools.ant.taskdefs.Input,0.003694511866256318
org.apache.tools.ant.types.selectors.DateSelector.TimeComparisons,8.585955326720953e-05
org.apache.tools.ant.types.Commandline.Argument,0.003152742809619636
org.apache.tools.ant.taskdefs.GenerateKey.DistinguishedName,0.0021875332898964694
org.apache.tools.ant.filters.StripLineComments.Comment,0.0
org.apache.tools.ant.taskdefs.MatchingTask,0.01238265952908717
org.apache.tools.ant.taskdefs.Execute.MacCommandLauncher,0.0
org.apache.tools.ant.taskdefs.FixCRLF.OneLiner,0.0
org.apache.tools.ant.types.selectors.OrSelector,8.197875879396937e-07
org.apache.tools.ant.util.DateUtils,0.00043081842837110803
org.apache.tools.ant.TypeAdapter,2.396282691636846e-06
org.apache.tools.ant.taskdefs.optional.ccm.CCMCreateTask,0.00011294525656943365
org.apache.tools.ant.taskdefs.optional.metamata.MMetricsStreamHandler,0.004598567084759499
org.apache.tools.ant.types.selectors.DepthSelector,7.992127962653416e-05
org.apache.tools.ant.taskdefs.LoadFile,0.00028248824772078107
org.apache.tools.ant.types.selectors.BaseSelectorContainer,0.003313092663149435
org.apache.tools.ant.taskdefs.BZip2,0.005398492915366128
org.apache.tools.ant.types.XMLCatalog,0.011577739122326009
org.apache.tools.ant.taskdefs.optional.image.Image,0.005572433783401219
org.apache.tools.ant.taskdefs.optional.sitraka.bytecode.Utils,0.0056386821644810676
org.apache.tools.ant.taskdefs.optional.extension.JarLibAvailableTask,0.0006876277015087689
org.apache.tools.ant.taskdefs.optional.Test.TestletEntry,0.0
org.apache.tools.zip.UnrecognizedExtraField,0.0
org.apache.tools.ant.filters.TokenFilter,0.0007069309088325997
org.apache.tools.ant.taskdefs.optional.junit.DOMUtil.NodeFilter,0.0
org.apache.tools.ant.types.Assertions,0.006576727972418827
org.apache.tools.ant.util.CollectionUtils.EmptyEnumeration,0.0
org.apache.tools.ant.taskdefs.optional.PropertyFile.Entry.Operation,2.96283765171492e-05
org.apache.tools.ant.types.selectors.BaseExtendSelector,0.002036763665633765
org.apache.tools.ant.taskdefs.optional.net.RExecTask,9.74910377063151e-05
org.apache.tools.ant.taskdefs.optional.clearcase.CCRmtype,4.606293643889979e-05
org.apache.tools.tar.TarConstants,0.0
org.apache.tools.ant.taskdefs.AntStructure,0.0006384482632857962
org.apache.tools.ant.taskdefs.XmlProperty,0.00029692811164676536
org.apache.tools.ant.helper.ProjectHelperImpl.ProjectHandler,0.00010869987758966321
org.apache.tools.ant.taskdefs.optional.ssh.Scp,0.006633080672698519
org.apache.tools.ant.taskdefs.optional.sitraka.Coverage,0.01635942177365058
org.apache.tools.ant.taskdefs.Copydir,3.800605787374162e-05
org.apache.tools.ant.taskdefs.optional.extension.Compatability,0.0
org.apache.tools.ant.taskdefs.optional.sitraka.CovBase,4.3786970772801945e-05
org.apache.tools.ant.taskdefs.optional.extension.Specification,8.944886862608438e-05
org.apache.tools.ant.taskdefs.FixCRLF.AddAsisRemove,2.9174188782365156e-05
org.apache.tools.ant.DemuxInputStream,0.0
org.apache.tools.ant.taskdefs.optional.perforce.P4Submit,0.0
org.apache.tools.ant.taskdefs.TaskOutputStream,0.0
org.apache.tools.ant.taskdefs.UpToDate,0.0017434098748743275
org.apache.tools.ant.helper.ProjectHelperImpl.AbstractHandler,1.0435503906348769e-05
org.apache.tools.ant.taskdefs.Rename,8.729538260076798e-06
org.apache.tools.ant.taskdefs.optional.depend.constantpool.NameAndTypeCPInfo,1.858040733207647e-06
org.apache.tools.ant.taskdefs.optional.IContract,0.0005827324745191282
org.apache.tools.ant.taskdefs.optional.sos.SOS,0.006606368401291965
org.apache.tools.ant.filters.ChainableReader,0.00027811014602216206
org.apache.tools.ant.taskdefs.optional.ejb.DDCreatorHelper,0.0
org.apache.tools.ant.taskdefs.optional.sitraka.XMLReport,0.03698299153052807
org.apache.tools.ant.taskdefs.optional.ssh.LogListener,1.6515917628512418e-06
org.apache.tools.ant.taskdefs.Available,0.0016879583037159361
org.apache.tools.ant.types.Environment.Variable,6.414104694718499e-05
org.apache.tools.ant.taskdefs.optional.ssh.ScpToMessage,5.165037120178524e-06
org.apache.tools.ant.taskdefs.optional.starteam.TreeBasedTask.UnmatchedFileMap,1.428626874866324e-05
org.apache.tools.ant.taskdefs.optional.ejb.BorlandGenerateClient,1.4963206495081504e-05
org.apache.tools.ant.taskdefs.optional.IContract.ClasspathHelper,1.8405764225500465e-06
org.apache.tools.ant.taskdefs.optional.PropertyFile.Entry.Type,2.96283765171492e-05
org.apache.tools.ant.taskdefs.optional.Javah.ClassArgument,0.0
org.apache.tools.ant.filters.TokenFilter.Filter,2.2709386739204573e-06
org.apache.tools.ant.taskdefs.optional.vss.MSVSSCREATE,5.061236835855704e-06
org.apache.tools.ant.taskdefs.BuildNumber,1.728987801785947e-05
org.apache.tools.ant.taskdefs.optional.pvcs.Pvcs,0.0026972228534172
org.apache.tools.ant.taskdefs.optional.junit.JUnitResultFormatter,8.629832451381456e-05
org.apache.tools.ant.taskdefs.optional.perforce.P4Edit,0.0
org.apache.tools.ant.taskdefs.optional.dotnet.JSharp,0.00042721592464008525
org.apache.tools.ant.taskdefs.optional.clearcase.CCMklbtype,4.606293643889979e-05
org.apache.tools.ant.types.selectors.PresentSelector,0.0017229630687307423
org.apache.tools.ant.taskdefs.optional.ccm.CCMCheck,0.003962018603440298
org.apache.tools.ant.taskdefs.optional.javacc.JJDoc,0.00022415696430695185
org.apache.tools.ant.taskdefs.optional.ssh.ScpFromMessage,1.4489556537632294e-06
org.apache.tools.ant.taskdefs.optional.extension.resolvers.AntResolver,0.00030943294947443
org.apache.tools.ant.util.GlobPatternMapper,0.0043985049663984805
org.apache.tools.ant.taskdefs.optional.sitraka.Coverage.Finalsnapshot,0.0
org.apache.tools.ant.taskdefs.optional.depend.constantpool.DoubleCPInfo,0.0
org.apache.tools.ant.taskdefs.MacroDef.TemplateElement,0.0
org.apache.tools.ant.taskdefs.optional.sitraka.ReportFilters.Exclude,0.0
org.apache.tools.bzip2.BZip2Constants,6.276048698834719e-06
org.apache.tools.ant.taskdefs.condition.And,2.5464274924176993e-05
org.apache.tools.ant.taskdefs.optional.ejb.WeblogicDeploymentTool,0.000540707078548375
org.apache.tools.ant.taskdefs.condition.IsFalse,3.615725831496975e-05
org.apache.tools.ant.types.Reference,0.005279158988221305
org.apache.tools.ant.taskdefs.optional.perforce.P4Labelsync,0.0002704826526830502
org.apache.tools.ant.taskdefs.Execute.Java13CommandLauncher,0.0003523686909268227
org.apache.tools.ant.taskdefs.LogOutputStream,0.0025660150200061604
org.apache.tools.ant.taskdefs.optional.j2ee.HotDeploymentTool,4.1289794071281046e-07
org.apache.tools.ant.taskdefs.Sync,0.0007873796738025223
org.apache.tools.ant.taskdefs.SubAnt,0.0015108706200552438
org.apache.tools.ant.launch.LaunchException,0.0
org.apache.tools.ant.helper.ProjectHelper2.MainHandler,0.0
org.apache.tools.ant.taskdefs.optional.unix.Symlink,6.330482285828246e-05
org.apache.tools.ant.types.XMLCatalog.CatalogResolver,4.1289794071281046e-06
org.apache.tools.ant.taskdefs.Zip.ArchiveState,1.590542334928906e-05
org.apache.tools.ant.taskdefs.Execute.OS2CommandLauncher,0.0
org.apache.tools.ant.helper.ProjectHelper2.AntHandler,0.00017763670015563522
org.apache.tools.ant.taskdefs.MacroDef,0.0014680103415242226
org.apache.tools.ant.taskdefs.optional.sos.SOSCmd,0.0
org.apache.tools.ant.taskdefs.Touch,0.0001830697977299893
org.apache.tools.ant.taskdefs.optional.ejb.GenericDeploymentTool,0.006162734358556569
org.apache.tools.ant.taskdefs.optional.sitraka.bytecode.DirectoryLoader,0.0008161866202599412
org.apache.tools.mail.MailPrintStream,0.0
org.apache.tools.ant.taskdefs.optional.depend.ClassFileIterator,1.2386938221384314e-06
org.apache.tools.ant.taskdefs.optional.ejb.WLStop,7.650882751183194e-06
org.apache.tools.ant.taskdefs.optional.junit.JUnitTest,0.0004762418538943982
org.apache.tools.ant.taskdefs.cvslib.ChangeLogTask,0.011159421349215501
org.apache.tools.ant.taskdefs.optional.starteam.TreeBasedTask,0.0007696824561307985
org.apache.tools.ant.taskdefs.optional.depend.ClassFile,0.01951758155720058
org.apache.tools.ant.taskdefs.optional.net.TelnetTask.TelnetSubTask,2.4773876442768627e-06
org.apache.tools.ant.taskdefs.optional.sos.SOSLabel,1.249188463433363e-05
org.apache.tools.ant.taskdefs.optional.ide.VAJBuildInfo.InterruptedChecker,0.0
org.apache.tools.ant.taskdefs.optional.ejb.DescriptorHandler,0.00011235601639501141
org.apache.tools.ant.XmlLogger.TimedElement,0.0
org.apache.tools.ant.taskdefs.Get.Base64Converter,0.0
org.apache.tools.ant.types.selectors.AndSelector,8.197875879396937e-07
org.apache.tools.ant.taskdefs.XSLTLiaison2,7.679901697258274e-06
org.apache.tools.ant.taskdefs.optional.ejb.WLRun,7.650882751183194e-06
org.apache.tools.ant.taskdefs.optional.jsp.compilers.JasperC,0.0025117543971205246
org.apache.tools.ant.taskdefs.Manifest.Section,0.0
org.apache.tools.ant.taskdefs.optional.net.RExecTask.AntRExecClient,2.4773876442768627e-06
org.apache.tools.ant.input.DefaultInputHandler,0.0026496909635748056
org.apache.tools.ant.types.Permissions,0.0021997668975685942
org.apache.tools.ant.taskdefs.Tar,0.01162787955271775
org.apache.tools.ant.taskdefs.XSLTProcess.Factory.Attribute,0.00032691744689431195
org.apache.tools.ant.taskdefs.optional.metamata.MParse,0.00034877806795674337
org.apache.tools.ant.ExitException,0.004372589192148663
org.apache.tools.ant.types.selectors.TypeSelector.FileType,0.00012034344198399137
org.apache.tools.ant.taskdefs.optional.junit.DOMUtil.NodeListImpl,0.0
org.apache.tools.ant.TaskAdapter,0.0001799898038659311
org.apache.tools.ant.types.selectors.modifiedselector.ModifiedSelector.AlgorithmName,0.0
org.apache.tools.ant.taskdefs.optional.sitraka.bytecode.DirectoryFilter,0.0
org.apache.tools.ant.types.Parameter,0.003946900563496491
org.apache.tools.ant.util.facade.FacadeTaskHelper,2.2521705857062388e-07
org.apache.tools.ant.types.optional.image.BasicShape,2.3857844058233297e-06
org.apache.tools.ant.types.selectors.ContainsRegexpSelector,0.00035411891782056835
org.apache.tools.ant.taskdefs.Typedef,1.76491368307873e-05
org.apache.tools.ant.taskdefs.Unpack,0.00018704104628679115
org.apache.tools.ant.taskdefs.condition.Condition,0.00019203970249803248
org.apache.tools.ant.types.selectors.FileSelector,0.0018768882804325014
org.apache.tools.ant.taskdefs.MacroInstance.Element,5.698982797216553e-06
org.apache.tools.ant.taskdefs.XSLTLoggerAware,0.0
org.apache.tools.ant.taskdefs.optional.ejb.InnerClassFilenameFilter,0.0
org.apache.tools.ant.taskdefs.optional.ide.VAJExport,0.0008979204318130788
org.apache.tools.ant.types.optional.ScriptFilter,0.0005183962820265054
org.apache.tools.ant.taskdefs.optional.starteam.StarTeamCheckout,3.2443228495373095e-05
org.apache.tools.ant.taskdefs.Antlib,0.00010978822977879792
org.apache.tools.ant.Main,0.0064868293343852135
org.apache.tools.ant.types.ResourceLocation,2.9412685446210037e-05
org.apache.tools.ant.taskdefs.optional.extension.JarLibResolveTask,0.0008429531257885746
org.apache.tools.ant.types.selectors.SelectorContainer,0.0012845242807421771
org.apache.tools.ant.taskdefs.Copy,0.0031648755993028627
org.apache.tools.ant.taskdefs.ConditionTask,7.113906409464544e-05
org.apache.tools.ant.taskdefs.XSLTProcess.Param,0.0
org.apache.tools.ant.filters.util.JavaClassHelper,0.0
org.apache.tools.ant.taskdefs.Chmod,0.00027884484887951783
org.apache.tools.ant.types.selectors.modifiedselector.ModifiedSelector,0.017404357134019874
org.apache.tools.ant.taskdefs.optional.PropertyFile,7.657955202537356e-05
org.apache.tools.ant.taskdefs.optional.starteam.StarTeamCheckin,6.99809627553935e-05
org.apache.tools.ant.taskdefs.optional.vss.MSVSSHISTORY,0.0007004810728408707
org.apache.tools.ant.taskdefs.optional.ccm.Continuus,0.002915148595640992
org.apache.tools.ant.taskdefs.CVSPass,0.0
org.apache.tools.ant.taskdefs.optional.junit.BaseTest,1.6980971098578427e-06
org.apache.tools.ant.taskdefs.optional.depend.DirectoryIterator,0.0
org.apache.tools.ant.taskdefs.PathConvert.MapEntry,0.0
org.apache.tools.ant.taskdefs.ExecuteOn.FileDirBoth,9.692279129563571e-05
org.apache.tools.ant.taskdefs.optional.junit.JUnitTask,0.010916986393656047
org.apache.tools.ant.taskdefs.Tstamp.Unit,4.6347793845012995e-05
org.apache.tools.ant.types.Permissions.MySM,0.0
org.apache.tools.ant.types.optional.image.Scale,0.0021986406051824124
org.apache.tools.ant.taskdefs.optional.Cab,0.001798287327006778
org.apache.tools.ant.Target,0.0024513058108729074
org.apache.tools.ant.taskdefs.optional.XMLValidateTask.Attribute,0.0
org.apache.tools.ant.types.selectors.DifferentSelector,3.682587912954403e-05
org.apache.tools.ant.util.depend.bcel.DependencyVisitor,0.0
org.apache.tools.ant.taskdefs.Execute.WinNTCommandLauncher,0.0
org.apache.tools.ant.taskdefs.optional.extension.JarLibDisplayTask,0.000219557560300561
org.apache.tools.ant.taskdefs.optional.ssh.SSHBase,0.0018827285383222652
org.apache.tools.ant.types.selectors.SizeSelector,0.0007149679892679273
org.apache.tools.ant.taskdefs.Definer.Format,7.812861221661858e-05
org.apache.tools.ant.filters.HeadFilter,7.580415660275348e-05
org.apache.tools.ant.taskdefs.compilers.Gcj,2.4599510222247467e-05
org.apache.tools.ant.taskdefs.rmic.RmicAdapter,0.000319037911560578
org.apache.tools.ant.helper.ProjectHelper2.TargetHandler,0.00017930113321189365
org.apache.tools.ant.taskdefs.ProcessDestroyer,0.0021875332898964703
org.apache.tools.ant.taskdefs.optional.Native2Ascii,0.0008920417391414879
org.apache.tools.ant.taskdefs.optional.ide.VAJBuildInfo,0.002015623184976756
org.apache.tools.ant.taskdefs.optional.depend.Depend.ClassFileInfo,0.0
org.apache.tools.ant.taskdefs.StreamPumper,2.1810168563727073e-06
org.apache.tools.ant.taskdefs.Concat.TextElement,4.765240176700028e-06
org.apache.tools.ant.taskdefs.XSLTProcess.Factory,1.1378527030617912e-05
org.apache.tools.ant.taskdefs.optional.extension.ExtensionAdapter,0.0024340102466651743
org.apache.tools.ant.taskdefs.optional.depend.constantpool.FloatCPInfo,0.0
org.apache.tools.ant.taskdefs.optional.net.FTP.FTPDirectoryScanner.AntFTPRootFile,0.0
org.apache.tools.ant.taskdefs.Concat.MultiReader,0.0
org.apache.tools.ant.util.KeepAliveOutputStream,0.0
org.apache.tools.ant.taskdefs.optional.sitraka.Filters.Exclude,0.0010925279511260963
org.apache.tools.ant.util.JavaEnvUtils,0.007417544962487038
org.apache.tools.ant.util.regexp.RegexpUtil,1.2386938221384311e-05
org.apache.tools.ant.types.FilterSetCollection,1.747626282806426e-05
org.apache.tools.ant.types.optional.image.Ellipse,8.72263621840683e-06
org.apache.tools.ant.taskdefs.optional.dotnet.CSharp,4.318439848999399e-05
org.apache.tools.ant.taskdefs.optional.ejb.EjbcHelper,0.0
org.apache.tools.ant.taskdefs.Echo.EchoLevel,3.4854484738171385e-05
org.apache.tools.ant.taskdefs.optional.perforce.FStatP4OutputHandler,5.317765593250572e-05
org.apache.tools.ant.listener.AnsiColorLogger,0.0
org.apache.tools.ant.taskdefs.Recorder.ActionChoices,5.0563903929806634e-05
org.apache.tools.ant.taskdefs.optional.sitraka.Coverage.CoverageStreamHandler,0.0
org.apache.tools.ant.RuntimeConfigurable,0.0013228339904681394
org.apache.tools.tar.TarUtils,0.0
org.apache.tools.ant.Task,0.18227651329128047
org.apache.tools.ant.types.optional.image.Rectangle,0.0037820095622837935
org.apache.tools.ant.taskdefs.Exec,0.002191328389477553
org.apache.tools.ant.IntrospectionHelper.AttributeSetter,0.0
org.apache.tools.ant.taskdefs.optional.EchoProperties,0.0035987699539626813
org.apache.tools.ant.types.selectors.modifiedselector.Algorithm,0.004372589192148663
org.apache.tools.ant.taskdefs.ManifestTask,0.004931656906840397
org.apache.tools.ant.taskdefs.Rmic,0.005893953734919943
org.apache.tools.ant.taskdefs.PathConvert.TargetOs,6.485732569317179e-05
org.apache.tools.ant.taskdefs.Javadoc.AccessType,0.00027886305525576314
org.apache.tools.ant.types.FilterSet,0.0044623106426491185
org.apache.tools.ant.taskdefs.SignJar,0.0001898857125272869
org.apache.tools.ant.taskdefs.optional.sitraka.bytecode.JarLoader,0.0008161866202599412
org.apache.tools.ant.taskdefs.cvslib.RCSFile,0.0
org.apache.tools.ant.taskdefs.optional.depend.Depend,0.02744058191559554
org.apache.tools.ant.types.ZipFileSet,0.0011321686467882011
org.apache.tools.ant.taskdefs.optional.depend.constantpool.StringCPInfo,0.0
org.apache.tools.ant.util.regexp.JakartaRegexpMatcher,0.00036745262110641667
org.apache.tools.ant.taskdefs.optional.net.TelnetTask.AntTelnetClient,2.4773876442768627e-06
org.apache.tools.ant.taskdefs.cvslib.CvsTagDiff,0.0022019844139064236
org.apache.tools.ant.types.Description,4.025914770274971e-05
org.apache.tools.ant.taskdefs.Javadoc,0.019496431168893193
org.apache.tools.ant.taskdefs.optional.sitraka.Filters,0.006548974237645886
org.apache.tools.ant.TaskContainer,6.266058802296109e-05
org.apache.tools.ant.taskdefs.optional.junit.BriefJUnitResultFormatter,5.3799877138445174e-05
org.apache.tools.ant.taskdefs.cvslib.CvsVersion,0.0
org.apache.tools.ant.util.regexp.RegexpMatcher,0.002117269033649906
org.apache.tools.ant.input.InputHandler,0.0005338859330765928
org.apache.tools.ant.taskdefs.optional.junit.XMLConstants,8.571243846526413e-06
org.apache.tools.ant.taskdefs.optional.starteam.StarTeamLabel,0.0
org.apache.tools.ant.taskdefs.optional.perforce.P4Revert,0.0
org.apache.tools.ant.helper.ProjectHelper2.ProjectHandler,0.00025881118910804337
org.apache.tools.ant.taskdefs.optional.extension.Extension,0.002272209659571571
org.apache.tools.ant.DemuxOutputStream.BufferInfo,0.0
org.apache.tools.ant.taskdefs.optional.sound.SoundTask.BuildAlert,0.0
org.apache.tools.ant.taskdefs.cvslib.RedirectingOutputStream,2.819501463277457e-05
org.apache.tools.ant.taskdefs.optional.sitraka.ReportFilters.Include,0.0010123333854260817
org.apache.tools.mail.ErrorInQuitException,0.0
org.apache.tools.ant.taskdefs.condition.IsReference,7.594283990658735e-05
org.apache.tools.ant.util.depend.bcel.AncestorAnalyzer,0.0
org.apache.tools.bzip2.CBZip2OutputStream,0.003937703192632415
org.apache.tools.ant.taskdefs.email.EmailAddress,9.271909364978021e-05
org.apache.tools.ant.util.TimeoutObserver,6.193469110692157e-07
org.apache.tools.ant.taskdefs.optional.vss.MSVSSGET,0.0005237375411424995
org.apache.tools.ant.filters.ReplaceTokens,0.002231599256115664
org.apache.tools.ant.ProjectComponent,0.11721718972148625
org.apache.tools.ant.taskdefs.Javac,0.008741242548671911
org.apache.tools.ant.taskdefs.optional.PropertyFile.Entry,0.0022663306306440075
org.apache.tools.ant.IntrospectionHelper,0.0008810124811983986
org.apache.tools.ant.util.regexp.JakartaOroMatcher,0.0003674526211064164
org.apache.tools.ant.taskdefs.optional.NetRexxC,0.002920763687445436
org.apache.tools.ant.taskdefs.compilers.CompilerAdapter,5.151393355559826e-07
org.apache.tools.ant.taskdefs.optional.jsp.WLJspc,6.560484489473082e-05
org.apache.tools.ant.taskdefs.optional.net.FTP.FTPDirectoryScanner,0.00025862826871891285
org.apache.tools.ant.taskdefs.optional.sos.SOSCheckin,0.0
org.apache.tools.ant.taskdefs.optional.ejb.IPlanetEjbc.RedirectOutput,0.0
org.apache.tools.ant.taskdefs.FixCRLF,0.002133664180180982
org.apache.tools.ant.taskdefs.optional.XslpLiaison,0.0
org.apache.tools.ant.types.selectors.ExtendFileSelector,0.0002774107071733452
org.apache.tools.ant.taskdefs.optional.perforce.P4Resolve,0.0
org.apache.tools.ant.types.Path,0.030207551964164563
org.apache.tools.ant.filters.TokenFilter.ReplaceRegex,0.00018144358403132213
org.apache.tools.ant.taskdefs.Javadoc.TagArgument,1.3881889433360718e-05
org.apache.tools.ant.taskdefs.Echo,0.0013890769896994519
org.apache.tools.ant.taskdefs.optional.dotnet.DotnetBaseMatchingTask,0.0007894672262554847
org.apache.tools.ant.taskdefs.optional.ejb.IPlanetEjbcTask,0.00860803275364243
org.apache.tools.ant.types.optional.image.Arc,8.72263621840683e-06
org.apache.tools.ant.taskdefs.optional.depend.constantpool.IntegerCPInfo,0.0
org.apache.tools.ant.taskdefs.MacroDef.NestedSequential,3.408043472821484e-05
org.apache.tools.ant.helper.ProjectHelper2.RootHandler,0.00025881118910804337
org.apache.tools.ant.taskdefs.Jar,0.005767070892654413
org.apache.tools.ant.types.optional.depend.ClassfileSet,0.002475167130298131
org.apache.tools.ant.types.selectors.modifiedselector.HashvalueAlgorithm,0.0
org.apache.tools.ant.taskdefs.Sleep,0.0
org.apache.tools.ant.taskdefs.optional.ejb.IPlanetEjbc.EjbcException,0.0021782430862304315
org.apache.tools.ant.taskdefs.optional.sitraka.bytecode.MethodInfo,0.0056386821644810676
org.apache.tools.zip.ZipEntry,0.008546267559982152
org.apache.tools.ant.util.SourceFileScanner,0.0014090183342495635
org.apache.tools.ant.taskdefs.optional.sitraka.CovReport.ReportFormat,2.74217234755627e-05
org.apache.tools.ant.types.RegularExpression,0.0010272210370671643
org.apache.tools.ant.util.depend.AbstractAnalyzer,0.00711043002099688
org.apache.tools.ant.taskdefs.TempFile,1.728987801785947e-05
org.apache.tools.ant.taskdefs.optional.depend.constantpool.MethodRefCPInfo,4.954775288553726e-07
org.apache.tools.ant.taskdefs.optional.extension.DeweyDecimal,4.554192420863795e-05
org.apache.tools.ant.types.resolver.ApacheCatalogResolver,0.0021887255327002774
org.apache.tools.ant.taskdefs.Available.FileDir,3.359283062853894e-05
org.apache.tools.ant.taskdefs.optional.depend.JarFileIterator,0.0
org.apache.tools.ant.taskdefs.optional.ejb.IPlanetEjbc,0.0065446388092684025
org.apache.tools.ant.taskdefs.optional.sitraka.bytecode.attributes.AttributeInfo,0.0
org.apache.tools.ant.helper.ProjectHelperImpl.TargetHandler,0.00011493289323986242
org.apache.tools.ant.filters.LineContains,0.0022315992561156646
org.apache.tools.ant.taskdefs.Execute.CommandLauncher,0.0002267124569635939
org.apache.tools.ant.taskdefs.GUnzip,0.0
org.apache.tools.ant.BuildException,0.39584192769300247
org.apache.tools.ant.util.WeakishReference,0.004372589192148663
org.apache.tools.ant.taskdefs.optional.vss.MSVSSCHECKOUT,0.0005237375411424995
org.apache.tools.ant.taskdefs.Parallel.TaskList,5.0984107834440865e-05
org.apache.tools.ant.taskdefs.optional.sitraka.Triggers,1.1144948534613397e-05
org.apache.tools.ant.types.Assertions.DisabledAssertion,0.0
org.apache.tools.ant.taskdefs.optional.sitraka.Socket,0.0
org.apache.tools.ant.types.Commandline,0.005537079896795337
org.apache.tools.ant.AntClassLoader,0.0028998821093744833
org.apache.tools.ant.taskdefs.optional.Native2Ascii.ExtMapper,0.0
org.apache.tools.ant.types.selectors.modifiedselector.Cache,0.0
org.apache.tools.ant.taskdefs.Javadoc.DocletInfo,1.2386938221384314e-06
org.apache.tools.ant.taskdefs.optional.ReplaceRegExp,0.00024410176149819825
org.apache.tools.ant.taskdefs.compilers.Jikes,3.129717317090142e-05
org.apache.tools.ant.types.FileList,0.0001031179627755442
org.apache.tools.ant.types.PatternSet,0.00032678779875419624
org.apache.tools.ant.util.optional.NoExitSecurityManager,0.0
org.apache.tools.ant.taskdefs.optional.splash.SplashTask,0.0013533228575270998
org.apache.tools.ant.taskdefs.optional.ccm.CCMReconfigure,4.404092422481345e-05
org.apache.tools.ant.taskdefs.Execute.PerlScriptCommandLauncher,0.0
org.apache.tools.ant.types.AbstractFileSet,0.008058162870099916
org.apache.tools.ant.taskdefs.Expand,0.009351049805512802
org.apache.tools.ant.taskdefs.optional.ide.VAJBuildInfo.BuildInterruptedException,0.0
org.apache.tools.ant.taskdefs.optional.junit.CompoundEnumeration,0.0
org.apache.tools.ant.taskdefs.optional.clearcase.ClearCase,0.00011099980099390426
org.apache.tools.ant.util.TeeOutputStream,7.805471577322152e-06
org.apache.tools.ant.taskdefs.optional.j2ee.JonasHotDeploymentTool,9.170640673740047e-05
org.apache.tools.ant.taskdefs.optional.extension.resolvers.LocationResolver,0.0002849772151931416
org.apache.tools.ant.taskdefs.optional.perforce.P4Add,7.097269393354527e-05
org.apache.tools.ant.taskdefs.optional.dotnet.Ildasm.VisibilityOptions,0.0
org.apache.tools.ant.filters.TokenFilter.ChainableReaderFilter,0.0022262910325647096
org.apache.tools.ant.taskdefs.optional.extension.LibFileSet,0.0
org.apache.tools.ant.taskdefs.optional.ide.VAJLocalUtil,0.004350302104038389
org.apache.tools.ant.taskdefs.optional.junit.AggregateTransformer.Format,8.370522657617201e-05
org.apache.tools.ant.ComponentHelper.AntTypeTable,0.0
org.apache.tools.ant.taskdefs.optional.starteam.StarTeamCheckin.CheckinMap,1.111974410998184e-06
org.apache.tools.ant.taskdefs.optional.perforce.P4Delete,0.0
org.apache.tools.ant.taskdefs.compilers.Javac12,7.615227107605333e-05
org.apache.tools.ant.types.FileSet,0.006584311612642104
org.apache.tools.ant.UnknownElement,0.002255416125420611
org.apache.tools.ant.taskdefs.DefBase,0.0003428251820576404
org.apache.tools.ant.taskdefs.MacroDef.MyAntTypeDefinition,4.133584842727946e-05
org.apache.tools.ant.taskdefs.optional.script.ScriptDef,0.004569368510650978
org.apache.tools.ant.taskdefs.optional.clearcase.CCMklabel,4.606293643889979e-05
org.apache.tools.ant.types.FilterChain,0.029264952317234593
org.apache.tools.ant.types.selectors.SizeSelector.SizeComparisons,6.407474676566257e-05
org.apache.tools.ant.taskdefs.optional.XalanLiaison,0.0
org.apache.tools.ant.taskdefs.optional.ide.VAJLoadServlet,8.928244285182062e-06
org.apache.tools.ant.taskdefs.optional.depend.constantpool.InterfaceMethodRefCPInfo,4.954775288553726e-07
org.apache.tools.ant.taskdefs.optional.clearcase.CCUnlock,4.606293643889979e-05
org.apache.tools.ant.taskdefs.optional.dotnet.NetCommand,0.0018819331293048597
org.apache.tools.ant.taskdefs.optional.sitraka.bytecode.ClassFilter,0.0
org.apache.tools.ant.taskdefs.optional.j2ee.WebLogicHotDeploymentTool,0.00014409871196535592
org.apache.tools.ant.taskdefs.Taskdef,0.0
org.apache.tools.ant.DynamicConfigurator,6.306171129610112e-05
org.apache.tools.ant.taskdefs.optional.clearcase.CCMkattr,7.64949851086718e-05
org.apache.tools.ant.types.Mapper,0.0013531840839342865
org.apache.tools.ant.taskdefs.optional.ide.VAJUtil,0.0006430734801260943
org.apache.tools.zip.ExtraFieldUtils,0.0005443258239532869
org.apache.tools.ant.taskdefs.optional.perforce.SimpleP4OutputHandler,0.00042878935762873604
org.apache.tools.bzip2.CBZip2InputStream,0.0026244424893222293
org.apache.tools.ant.types.DTDLocation,4.008726178414884e-05
org.apache.tools.ant.types.Parameterizable,3.790858892171661e-05
org.apache.tools.ant.taskdefs.optional.IContract.IContractPresenceDetector,0.0
org.apache.tools.ant.taskdefs.optional.TraXLiaison,0.0037308629317402186
org.apache.tools.ant.taskdefs.optional.jsp.JspC.WebAppParameter,0.0
org.apache.tools.ant.taskdefs.GZip,0.0
org.apache.tools.ant.taskdefs.email.MimeMailer,0.004373084669677519
org.apache.tools.ant.taskdefs.email.EmailTask,0.005289170562060387
org.apache.tools.ant.taskdefs.optional.junit.FormatterElement,0.0018322142771937289
org.apache.tools.ant.taskdefs.optional.jsp.Jasper41Mangler,0.0
org.apache.tools.ant.types.FlexInteger,0.0
org.apache.tools.ant.taskdefs.optional.starteam.StarTeamTask,5.166050338736644e-06
org.apache.tools.ant.taskdefs.Basename,3.7950995810826373e-06
org.apache.tools.ant.taskdefs.optional.junit.JUnitVersionHelper,9.08375469568183e-07
org.apache.tools.ant.taskdefs.optional.extension.ExtensionSet,0.0012245869781747215
org.apache.tools.ant.taskdefs.optional.junit.JUnitTestRunner,0.0010849297569744565
org.apache.tools.ant.taskdefs.Tar.TarLongFileMode,0.0
org.apache.tools.ant.launch.Locator,0.003208292112081777
org.apache.tools.ant.taskdefs.optional.ide.VAJAntToolGUI,0.002254825617033856
org.apache.tools.ant.types.selectors.PresentSelector.FilePresence,4.6155866231181485e-05
org.apache.tools.ant.filters.TabsToSpaces,4.406596621919629e-05
org.apache.tools.ant.taskdefs.Jar.FilesetManifestConfig,0.0
org.apache.tools.ant.types.optional.image.Text,0.0017483813346845642
org.apache.tools.ant.taskdefs.optional.jsp.compilers.JspCompilerAdapterFactory,5.1718039040250025e-05
org.apache.tools.ant.util.WeakishReference.HardReference,0.0
org.apache.tools.ant.util.TaskLogger,0.0
org.apache.tools.ant.helper.ProjectHelperImpl.DataTypeHandler,0.0003679371236872181
org.apache.tools.ant.taskdefs.rmic.WLRmic,0.00010186019559823797
org.apache.tools.ant.taskdefs.optional.ejb.BorlandDeploymentTool,0.0008245926107707666
org.apache.tools.ant.taskdefs.optional.dotnet.Ildasm,0.0011680001550445748
org.apache.tools.ant.taskdefs.Replace.Replacefilter,0.0006315614130081927
org.apache.tools.ant.taskdefs.optional.vss.MSVSSCHECKIN,1.8247973431985887e-05
org.apache.tools.ant.taskdefs.email.Message,0.0045757421069549985
org.apache.tools.ant.taskdefs.rmic.DefaultRmicAdapter.RmicFileNameMapper,0.000148207119237411
org.apache.tools.ant.taskdefs.Parallel,0.00020882884970264355
org.apache.tools.ant.taskdefs.rmic.KaffeRmic,4.626196288232235e-05
org.apache.tools.ant.taskdefs.Delete,0.004774120807469584
org.apache.tools.ant.taskdefs.email.MimeMailer.StringDataSource,0.0
org.apache.tools.ant.taskdefs.optional.dotnet.Ildasm.EncodingTypes,4.24518068472871e-05
org.apache.tools.ant.types.selectors.SelectorUtils,0.00016236058044772193
org.apache.tools.ant.taskdefs.optional.extension.LibraryDisplayer,0.0023955963943485714
org.apache.tools.ant.taskdefs.optional.perforce.P4HandlerAdapter,0.0011138589350856017
org.apache.tools.ant.taskdefs.optional.depend.constantpool.ConstantPool,0.016705907325567145
org.apache.tools.ant.taskdefs.Javadoc.Html,0.0
org.apache.tools.mail.MailMessage,0.006563119477617396
org.apache.tools.ant.taskdefs.optional.unix.AbstractAccessTask,7.717588231573032e-05
org.apache.tools.ant.taskdefs.optional.perforce.P4Counter,0.00012570884015164114
org.apache.tools.ant.types.selectors.modifiedselector.EqualComparator,0.0
org.apache.tools.ant.types.selectors.TypeSelector,0.000364140514389713
org.apache.tools.ant.taskdefs.Zip.Duplicate,0.00018756580989299698
org.apache.tools.ant.AntTypeDefinition,0.0007110927506518251
org.apache.tools.ant.Diagnostics,4.1997619112503e-06
org.apache.tools.ant.taskdefs.Ant,0.0025658339865596803
org.apache.tools.zip.ZipExtraField,0.001289081646416802
org.apache.tools.ant.taskdefs.optional.dotnet.ImportTypelib,8.729538260076798e-06
org.apache.tools.ant.taskdefs.optional.j2ee.ServerDeploy,0.0001337333878591757
org.apache.tools.ant.filters.TokenFilter.FileTokenizer,0.0008490225163399582
org.apache.tools.ant.taskdefs.PathConvert,0.003826354935363905
org.apache.tools.ant.taskdefs.optional.junit.XMLResultAggregator,0.008930049894199769
org.apache.tools.ant.taskdefs.optional.clearcase.CCMkdir,4.606293643889979e-05
org.apache.tools.ant.taskdefs.optional.net.TelnetTask,9.749103770631515e-05
org.apache.tools.ant.taskdefs.optional.script.ScriptDefBase,0.00013241479265847995
org.apache.tools.ant.util.regexp.JakartaRegexpRegexp,0.000363643687667144
org.apache.tools.ant.taskdefs.optional.net.FTP.Action,3.096055329296419e-05
org.apache.tools.ant.util.IdentityMapper,0.0
org.apache.tools.ant.taskdefs.optional.junit.XMLJUnitResultFormatter,0.0016410530038595192
org.apache.tools.ant.taskdefs.Cvs,0.0
org.apache.tools.ant.taskdefs.optional.depend.constantpool.LongCPInfo,0.0
org.apache.tools.ant.taskdefs.optional.vss.MSVSSADD,1.8247973431985887e-05
org.apache.tools.ant.filters.TokenFilter.ContainsRegex,0.000572029789950056
org.apache.tools.ant.taskdefs.optional.ejb.JbossDeploymentTool,0.0
org.apache.tools.ant.taskdefs.optional.perforce.P4Submit.P4SubmitAdapter,8.257958814256209e-07
org.apache.tools.ant.taskdefs.Transform,0.0
org.apache.tools.ant.taskdefs.optional.metamata.MAuditParser.Violation,0.0
org.apache.tools.ant.taskdefs.condition.ConditionBase,0.0004373095595773023
org.apache.tools.ant.types.ZipScanner,0.0004364126460874107
org.apache.tools.ant.taskdefs.MacroDef.Text,0.0
org.apache.tools.ant.util.CollectionUtils,4.253307964687274e-05
org.apache.tools.ant.taskdefs.Javadoc.PackageName,0.0
org.apache.tools.ant.helper.ProjectHelperImpl.NestedElementHandler,0.0002654618445210698
org.apache.tools.ant.util.RegexpPatternMapper,0.00026330061647589583
org.apache.tools.ant.types.Permissions.Permission,0.0
org.apache.tools.ant.taskdefs.Deltree,0.0
org.apache.tools.ant.taskdefs.optional.perforce.P4Fstat,7.969534458118657e-05
org.apache.tools.ant.taskdefs.optional.ejb.EjbJar.Config,9.57991389869952e-05
org.apache.tools.ant.taskdefs.optional.perforce.P4Have,0.0
org.apache.tools.ant.taskdefs.optional.junit.ArrayEnumeration,0.0
org.apache.tools.tar.TarInputStream,0.000868076434432467
org.apache.tools.ant.types.selectors.modifiedselector.PropertiesfileCache,0.0
org.apache.tools.ant.types.EnumeratedAttribute,0.05440268751901163
org.apache.tools.ant.types.selectors.SizeSelector.ByteUnits,6.407474676566257e-05
org.apache.tools.ant.types.Commandline.Marker,2.7418565444827926e-06
org.apache.tools.ant.types.PropertySet,0.005081144941499608
org.apache.tools.ant.taskdefs.Get,0.0023263067756495925
org.apache.tools.ant.taskdefs.optional.ide.VAJProjectDescription,6.086115391590524e-05
org.apache.tools.ant.filters.BaseParamFilterReader,0.00028622631015879523
org.apache.tools.ant.taskdefs.condition.IsTrue,3.615725831496975e-05
org.apache.tools.ant.AntClassLoader.ResourceEnumeration,0.0
org.apache.tools.ant.types.ResourceFactory,9.828701030335537e-06
org.apache.tools.ant.filters.TokenFilter.IgnoreBlank,5.030442105743177e-07
org.apache.tools.zip.AsiExtraField,0.0021938919181834476
org.apache.tools.ant.taskdefs.Patch,9.71042929958586e-05
org.apache.tools.ant.taskdefs.optional.jsp.compilers.DefaultJspCompilerAdapter,7.583684070772922e-05
org.apache.tools.ant.taskdefs.Javadoc.LinkArgument,0.0
org.apache.tools.ant.taskdefs.optional.perforce.P4OutputStream,0.0
org.apache.tools.ant.taskdefs.compilers.Kjc,2.1037863310280606e-05
org.apache.tools.ant.taskdefs.optional.sitraka.StringUtil,0.0
org.apache.tools.zip.ZipShort,0.0025784837363398115
org.apache.tools.ant.types.selectors.DateSelector,0.0011364867553286689
org.apache.tools.ant.taskdefs.optional.clearcase.CCMkbl,4.606293643889979e-05
org.apache.tools.ant.taskdefs.MacroInstance,0.005598080985093661
org.apache.tools.ant.taskdefs.optional.starteam.StarTeamCheckout.CheckoutMap,0.0
org.apache.tools.ant.filters.ClassConstants,9.644548823302857e-07
org.apache.tools.ant.taskdefs.LoadProperties,0.000292954688036274
org.apache.tools.ant.taskdefs.Replace.NestedString,0.0
org.apache.tools.ant.types.Environment,1.972322033250392e-05
org.apache.tools.ant.input.MultipleChoiceInputRequest,0.0
org.apache.tools.ant.FileScanner,3.3299456905883995e-06
org.apache.tools.ant.taskdefs.optional.depend.constantpool.Utf8CPInfo,0.0
org.apache.tools.ant.util.depend.DependencyAnalyzer,0.0001621090460442693
org.apache.tools.ant.taskdefs.FixCRLF.CrLf,9.094288965029923e-05
org.apache.tools.ant.taskdefs.optional.depend.constantpool.ConstantCPInfo,0.001142488731880648
org.apache.tools.ant.taskdefs.optional.starteam.StarTeamList.UnmatchedListingMap,0.0
org.apache.tools.ant.taskdefs.optional.jdepend.JDependTask,0.0017478380144815167
org.apache.tools.ant.taskdefs.WaitFor,0.0013086622845425902
org.apache.tools.ant.taskdefs.optional.javacc.JJTree,0.00022415696430695185
org.apache.tools.ant.taskdefs.optional.extension.ExtensionResolver,0.00028646364777970773
org.apache.tools.ant.util.FileUtils,0.017629377350030204
org.apache.tools.ant.taskdefs.Jikes,9.914695457608897e-05
org.apache.tools.ant.util.regexp.JakartaOroRegexp,0.000363643687667144
org.apache.tools.ant.taskdefs.SQLExec.Transaction,0.0
org.apache.tools.ant.taskdefs.Tar.TarCompressionMethod,0.0006807467365673619
org.apache.tools.ant.taskdefs.optional.vss.MSVSS.WritableFiles,7.84099743349194e-05
org.apache.tools.ant.taskdefs.Javadoc.GroupArgument,1.2386938221384314e-06
org.apache.tools.ant.helper.ProjectHelperImpl.DescriptionHandler,0.0001066353878860992
org.apache.tools.zip.ZipOutputStream,0.002799317913203054
org.apache.tools.ant.util.FlatFileNameMapper,0.0
org.apache.tools.ant.taskdefs.optional.metamata.MetricsElement,0.0
org.apache.tools.ant.taskdefs.optional.sos.SOSGet,0.0
org.apache.tools.ant.filters.StringInputStream,0.0
org.apache.tools.ant.taskdefs.email.Mailer,0.009558257485000717
org.apache.tools.ant.taskdefs.optional.ejb.EJBDeploymentTool,0.00022854373315626714
org.apache.tools.ant.taskdefs.optional.sitraka.Coverage.Recordfromstart,0.00017499945105937224
org.apache.tools.ant.MagicNames,0.0
org.apache.tools.ant.taskdefs.condition.Contains,2.5464274924176993e-05
org.apache.tools.ant.taskdefs.optional.metamata.MMetrics.GranularityAttribute,5.332375220763212e-05
org.apache.tools.ant.types.selectors.MappingSelector,0.0008814984871824008
org.apache.tools.ant.taskdefs.WhichResource,1.7667790112454564e-05
org.apache.tools.ant.taskdefs.optional.clearcase.CCCheckin,4.606293643889979e-05
org.apache.tools.ant.taskdefs.Zip,0.021790723677724656
org.apache.tools.ant.types.AntFilterReader,0.0006182182893570545
org.apache.tools.ant.taskdefs.optional.vss.MSVSSCP,5.061236835855704e-06
org.apache.tools.ant.taskdefs.Tstamp,5.389619892779457e-05
org.apache.tools.ant.BuildLogger,6.126652538903747e-05
org.apache.tools.ant.types.optional.image.Draw,0.003997792494201864
org.apache.tools.ant.taskdefs.Concat,0.001772476254144234
org.apache.tools.ant.types.optional.image.Scale.ProportionsAttribute,0.0002784871302723634
org.apache.tools.ant.taskdefs.optional.ide.VAJImport,0.0019812012312494733
org.apache.tools.ant.types.PatternSet.NameEntry,0.00018566166700755642
org.apache.tools.ant.taskdefs.optional.jdepend.JDependTask.FormatAttribute,3.641123067818344e-05
org.apache.tools.ant.taskdefs.optional.ejb.WebsphereDeploymentTool.DBVendor,2.3120318499247323e-05
org.apache.tools.ant.taskdefs.SQLExec.OnError,5.153561654102959e-05
org.apache.tools.ant.taskdefs.optional.junit.Xalan2Executor,0.0
org.apache.tools.ant.taskdefs.Move,0.0001479924068630398
org.apache.tools.ant.util.LazyHashtable,0.0
org.apache.tools.ant.taskdefs.optional.ejb.WeblogicTOPLinkDeploymentTool,2.4050342211226433e-05
org.apache.tools.ant.util.ClasspathUtils,2.9843981458745233e-05
org.apache.tools.ant.taskdefs.optional.ejb.IPlanetEjbc.Classname,0.0
org.apache.tools.ant.taskdefs.optional.sos.SOSCheckout,0.0
org.apache.tools.ant.taskdefs.optional.net.TelnetTask.TelnetWrite,0.0
org.apache.tools.ant.taskdefs.WaitFor.Unit,4.076898790094269e-05
org.apache.tools.ant.taskdefs.condition.Equals,2.5464274924176993e-05
org.apache.tools.ant.filters.ExpandProperties,0.0002802294784772229
org.apache.tools.ant.taskdefs.optional.ANTLR,0.0015602332695326888
org.apache.tools.ant.taskdefs.Recorder.VerbosityLevelChoices,5.0563903929806634e-05
org.apache.tools.ant.taskdefs.optional.junit.JUnitTask.SummaryAttribute,0.00014346400370781926
org.apache.tools.ant.taskdefs.optional.ejb.Ejbc,0.00011316393464723481
org.apache.tools.ant.taskdefs.optional.clearcase.CCUnCheckout,4.606293643889979e-05
org.apache.tools.ant.launch.Launcher,0.002193872879385439
org.apache.tools.ant.helper.ProjectHelperImpl.TaskHandler,0.0010229861639392236
org.apache.tools.ant.taskdefs.GenerateKey,0.0045250440029364234
org.apache.tools.ant.taskdefs.ManifestException,9.102232758722273e-05
org.apache.tools.ant.listener.Log4jListener,6.027035913160856e-05
org.apache.tools.ant.taskdefs.Javadoc.ExtensionInfo,0.0002908415862722023
org.apache.tools.ant.taskdefs.optional.ccm.CCMCheckinDefault,0.0
org.apache.tools.ant.taskdefs.optional.ejb.IPlanetDeploymentTool,0.004435631913293616
org.apache.tools.ant.taskdefs.KeySubst,0.0
org.apache.tools.ant.filters.EscapeUnicode,3.0874831752400444e-05
org.apache.tools.ant.taskdefs.Exit,3.7950995810826373e-06
org.apache.tools.ant.taskdefs.optional.metamata.MAuditStreamHandler,0.006577110219339055
org.apache.tools.ant.taskdefs.optional.perforce.P4Label,0.00032247706941903855
org.apache.tools.ant.taskdefs.PumpStreamHandler,0.0003150171115340429
org.apache.tools.ant.taskdefs.ExecuteStreamHandler,0.00047386137520541297
org.apache.tools.ant.taskdefs.optional.sitraka.ReportFilters.FilterElement,0.0021887719837186087
org.apache.tools.ant.taskdefs.optional.ide.VAJRemoteUtil,0.0005846841966803043
org.apache.tools.ant.taskdefs.optional.pvcs.PvcsProject,0.0
org.apache.tools.ant.taskdefs.condition.FilesMatch,3.8022375210077556e-05
org.apache.tools.ant.taskdefs.XSLTProcess.OutputProperty,0.0
org.apache.tools.ant.taskdefs.optional.net.FTP,0.0016812451807274394
org.apache.tools.ant.taskdefs.optional.NetRexxC.VerboseAttr,2.495976988793802e-05
org.apache.tools.ant.taskdefs.compilers.CompilerAdapterFactory,0.00012656317340948176
org.apache.tools.ant.types.optional.image.Rotate,0.00026816465233270873
org.apache.tools.ant.taskdefs.optional.StyleBook,0.0
org.apache.tools.ant.taskdefs.Dirname,3.7950995810826373e-06
org.apache.tools.ant.util.Watchdog,6.193469110692157e-07
org.apache.tools.ant.taskdefs.AbstractCvsTask,0.0031411204055538065
org.apache.tools.ant.taskdefs.optional.dotnet.DotnetResource,1.7341713509938037e-06
org.apache.tools.ant.taskdefs.LogStreamHandler,0.0005996692325491727
org.apache.tools.ant.taskdefs.optional.sound.SoundTask,0.0023320799644031558
org.apache.tools.ant.taskdefs.optional.junit.DOMUtil,0.004372589192148662
org.apache.tools.ant.taskdefs.Tstamp.CustomFormat,0.0011012786263445526
org.apache.tools.ant.taskdefs.cvslib.RedirectingStreamHandler,9.707621277864128e-05
org.apache.tools.ant.taskdefs.optional.unix.Chown,1.0675020460701654e-06
org.apache.tools.zip.ZipFile.BoundedInputStream,0.0
org.apache.tools.ant.ProjectHelper,0.0013955793115980036
org.apache.tools.ant.taskdefs.Sync.MyCopy,5.971139450308335e-06
org.apache.tools.ant.taskdefs.optional.i18n.Translate,0.0005182613713103633
org.apache.tools.ant.taskdefs.optional.sitraka.CovReport.ReportType,2.74217234755627e-05
org.apache.tools.ant.taskdefs.Parallel.TaskRunnable,0.0
org.apache.tools.ant.taskdefs.optional.ejb.JonasDeploymentTool,6.771257600629464e-05
org.apache.tools.ant.taskdefs.optional.dotnet.WsdlToDotnet,0.0
org.apache.tools.ant.taskdefs.optional.ccm.CCMCheckin,0.0
org.apache.tools.ant.taskdefs.optional.net.TelnetTask.TelnetRead,0.0
org.apache.tools.ant.util.regexp.RegexpMatcherFactory,0.003360896501096005
org.apache.tools.ant.taskdefs.optional.splash.SplashScreen,6.915236160301823e-06
org.apache.tools.ant.taskdefs.optional.junit.Xalan1Executor,0.0
org.apache.tools.ant.taskdefs.optional.scm.AntStarTeamCheckOut,1.4855060596148764e-05
org.apache.tools.ant.taskdefs.optional.jsp.JspNameMangler,0.0
org.apache.tools.ant.taskdefs.ManifestTask.Mode,0.0
org.apache.tools.ant.taskdefs.XSLTProcess,0.013890993778926036
org.apache.tools.ant.input.InputRequest,1.690895255983208e-05
org.apache.tools.ant.taskdefs.optional.extension.ExtraAttribute,0.0
org.apache.tools.ant.taskdefs.optional.javacc.JavaCC,0.0001682439498937277
org.apache.tools.ant.taskdefs.condition.Socket,3.615725831496975e-05
org.apache.tools.ant.helper.ProjectHelper2,0.002129467668942288
org.apache.tools.ant.taskdefs.Checksum,0.0002203719812071496
org.apache.tools.ant.types.Assertions.BaseAssertion,1.2386938221384314e-06
org.apache.tools.ant.taskdefs.optional.windows.Attrib,1.844339902565129e-05
org.apache.tools.ant.taskdefs.Mkdir,0.0
org.apache.tools.ant.taskdefs.BUnzip2,0.002844878335187187
org.apache.tools.ant.taskdefs.optional.junit.XalanExecutor,0.001006621952683433
org.apache.tools.ant.taskdefs.Recorder,0.004276402484173594
org.apache.tools.ant.taskdefs.optional.sitraka.CovReport.Reference,0.00896915783359032
org.apache.tools.ant.taskdefs.optional.jlink.ConstantPool,0.0
org.apache.tools.ant.taskdefs.optional.ide.VAJImport.LocalDirectoryScanner,6.462943202537594e-06
org.apache.tools.ant.filters.LineContainsRegExp,0.000184733146542342
org.apache.tools.ant.types.selectors.FilenameSelector,0.0004595989767443498
org.apache.tools.ant.types.Assertions.EnabledAssertion,0.0
org.apache.tools.ant.taskdefs.optional.net.RExecTask.RExecWrite,0.0
org.apache.tools.ant.taskdefs.optional.Test,0.00218753328989647
org.apache.tools.ant.types.FilterSet.FiltersFile,0.0
org.apache.tools.ant.IntrospectionHelper.Creator,0.0001521181072566032
org.apache.tools.ant.taskdefs.XSLTLogger,0.00011726131743563927
org.apache.tools.ant.taskdefs.optional.ssh.Directory,0.0
org.apache.tools.ant.taskdefs.optional.depend.ClassFileUtils,0.01030189877724743
org.apache.tools.ant.taskdefs.optional.metamata.MAuditParser,0.00020930734612874822
org.apache.tools.ant.taskdefs.DependSet,7.737455805259035e-05
org.apache.tools.ant.taskdefs.optional.metamata.MAudit,0.0003060857043407381
org.apache.tools.ant.taskdefs.ExecuteOn,0.006309259470543897
org.apache.tools.ant.taskdefs.Manifest.Attribute,4.61921238561863e-05
org.apache.tools.ant.taskdefs.RecorderEntry,2.744726151410561e-05
org.apache.tools.ant.taskdefs.optional.sitraka.Triggers.Method,0.0004376327995846983
org.apache.tools.ant.taskdefs.optional.jsp.compilers.JspCompilerAdapter,0.0009232981857653876
org.apache.tools.ant.util.JAXPUtils,0.00010605741690020802
org.apache.tools.ant.types.DataType,0.004033302418546591
org.apache.tools.ant.types.optional.image.ImageOperation,0.002051976513085094
org.apache.tools.ant.taskdefs.condition.IsSet,7.113906409464544e-05
org.apache.tools.ant.taskdefs.optional.ide.VAJLoadProjects,0.0
org.apache.tools.ant.loader.AntClassLoader2,0.00019924079094368194
org.apache.tools.ant.taskdefs.Execute.CommandLauncherProxy,8.257958814256209e-06
org.apache.tools.ant.taskdefs.Copyfile,3.7950995810826373e-06
org.apache.tools.ant.taskdefs.optional.ide.VAJExportServlet,0.0
org.apache.tools.ant.taskdefs.optional.XMLValidateTask,0.006724537815161524
org.apache.tools.ant.util.regexp.Regexp,0.0008127743509346416
org.apache.tools.tar.TarOutputStream,0.0013169794678197272
org.apache.tools.ant.taskdefs.optional.ejb.DDCreator,0.00011316393464723481
org.apache.tools.ant.types.Mapper.MapperType,7.675924336218036e-05
org.apache.tools.ant.taskdefs.optional.ejb.EjbJar.DTDLocation,0.00010702098898124166
org.apache.tools.ant.types.selectors.ExtendSelector,0.001071827681025435
org.apache.tools.ant.taskdefs.optional.ide.VAJImportServlet,0.0
org.apache.tools.ant.taskdefs.optional.ide.VAJAntToolGUI.VAJBuildLogger,0.00011073222254583213
org.apache.tools.ant.taskdefs.optional.depend.AntAnalyzer,0.010996307824884708
org.apache.tools.tar.TarEntry,0.004456061186118772
org.apache.tools.ant.filters.TokenFilter.DeleteCharacters,0.0009768276669971869
org.apache.tools.ant.types.PropertySet.BuiltinPropertySetName,0.00020997347990710198
org.apache.tools.ant.taskdefs.Ear,0.0009106571554142397
org.apache.tools.ant.taskdefs.condition.Or,2.5464274924176993e-05
org.apache.tools.ant.taskdefs.CallTarget,0.00046476021763336217
org.apache.tools.ant.taskdefs.optional.sitraka.bytecode.ClassFile,0.009235267213236434
org.apache.tools.ant.util.LoaderUtils,0.0013570077166898257
org.apache.tools.ant.taskdefs.optional.sound.AntSoundPlayer,1.5552489100182528e-05
org.apache.tools.ant.taskdefs.Javadoc.SourceFile,0.0
org.apache.tools.ant.taskdefs.optional.vss.MSVSSHISTORY.BriefCodediffNofile,5.6723861748189746e-05
org.apache.tools.ant.types.Resource,0.00013789962352307603
org.apache.tools.ant.taskdefs.optional.sitraka.Filters.FilterElement,1.2386938221384314e-06
org.apache.tools.ant.taskdefs.Definer,0.005924501977628489
org.apache.tools.ant.types.selectors.NotSelector,3.420923757867891e-06
org.apache.tools.ant.taskdefs.Tar.TarFileSet,0.0001290706779262422
org.apache.tools.ant.taskdefs.optional.junit.PlainJUnitResultFormatter,0.001143385106246481
org.apache.tools.ant.launch.AntMain,0.001160727118978732
org.apache.tools.ant.taskdefs.condition.Not,2.5464274924176993e-05
org.apache.tools.ant.input.PropertyFileInputHandler,0.00027657575480910453
org.apache.tools.ant.helper.ProjectHelper2.ElementHandler,4.004866993048385e-05
org.apache.tools.ant.taskdefs.optional.perforce.P4Base,0.0019876460112484636
org.apache.tools.ant.taskdefs.optional.ssh.SSHUserInfo,2.1032370226309445e-06
org.apache.tools.ant.types.selectors.SelectSelector,0.00010157061089160803
org.apache.tools.ant.taskdefs.compilers.JavacExternal,1.7986074481472138e-05
org.apache.tools.ant.NoBannerLogger,0.0
org.apache.tools.ant.taskdefs.condition.Http,3.615725831496975e-05
org.apache.tools.ant.taskdefs.GenerateKey.DnameParam,0.0
org.apache.tools.ant.util.LazyFileOutputStream,0.0
org.apache.tools.ant.taskdefs.Untar,0.005663290345214316
org.apache.tools.bzip2.CRC,6.276048698834719e-06
org.apache.tools.ant.types.selectors.BaseSelector,0.0011288077974112385
org.apache.tools.ant.types.optional.image.ColorMapper,3.2206039375599213e-06
org.apache.tools.ant.taskdefs.Manifest,0.0020852738780596167
org.apache.tools.zip.ZipLong,0.0021340275861747387
org.apache.tools.ant.taskdefs.ExecTask,0.0017612538263482185
org.apache.tools.ant.taskdefs.optional.metamata.MMetrics,0.0019855077123641374
org.apache.tools.ant.util.FileNameMapper,0.007450453436155049
org.apache.tools.ant.taskdefs.optional.perforce.P4Reopen,0.0
org.apache.tools.ant.taskdefs.Untar.UntarCompressionMethod,0.0020096613231770023
org.apache.tools.ant.taskdefs.optional.XMLValidateTask.ValidatorErrorHandler,0.0
org.apache.tools.ant.types.PropertySet.PropertyRef,0.0
org.apache.tools.ant.taskdefs.email.PlainMailer,0.003090676239513934
org.apache.tools.ant.taskdefs.optional.clearcase.CCCheckout,4.606293643889979e-05
org.apache.tools.ant.taskdefs.optional.sitraka.CovMerge,0.00027540813827175184
org.apache.tools.ant.types.selectors.modifiedselector.ModifiedSelector.ComparatorName,0.0
org.apache.tools.mail.SmtpResponseReader,0.0
org.apache.tools.ant.filters.TokenFilter.ReplaceString,5.030442105743177e-07
org.apache.tools.ant.taskdefs.ProcessDestroyer.ProcessDestroyerImpl,0.0
org.apache.tools.ant.taskdefs.Ant.Reference,1.9199754243145686e-06
org.apache.tools.ant.filters.TokenFilter.ContainsString,0.0006579611677264732
org.apache.tools.ant.taskdefs.Sequential,5.0984107834440865e-05
org.apache.tools.ant.taskdefs.SendEmail,0.0
org.apache.tools.ant.taskdefs.email.MimeMailer.SimpleAuthenticator,0.0
org.apache.tools.ant.taskdefs.Execute.VmsCommandLauncher,0.0
org.apache.tools.ant.taskdefs.Filter,5.0805293740498734e-05
org.apache.tools.ant.taskdefs.cvslib.ChangeLogParser,7.132606671841407e-05
org.apache.tools.ant.taskdefs.email.UUMailer,0.0
org.apache.tools.ant.taskdefs.Javadoc.JavadocOutputStream,1.9446568604432374e-05
org.apache.tools.ant.types.CommandlineJava.SysProperties,1.4769793743798416e-05
org.apache.tools.ant.taskdefs.optional.ide.VAJTask.VAJLocalToolUtil,8.621465643876352e-05
org.apache.tools.ant.taskdefs.optional.jlink.jlink,0.004370111804504386
org.apache.tools.ant.taskdefs.ImportTask,6.124453255090545e-05
org.apache.tools.ant.taskdefs.compilers.Javac13,1.4424427569505271e-05
org.apache.tools.ant.taskdefs.SQLExec.DelimiterType,5.153561654102959e-05
org.apache.tools.ant.taskdefs.cvslib.CVSEntry,0.0010980510682859841
org.apache.tools.ant.taskdefs.Redirector,0.003233165539930301
org.apache.tools.ant.taskdefs.optional.vss.MSVSSConstants,0.0
org.apache.tools.ant.taskdefs.optional.j2ee.AbstractHotDeploymentTool,8.906295308630154e-05
org.apache.tools.ant.BuildListener,0.00246122408609502
org.apache.tools.ant.types.selectors.modifiedselector.ModifiedSelector.CacheName,0.0
org.apache.tools.ant.taskdefs.optional.net.SetProxy,9.575722561404804e-05
org.apache.tools.ant.filters.TokenFilter.StringTokenizer,0.0005748697403173506
org.apache.tools.ant.listener.MailLogger,0.008596521042370752
org.apache.tools.ant.Project.AntRefTable,0.0
org.apache.tools.ant.types.CommandlineJava,0.0010641762534276287
org.apache.tools.ant.taskdefs.optional.junit.FormatterElement.TypeAttribute,6.131433709803972e-05
org.apache.tools.ant.taskdefs.optional.ide.VAJToolsServlet.VAJLocalServletUtil,0.0
org.apache.tools.ant.taskdefs.optional.Javah,0.002356734790259995
org.apache.tools.ant.ComponentHelper,0.001815445153780311
org.apache.tools.ant.taskdefs.optional.perforce.P4OutputHandler,0.0
org.apache.tools.ant.helper.ProjectHelperImpl,0.0012607079910554003
org.apache.tools.ant.types.selectors.modifiedselector.DigestAlgorithm,0.0
org.apache.tools.ant.util.regexp.Jdk14RegexpRegexp,0.00036364368766714385
org.apache.tools.ant.taskdefs.optional.junit.SummaryJUnitResultFormatter,5.3799877138445174e-05
org.apache.tools.ant.taskdefs.Javac.ImplementationSpecificArgument,0.0
org.apache.tools.ant.taskdefs.XSLTLiaison,0.004372589192148662
org.apache.tools.ant.taskdefs.Zip.WhenEmpty,0.00018756580989299698
org.apache.tools.ant.types.selectors.MajoritySelector,8.197875879396937e-07
org.apache.tools.ant.taskdefs.optional.vss.MSVSSLABEL,5.061236835855704e-06
org.apache.tools.ant.util.StringUtils,0.000821654667430009
org.apache.tools.ant.taskdefs.optional.ide.VAJTask,0.00019309845686888303
org.apache.tools.ant.taskdefs.cvslib.CvsUser,0.0
org.apache.tools.ant.taskdefs.Pack,3.3031835257024836e-06
org.apache.tools.ant.util.MergingMapper,8.285540178655992e-05
org.apache.tools.ant.taskdefs.optional.EchoProperties.FormatAttribute,6.021428302061822e-05
org.apache.tools.ant.taskdefs.War,0.0009106571554142397
org.apache.tools.ant.taskdefs.optional.dotnet.DotnetCompile,0.00352408140236628
org.apache.tools.ant.types.FilterSet.Filter,0.0
org.apache.tools.zip.ZipFile,0.006126084200233061
org.apache.tools.ant.taskdefs.optional.sitraka.bytecode.NullLoader,0.0005502052740880339
org.apache.tools.ant.BuildEvent,0.0090431331253751
org.apache.tools.ant.taskdefs.optional.ide.VAJWorkspaceScanner,0.0
org.apache.tools.ant.taskdefs.Execute.Java11CommandLauncher,6.697662948653902e-06
org.apache.tools.ant.filters.TailFilter,7.580415660275348e-05
org.apache.tools.ant.util.PackageNameMapper,0.0
org.apache.tools.ant.types.XMLCatalog.InternalResolver,1.19224280380824e-06
org.apache.tools.ant.taskdefs.optional.extension.JarLibManifestTask,0.0008080091348325952
org.apache.tools.ant.types.DirSet,7.064086760289412e-05
org.apache.tools.ant.taskdefs.optional.ssh.AbstractSshMessage,0.0017235659483604874
org.apache.tools.ant.DefaultLogger,0.0026383578303031782
org.apache.tools.ant.util.Tokenizer,4.093243457919124e-06
org.apache.tools.ant.taskdefs.Javadoc.DocletParam,0.0
org.apache.tools.ant.util.regexp.RegexpFactory,6.485925391068134e-05
org.apache.tools.ant.util.LineTokenizer,0.0017233758984794537
org.apache.tools.ant.taskdefs.cvslib.CvsTagEntry,0.0
org.apache.tools.ant.taskdefs.optional.depend.constantpool.ConstantPoolEntry,0.008809908847807368
org.apache.tools.ant.taskdefs.ExecuteWatchdog,0.001312477626348302
org.apache.tools.zip.UnixStat,0.0
org.apache.tools.ant.taskdefs.optional.net.RExecTask.RExecRead,0.0
org.apache.tools.ant.taskdefs.optional.ejb.IPlanetEjbc.EjbInfo,0.0021887719837186083
org.apache.tools.ant.filters.StripLineBreaks,4.406596621919629e-05
org.apache.tools.ant.taskdefs.optional.extension.ExtensionUtil,0.0011939449762213507
org.apache.tools.ant.taskdefs.Exec.StreamPumper,0.0
org.apache.tools.ant.util.DOMElementWriter,0.0
org.apache.tools.ant.taskdefs.Rmic.ImplementationSpecificArgument,0.0
org.apache.tools.ant.taskdefs.optional.junit.Enumerations,0.004372589192148661
org.apache.tools.ant.taskdefs.Property,8.109505527205354e-05
org.apache.tools.ant.types.selectors.ContainsSelector,0.0004595989767443498
org.apache.tools.ant.taskdefs.optional.dotnet.DotnetDefine,2.0357750172533527e-05
org.apache.tools.ant.taskdefs.optional.extension.resolvers.URLResolver,0.0003386562678645101
org.apache.tools.ant.taskdefs.JikesOutputParser,0.00010546990625112935
org.apache.tools.ant.taskdefs.optional.sitraka.bytecode.ClassPathLoader.LoaderEnumeration,2.2709386739204573e-06
org.apache.tools.ant.taskdefs.optional.ide.VAJLoad,0.0036885372237773395
org.apache.tools.ant.taskdefs.JDBCTask,3.9784306226399257e-05
org.apache.tools.ant.taskdefs.compilers.DefaultCompilerAdapter,0.0010993765702106111
org.apache.tools.ant.util.KeepAliveInputStream,0.0
org.apache.tools.ant.types.Path.PathElement,0.0
org.apache.tools.ant.taskdefs.optional.starteam.StarTeamList,3.2443228495373095e-05
org.apache.tools.ant.taskdefs.optional.PropertyFile.Unit,2.96283765171492e-05
org.apache.tools.ant.taskdefs.optional.net.RExecTask.RExecSubTask,2.4773876442768627e-06
org.apache.tools.ant.taskdefs.optional.ccm.CCMCheckout,0.0
org.apache.tools.ant.taskdefs.optional.sitraka.bytecode.ClassPathLoader,0.0019422156088484443
org.apache.tools.ant.types.optional.image.TransformOperation,6.093372640216324e-06
org.apache.tools.ant.types.optional.depend.ClassfileSet.ClassRoot,0.0
org.apache.tools.ant.taskdefs.ExecuteJava,0.0033139953470212253
org.apache.tools.ant.util.facade.ImplementationSpecificArgument,0.0001375752048178788
org.apache.tools.ant.taskdefs.Execute,0.007921496990494797
org.apache.tools.ant.taskdefs.optional.ssh.SSHExec,0.0013986289391131395
org.apache.tools.ant.taskdefs.PreSetDef.PreSetDefinition,1.651065613345783e-05
org.apache.tools.ant.taskdefs.Execute.ScriptCommandLauncher,0.0
org.apache.tools.ant.taskdefs.rmic.DefaultRmicAdapter,0.0007586883378294381
org.apache.tools.ant.filters.LineContains.Contains,0.0
org.apache.tools.ant.filters.StripJavaComments,9.644548823302857e-07
org.apache.tools.ant.taskdefs.optional.Script,9.767758808876355e-05
org.apache.tools.ant.taskdefs.FixCRLF.OneLiner.BufferLine,0.0
org.apache.tools.ant.types.resolver.ApacheCatalog,0.0
org.apache.tools.ant.taskdefs.optional.jsp.JspMangler,0.004373084669677519
org.apache.tools.ant.taskdefs.optional.clearcase.CCUpdate,4.606293643889979e-05
org.apache.tools.ant.DirectoryScanner,0.01580002824443046
org.apache.tools.ant.util.ResourceUtils,0.0006392404950939038
org.apache.tools.ant.taskdefs.optional.NetRexxC.TraceAttr,2.495976988793802e-05
org.apache.tools.ant.IntrospectionHelper.NestedCreator,0.0
org.apache.tools.ant.taskdefs.optional.ejb.EjbJar.CMPVersion,0.0
org.apache.tools.ant.types.optional.image.DrawOperation,3.294398219172636e-05
org.apache.tools.ant.PathTokenizer,0.0
org.apache.tools.ant.util.depend.bcel.FullAnalyzer,0.00218753328989647
org.apache.tools.ant.taskdefs.optional.perforce.P4Change,8.893783149758248e-05
org.apache.tools.ant.taskdefs.optional.script.ScriptDef.Attribute,0.0
org.apache.tools.ant.taskdefs.optional.ejb.EjbJar.NamingScheme,5.027884241430022e-05
org.apache.tools.ant.taskdefs.optional.junit.AggregateTransformer,0.004968275481219599
org.apache.tools.ant.taskdefs.optional.sitraka.ReportFilters,0.005868279763311991
org.apache.tools.ant.taskdefs.optional.unix.Chgrp,1.0675020460701654e-06
org.apache.tools.ant.types.selectors.NoneSelector,8.197875879396937e-07
org.apache.tools.ant.XmlLogger,0.0030091167596161573
org.apache.tools.ant.taskdefs.optional.ide.VAJToolsServlet,0.006285276965095201
org.apache.tools.ant.Location,0.0006042508665753952
org.apache.tools.tar.TarBuffer,1.2386938221384314e-06
org.apache.tools.ant.taskdefs.optional.ejb.IPlanetEjbc.EjbcHandler,0.0
org.apache.tools.ant.types.optional.depend.DependScanner,3.774437511578089e-05
org.apache.tools.ant.taskdefs.optional.jsp.JspC,0.0058885382314435115
org.apache.tools.ant.taskdefs.optional.metamata.AbstractMetamataTask,0.0008549616302211832
org.apache.tools.ant.taskdefs.optional.clearcase.CCMkelem,4.606293643889979e-05
org.apache.tools.ant.filters.PrefixLines,4.406596621919629e-05
org.apache.tools.ant.helper.AntXMLContext,0.002334890715776203
org.apache.tools.ant.taskdefs.optional.vss.MSVSS,0.007678618274704992
org.apache.tools.ant.taskdefs.optional.net.FTP.FTPDirectoryScanner.AntFTPFile,0.00021933226533947802
org.apache.tools.ant.taskdefs.optional.dotnet.Ilasm.TargetTypes,3.848041209663163e-05
org.apache.tools.ant.taskdefs.optional.depend.constantpool.FieldRefCPInfo,4.954775288553726e-07
org.apache.tools.ant.PropertyHelper,0.0
org.apache.tools.ant.util.optional.WeakishReference12,0.0
org.apache.tools.ant.types.selectors.DependSelector,3.5948116034179574e-05
org.apache.tools.ant.taskdefs.optional.ejb.WebsphereDeploymentTool,0.0017967312302468938
org.apache.tools.ant.taskdefs.PreSetDef,0.00021682749825463127
org.apache.tools.ant.taskdefs.optional.extension.Compatibility,5.037354876696287e-06
org.apache.tools.ant.taskdefs.optional.sitraka.Filters.Include,0.0010925279511260963
org.apache.tools.ant.taskdefs.optional.metamata.MMetricsStreamHandler.ElementEntry,0.0
org.apache.tools.ant.taskdefs.MacroDef.Attribute,0.0
org.apache.tools.ant.helper.ProjectHelperImpl.RootHandler,1.8372771971391125e-05
org.apache.tools.ant.taskdefs.optional.dotnet.Ilasm,0.001241931477459334
org.apache.tools.ant.filters.ReplaceTokens.Token,0.0
org.apache.tools.ant.taskdefs.optional.depend.constantpool.ClassCPInfo,0.00045722054812159595
org.apache.tools.ant.taskdefs.Java,0.009010890020634908
org.apache.tools.ant.filters.TokenFilter.Trim,5.030442105743177e-07
org.apache.tools.ant.taskdefs.optional.ide.VAJAntTool,0.0025996460030712205
org.apache.tools.ant.taskdefs.optional.junit.BatchTest,0.0014233266102685433
org.apache.tools.bzip2.CBZip2OutputStream.StackElem,0.0
org.apache.tools.ant.taskdefs.condition.Os,0.0011929852244616952
org.apache.tools.ant.taskdefs.optional.sitraka.Coverage.Javavm,0.00017499945105937224
org.apache.tools.ant.taskdefs.compilers.Sj,1.7986074481472138e-05
org.apache.tools.ant.taskdefs.optional.jlink.JlinkTask,0.006565550414893011
org.apache.tools.ant.taskdefs.email.EmailTask.Encoding,8.856318310742881e-05
org.apache.tools.ant.taskdefs.optional.sitraka.bytecode.ClassPathLoader.FileLoader,0.003268518866770831
org.apache.tools.ant.types.Substitution,0.00023449439472595905
org.apache.tools.ant.taskdefs.optional.RenameExtensions,0.0014548807484669652
org.apache.tools.ant.taskdefs.optional.dotnet.DotnetCompile.TargetTypes,6.144780237176705e-05
org.apache.tools.ant.taskdefs.Replace,0.0016745966105518064
org.apache.tools.ant.taskdefs.optional.jlink.ClassNameReader,0.0021875332898964694
org.apache.tools.ant.taskdefs.optional.clearcase.CCLock,4.606293643889979e-05
org.apache.tools.ant.types.selectors.SelectorScanner,0.0
org.apache.tools.ant.taskdefs.AntlibDefinition,0.0002318600474818844
org.apache.tools.ant.taskdefs.optional.perforce.P4Integrate,0.0
org.apache.tools.ant.taskdefs.optional.sitraka.CovReport,0.0032586105609058794
org.apache.tools.ant.taskdefs.optional.ide.VAJAntToolGUI.PrivateEventHandler,0.0
org.apache.tools.ant.taskdefs.cvslib.ChangeLogWriter,0.0010890693236697726
org.apache.tools.ant.taskdefs.rmic.SunRmic,0.00011027316330137911
org.apache.tools.ant.util.ClasspathUtils.Delegate,2.2122247762494175e-05
org.apache.tools.ant.util.regexp.Jdk14RegexpMatcher,0.0003674526211064164
org.apache.tools.ant.Project,0.15939675676444479
org.apache.tools.ant.taskdefs.SQLExec,0.0051133431042307085
org.apache.tools.ant.taskdefs.optional.perforce.P4Handler,0.0012361685945964926
org.apache.tools.ant.taskdefs.compilers.Jvc,3.129717317090142e-05
org.apache.tools.ant.listener.CommonsLoggingListener,0.00038903330806243315
