class_name,UU-CoreNum
org.apache.tools.ant.filters.StripLineComments,5
org.apache.tools.ant.filters.BaseFilterReader,5
org.apache.tools.ant.util.UnPackageNameMapper,1
org.apache.tools.ant.taskdefs.optional.vss.MSVSS.CurrentModUpdated,4
org.apache.tools.ant.taskdefs.optional.ejb.EjbJar,9
org.apache.tools.ant.taskdefs.optional.Rpm,9
org.apache.tools.ant.taskdefs.optional.j2ee.GenericHotDeploymentTool,6
org.apache.tools.ant.taskdefs.optional.net.MimeMail,3
org.apache.tools.ant.filters.ConcatFilter,5
org.apache.tools.ant.taskdefs.optional.dotnet.VisualBasicCompile,4
org.apache.tools.ant.taskdefs.DefaultExcludes,3
org.apache.tools.ant.util.ScriptRunner,4
org.apache.tools.ant.filters.util.ChainReaderHelper,8
org.apache.tools.ant.types.XMLCatalog.ExternalResolver,3
org.apache.tools.ant.taskdefs.optional.script.ScriptDef.NestedElement,1
org.apache.tools.ant.DemuxOutputStream,2
org.apache.tools.ant.taskdefs.rmic.RmicAdapterFactory,4
org.apache.tools.ant.taskdefs.Definer.OnError,2
org.apache.tools.ant.taskdefs.optional.perforce.P4Sync,4
org.apache.tools.ant.taskdefs.Input,5
org.apache.tools.ant.types.selectors.DateSelector.TimeComparisons,2
org.apache.tools.ant.types.Commandline.Argument,9
org.apache.tools.ant.taskdefs.GenerateKey.DistinguishedName,1
org.apache.tools.ant.filters.StripLineComments.Comment,1
org.apache.tools.ant.taskdefs.MatchingTask,9
org.apache.tools.ant.taskdefs.Execute.MacCommandLauncher,3
org.apache.tools.ant.taskdefs.FixCRLF.OneLiner,3
org.apache.tools.ant.types.selectors.OrSelector,5
org.apache.tools.ant.util.DateUtils,4
org.apache.tools.ant.TypeAdapter,4
org.apache.tools.ant.taskdefs.optional.ccm.CCMCreateTask,6
org.apache.tools.ant.taskdefs.optional.metamata.MMetricsStreamHandler,4
org.apache.tools.ant.types.selectors.DepthSelector,8
org.apache.tools.ant.taskdefs.LoadFile,6
org.apache.tools.ant.types.selectors.BaseSelectorContainer,8
org.apache.tools.ant.taskdefs.BZip2,3
org.apache.tools.ant.types.XMLCatalog,9
org.apache.tools.ant.taskdefs.optional.image.Image,6
org.apache.tools.ant.taskdefs.optional.sitraka.bytecode.Utils,4
org.apache.tools.ant.taskdefs.optional.extension.JarLibAvailableTask,7
org.apache.tools.ant.taskdefs.optional.Test.TestletEntry,1
org.apache.tools.zip.UnrecognizedExtraField,3
org.apache.tools.ant.filters.TokenFilter,5
org.apache.tools.ant.taskdefs.optional.junit.DOMUtil.NodeFilter,1
org.apache.tools.ant.types.Assertions,8
org.apache.tools.ant.util.CollectionUtils.EmptyEnumeration,0
org.apache.tools.ant.taskdefs.optional.PropertyFile.Entry.Operation,2
org.apache.tools.ant.types.selectors.BaseExtendSelector,8
org.apache.tools.ant.taskdefs.optional.net.RExecTask,3
org.apache.tools.ant.taskdefs.optional.clearcase.CCRmtype,7
org.apache.tools.tar.TarConstants,1
org.apache.tools.ant.taskdefs.AntStructure,6
org.apache.tools.ant.taskdefs.XmlProperty,6
org.apache.tools.ant.helper.ProjectHelperImpl.ProjectHandler,4
org.apache.tools.ant.taskdefs.optional.ssh.Scp,6
org.apache.tools.ant.taskdefs.optional.sitraka.Coverage,9
org.apache.tools.ant.taskdefs.Copydir,6
org.apache.tools.ant.taskdefs.optional.extension.Compatability,0
org.apache.tools.ant.taskdefs.optional.sitraka.CovBase,5
org.apache.tools.ant.taskdefs.optional.extension.Specification,2
org.apache.tools.ant.taskdefs.FixCRLF.AddAsisRemove,2
org.apache.tools.ant.DemuxInputStream,2
org.apache.tools.ant.taskdefs.optional.perforce.P4Submit,3
org.apache.tools.ant.taskdefs.TaskOutputStream,1
org.apache.tools.ant.taskdefs.UpToDate,9
org.apache.tools.ant.helper.ProjectHelperImpl.AbstractHandler,4
org.apache.tools.ant.taskdefs.Rename,4
org.apache.tools.ant.taskdefs.optional.depend.constantpool.NameAndTypeCPInfo,4
org.apache.tools.ant.taskdefs.optional.IContract,9
org.apache.tools.ant.taskdefs.optional.sos.SOS,9
org.apache.tools.ant.filters.ChainableReader,5
org.apache.tools.ant.taskdefs.optional.ejb.DDCreatorHelper,0
org.apache.tools.ant.taskdefs.optional.sitraka.XMLReport,4
org.apache.tools.ant.taskdefs.optional.ssh.LogListener,2
org.apache.tools.ant.taskdefs.Available,8
org.apache.tools.ant.types.Environment.Variable,9
org.apache.tools.ant.taskdefs.optional.ssh.ScpToMessage,2
org.apache.tools.ant.taskdefs.optional.starteam.TreeBasedTask.UnmatchedFileMap,4
org.apache.tools.ant.taskdefs.optional.ejb.BorlandGenerateClient,9
org.apache.tools.ant.taskdefs.optional.IContract.ClasspathHelper,4
org.apache.tools.ant.taskdefs.optional.PropertyFile.Entry.Type,2
org.apache.tools.ant.taskdefs.optional.Javah.ClassArgument,1
org.apache.tools.ant.filters.TokenFilter.Filter,3
org.apache.tools.ant.taskdefs.optional.vss.MSVSSCREATE,3
org.apache.tools.ant.taskdefs.BuildNumber,5
org.apache.tools.ant.taskdefs.optional.pvcs.Pvcs,9
org.apache.tools.ant.taskdefs.optional.junit.JUnitResultFormatter,5
org.apache.tools.ant.taskdefs.optional.perforce.P4Edit,3
org.apache.tools.ant.taskdefs.optional.dotnet.JSharp,4
org.apache.tools.ant.taskdefs.optional.clearcase.CCMklbtype,7
org.apache.tools.ant.types.selectors.PresentSelector,8
org.apache.tools.ant.taskdefs.optional.ccm.CCMCheck,8
org.apache.tools.ant.taskdefs.optional.javacc.JJDoc,9
org.apache.tools.ant.taskdefs.optional.ssh.ScpFromMessage,2
org.apache.tools.ant.taskdefs.optional.extension.resolvers.AntResolver,5
org.apache.tools.ant.util.GlobPatternMapper,3
org.apache.tools.ant.taskdefs.optional.sitraka.Coverage.Finalsnapshot,1
org.apache.tools.ant.taskdefs.optional.depend.constantpool.DoubleCPInfo,2
org.apache.tools.ant.taskdefs.MacroDef.TemplateElement,2
org.apache.tools.ant.taskdefs.optional.sitraka.ReportFilters.Exclude,2
org.apache.tools.bzip2.BZip2Constants,2
org.apache.tools.ant.taskdefs.condition.And,3
org.apache.tools.ant.taskdefs.optional.ejb.WeblogicDeploymentTool,9
org.apache.tools.ant.taskdefs.condition.IsFalse,4
org.apache.tools.ant.types.Reference,9
org.apache.tools.ant.taskdefs.optional.perforce.P4Labelsync,5
org.apache.tools.ant.taskdefs.Execute.Java13CommandLauncher,4
org.apache.tools.ant.taskdefs.LogOutputStream,9
org.apache.tools.ant.taskdefs.optional.j2ee.HotDeploymentTool,5
org.apache.tools.ant.taskdefs.Sync,5
org.apache.tools.ant.taskdefs.SubAnt,9
org.apache.tools.ant.launch.LaunchException,1
org.apache.tools.ant.helper.ProjectHelper2.MainHandler,2
org.apache.tools.ant.taskdefs.optional.unix.Symlink,7
org.apache.tools.ant.types.XMLCatalog.CatalogResolver,3
org.apache.tools.ant.taskdefs.Zip.ArchiveState,3
org.apache.tools.ant.taskdefs.Execute.OS2CommandLauncher,3
org.apache.tools.ant.helper.ProjectHelper2.AntHandler,4
org.apache.tools.ant.taskdefs.MacroDef,7
org.apache.tools.ant.taskdefs.optional.sos.SOSCmd,1
org.apache.tools.ant.taskdefs.Touch,7
org.apache.tools.ant.taskdefs.optional.ejb.GenericDeploymentTool,9
org.apache.tools.ant.taskdefs.optional.sitraka.bytecode.DirectoryLoader,3
org.apache.tools.mail.MailPrintStream,1
org.apache.tools.ant.taskdefs.optional.depend.ClassFileIterator,2
org.apache.tools.ant.taskdefs.optional.ejb.WLStop,6
org.apache.tools.ant.taskdefs.optional.junit.JUnitTest,5
org.apache.tools.ant.taskdefs.cvslib.ChangeLogTask,7
org.apache.tools.ant.taskdefs.optional.starteam.TreeBasedTask,4
org.apache.tools.ant.taskdefs.optional.depend.ClassFile,3
org.apache.tools.ant.taskdefs.optional.net.TelnetTask.TelnetSubTask,3
org.apache.tools.ant.taskdefs.optional.sos.SOSLabel,4
org.apache.tools.ant.taskdefs.optional.ide.VAJBuildInfo.InterruptedChecker,3
org.apache.tools.ant.taskdefs.optional.ejb.DescriptorHandler,8
org.apache.tools.ant.XmlLogger.TimedElement,1
org.apache.tools.ant.taskdefs.Get.Base64Converter,1
org.apache.tools.ant.types.selectors.AndSelector,5
org.apache.tools.ant.taskdefs.XSLTLiaison2,2
org.apache.tools.ant.taskdefs.optional.ejb.WLRun,6
org.apache.tools.ant.taskdefs.optional.jsp.compilers.JasperC,7
org.apache.tools.ant.taskdefs.Manifest.Section,4
org.apache.tools.ant.taskdefs.optional.net.RExecTask.AntRExecClient,3
org.apache.tools.ant.input.DefaultInputHandler,4
org.apache.tools.ant.types.Permissions,5
org.apache.tools.ant.taskdefs.Tar,6
org.apache.tools.ant.taskdefs.XSLTProcess.Factory.Attribute,3
org.apache.tools.ant.taskdefs.optional.metamata.MParse,9
org.apache.tools.ant.ExitException,1
org.apache.tools.ant.types.selectors.TypeSelector.FileType,2
org.apache.tools.ant.taskdefs.optional.junit.DOMUtil.NodeListImpl,1
org.apache.tools.ant.TaskAdapter,4
org.apache.tools.ant.types.selectors.modifiedselector.ModifiedSelector.AlgorithmName,2
org.apache.tools.ant.taskdefs.optional.sitraka.bytecode.DirectoryFilter,0
org.apache.tools.ant.types.Parameter,8
org.apache.tools.ant.util.facade.FacadeTaskHelper,3
org.apache.tools.ant.types.optional.image.BasicShape,4
org.apache.tools.ant.types.selectors.ContainsRegexpSelector,8
org.apache.tools.ant.taskdefs.Typedef,2
org.apache.tools.ant.taskdefs.Unpack,4
org.apache.tools.ant.taskdefs.condition.Condition,6
org.apache.tools.ant.types.selectors.FileSelector,8
org.apache.tools.ant.taskdefs.MacroInstance.Element,4
org.apache.tools.ant.taskdefs.XSLTLoggerAware,2
org.apache.tools.ant.taskdefs.optional.ejb.InnerClassFilenameFilter,1
org.apache.tools.ant.taskdefs.optional.ide.VAJExport,5
org.apache.tools.ant.types.optional.ScriptFilter,4
org.apache.tools.ant.taskdefs.optional.starteam.StarTeamCheckout,4
org.apache.tools.ant.taskdefs.Antlib,7
org.apache.tools.ant.Main,5
org.apache.tools.ant.types.ResourceLocation,3
org.apache.tools.ant.taskdefs.optional.extension.JarLibResolveTask,6
org.apache.tools.ant.types.selectors.SelectorContainer,8
org.apache.tools.ant.taskdefs.Copy,9
org.apache.tools.ant.taskdefs.ConditionTask,5
org.apache.tools.ant.taskdefs.XSLTProcess.Param,3
org.apache.tools.ant.filters.util.JavaClassHelper,0
org.apache.tools.ant.taskdefs.Chmod,9
org.apache.tools.ant.types.selectors.modifiedselector.ModifiedSelector,8
org.apache.tools.ant.taskdefs.optional.PropertyFile,2
org.apache.tools.ant.taskdefs.optional.starteam.StarTeamCheckin,4
org.apache.tools.ant.taskdefs.optional.vss.MSVSSHISTORY,3
org.apache.tools.ant.taskdefs.optional.ccm.Continuus,8
org.apache.tools.ant.taskdefs.CVSPass,2
org.apache.tools.ant.taskdefs.optional.junit.BaseTest,4
org.apache.tools.ant.taskdefs.optional.depend.DirectoryIterator,2
org.apache.tools.ant.taskdefs.PathConvert.MapEntry,1
org.apache.tools.ant.taskdefs.ExecuteOn.FileDirBoth,2
org.apache.tools.ant.taskdefs.optional.junit.JUnitTask,9
org.apache.tools.ant.taskdefs.Tstamp.Unit,2
org.apache.tools.ant.types.Permissions.MySM,1
org.apache.tools.ant.types.optional.image.Scale,4
org.apache.tools.ant.taskdefs.optional.Cab,9
org.apache.tools.ant.Target,7
org.apache.tools.ant.taskdefs.optional.XMLValidateTask.Attribute,1
org.apache.tools.ant.types.selectors.DifferentSelector,6
org.apache.tools.ant.util.depend.bcel.DependencyVisitor,1
org.apache.tools.ant.taskdefs.Execute.WinNTCommandLauncher,3
org.apache.tools.ant.taskdefs.optional.extension.JarLibDisplayTask,5
org.apache.tools.ant.taskdefs.optional.ssh.SSHBase,4
org.apache.tools.ant.types.selectors.SizeSelector,8
org.apache.tools.ant.taskdefs.Definer.Format,2
org.apache.tools.ant.filters.HeadFilter,5
org.apache.tools.ant.taskdefs.compilers.Gcj,6
org.apache.tools.ant.taskdefs.rmic.RmicAdapter,5
org.apache.tools.ant.helper.ProjectHelper2.TargetHandler,4
org.apache.tools.ant.taskdefs.ProcessDestroyer,1
org.apache.tools.ant.taskdefs.optional.Native2Ascii,9
org.apache.tools.ant.taskdefs.optional.ide.VAJBuildInfo,5
org.apache.tools.ant.taskdefs.optional.depend.Depend.ClassFileInfo,1
org.apache.tools.ant.taskdefs.StreamPumper,2
org.apache.tools.ant.taskdefs.Concat.TextElement,4
org.apache.tools.ant.taskdefs.XSLTProcess.Factory,3
org.apache.tools.ant.taskdefs.optional.extension.ExtensionAdapter,7
org.apache.tools.ant.taskdefs.optional.depend.constantpool.FloatCPInfo,2
org.apache.tools.ant.taskdefs.optional.net.FTP.FTPDirectoryScanner.AntFTPRootFile,3
org.apache.tools.ant.taskdefs.Concat.MultiReader,0
org.apache.tools.ant.util.KeepAliveOutputStream,0
org.apache.tools.ant.taskdefs.optional.sitraka.Filters.Exclude,2
org.apache.tools.ant.util.JavaEnvUtils,9
org.apache.tools.ant.util.regexp.RegexpUtil,4
org.apache.tools.ant.types.FilterSetCollection,6
org.apache.tools.ant.types.optional.image.Ellipse,4
org.apache.tools.ant.taskdefs.optional.dotnet.CSharp,4
org.apache.tools.ant.taskdefs.optional.ejb.EjbcHelper,0
org.apache.tools.ant.taskdefs.Echo.EchoLevel,2
org.apache.tools.ant.taskdefs.optional.perforce.FStatP4OutputHandler,4
org.apache.tools.ant.listener.AnsiColorLogger,1
org.apache.tools.ant.taskdefs.Recorder.ActionChoices,2
org.apache.tools.ant.taskdefs.optional.sitraka.Coverage.CoverageStreamHandler,3
org.apache.tools.ant.RuntimeConfigurable,7
org.apache.tools.tar.TarUtils,1
org.apache.tools.ant.Task,9
org.apache.tools.ant.types.optional.image.Rectangle,4
org.apache.tools.ant.taskdefs.Exec,4
org.apache.tools.ant.IntrospectionHelper.AttributeSetter,3
org.apache.tools.ant.taskdefs.optional.EchoProperties,5
org.apache.tools.ant.types.selectors.modifiedselector.Algorithm,1
org.apache.tools.ant.taskdefs.ManifestTask,4
org.apache.tools.ant.taskdefs.Rmic,9
org.apache.tools.ant.taskdefs.PathConvert.TargetOs,2
org.apache.tools.ant.taskdefs.Javadoc.AccessType,2
org.apache.tools.ant.types.FilterSet,6
org.apache.tools.ant.taskdefs.SignJar,8
org.apache.tools.ant.taskdefs.optional.sitraka.bytecode.JarLoader,3
org.apache.tools.ant.taskdefs.cvslib.RCSFile,2
org.apache.tools.ant.taskdefs.optional.depend.Depend,9
org.apache.tools.ant.types.ZipFileSet,9
org.apache.tools.ant.taskdefs.optional.depend.constantpool.StringCPInfo,3
org.apache.tools.ant.util.regexp.JakartaRegexpMatcher,4
org.apache.tools.ant.taskdefs.optional.net.TelnetTask.AntTelnetClient,3
org.apache.tools.ant.taskdefs.cvslib.CvsTagDiff,4
org.apache.tools.ant.types.Description,7
org.apache.tools.ant.taskdefs.Javadoc,9
org.apache.tools.ant.taskdefs.optional.sitraka.Filters,2
org.apache.tools.ant.TaskContainer,6
org.apache.tools.ant.taskdefs.optional.junit.BriefJUnitResultFormatter,4
org.apache.tools.ant.taskdefs.cvslib.CvsVersion,4
org.apache.tools.ant.util.regexp.RegexpMatcher,5
org.apache.tools.ant.input.InputHandler,4
org.apache.tools.ant.taskdefs.optional.junit.XMLConstants,2
org.apache.tools.ant.taskdefs.optional.starteam.StarTeamLabel,3
org.apache.tools.ant.taskdefs.optional.perforce.P4Revert,3
org.apache.tools.ant.helper.ProjectHelper2.ProjectHandler,4
org.apache.tools.ant.taskdefs.optional.extension.Extension,6
org.apache.tools.ant.DemuxOutputStream.BufferInfo,1
org.apache.tools.ant.taskdefs.optional.sound.SoundTask.BuildAlert,1
org.apache.tools.ant.taskdefs.cvslib.RedirectingOutputStream,3
org.apache.tools.ant.taskdefs.optional.sitraka.ReportFilters.Include,2
org.apache.tools.mail.ErrorInQuitException,1
org.apache.tools.ant.taskdefs.condition.IsReference,6
org.apache.tools.ant.util.depend.bcel.AncestorAnalyzer,1
org.apache.tools.bzip2.CBZip2OutputStream,2
org.apache.tools.ant.taskdefs.email.EmailAddress,3
org.apache.tools.ant.util.TimeoutObserver,3
org.apache.tools.ant.taskdefs.optional.vss.MSVSSGET,4
org.apache.tools.ant.filters.ReplaceTokens,5
org.apache.tools.ant.ProjectComponent,9
org.apache.tools.ant.taskdefs.Javac,9
org.apache.tools.ant.taskdefs.optional.PropertyFile.Entry,2
org.apache.tools.ant.IntrospectionHelper,7
org.apache.tools.ant.util.regexp.JakartaOroMatcher,4
org.apache.tools.ant.taskdefs.optional.NetRexxC,6
org.apache.tools.ant.taskdefs.compilers.CompilerAdapter,4
org.apache.tools.ant.taskdefs.optional.jsp.WLJspc,8
org.apache.tools.ant.taskdefs.optional.net.FTP.FTPDirectoryScanner,4
org.apache.tools.ant.taskdefs.optional.sos.SOSCheckin,3
org.apache.tools.ant.taskdefs.optional.ejb.IPlanetEjbc.RedirectOutput,1
org.apache.tools.ant.taskdefs.FixCRLF,6
org.apache.tools.ant.taskdefs.optional.XslpLiaison,1
org.apache.tools.ant.types.selectors.ExtendFileSelector,3
org.apache.tools.ant.taskdefs.optional.perforce.P4Resolve,3
org.apache.tools.ant.types.Path,9
org.apache.tools.ant.filters.TokenFilter.ReplaceRegex,5
org.apache.tools.ant.taskdefs.Javadoc.TagArgument,5
org.apache.tools.ant.taskdefs.Echo,4
org.apache.tools.ant.taskdefs.optional.dotnet.DotnetBaseMatchingTask,8
org.apache.tools.ant.taskdefs.optional.ejb.IPlanetEjbcTask,4
org.apache.tools.ant.types.optional.image.Arc,4
org.apache.tools.ant.taskdefs.optional.depend.constantpool.IntegerCPInfo,2
org.apache.tools.ant.taskdefs.MacroDef.NestedSequential,4
org.apache.tools.ant.helper.ProjectHelper2.RootHandler,4
org.apache.tools.ant.taskdefs.Jar,6
org.apache.tools.ant.types.optional.depend.ClassfileSet,6
org.apache.tools.ant.types.selectors.modifiedselector.HashvalueAlgorithm,1
org.apache.tools.ant.taskdefs.Sleep,2
org.apache.tools.ant.taskdefs.optional.ejb.IPlanetEjbc.EjbcException,3
org.apache.tools.ant.taskdefs.optional.sitraka.bytecode.MethodInfo,4
org.apache.tools.zip.ZipEntry,4
org.apache.tools.ant.util.SourceFileScanner,9
org.apache.tools.ant.taskdefs.optional.sitraka.CovReport.ReportFormat,2
org.apache.tools.ant.types.RegularExpression,6
org.apache.tools.ant.util.depend.AbstractAnalyzer,3
org.apache.tools.ant.taskdefs.TempFile,5
org.apache.tools.ant.taskdefs.optional.depend.constantpool.MethodRefCPInfo,4
org.apache.tools.ant.taskdefs.optional.extension.DeweyDecimal,2
org.apache.tools.ant.types.resolver.ApacheCatalogResolver,3
org.apache.tools.ant.taskdefs.Available.FileDir,2
org.apache.tools.ant.taskdefs.optional.depend.JarFileIterator,2
org.apache.tools.ant.taskdefs.optional.ejb.IPlanetEjbc,3
org.apache.tools.ant.taskdefs.optional.sitraka.bytecode.attributes.AttributeInfo,0
org.apache.tools.ant.helper.ProjectHelperImpl.TargetHandler,4
org.apache.tools.ant.filters.LineContains,5
org.apache.tools.ant.taskdefs.Execute.CommandLauncher,4
org.apache.tools.ant.taskdefs.GUnzip,3
org.apache.tools.ant.BuildException,9
org.apache.tools.ant.util.WeakishReference,1
org.apache.tools.ant.taskdefs.optional.vss.MSVSSCHECKOUT,4
org.apache.tools.ant.taskdefs.Parallel.TaskList,4
org.apache.tools.ant.taskdefs.optional.sitraka.Triggers,2
org.apache.tools.ant.types.Assertions.DisabledAssertion,2
org.apache.tools.ant.taskdefs.optional.sitraka.Socket,1
org.apache.tools.ant.types.Commandline,9
org.apache.tools.ant.AntClassLoader,9
org.apache.tools.ant.taskdefs.optional.Native2Ascii.ExtMapper,1
org.apache.tools.ant.types.selectors.modifiedselector.Cache,2
org.apache.tools.ant.taskdefs.Javadoc.DocletInfo,2
org.apache.tools.ant.taskdefs.optional.ReplaceRegExp,6
org.apache.tools.ant.taskdefs.compilers.Jikes,7
org.apache.tools.ant.types.FileList,9
org.apache.tools.ant.types.PatternSet,9
org.apache.tools.ant.util.optional.NoExitSecurityManager,1
org.apache.tools.ant.taskdefs.optional.splash.SplashTask,4
org.apache.tools.ant.taskdefs.optional.ccm.CCMReconfigure,5
org.apache.tools.ant.taskdefs.Execute.PerlScriptCommandLauncher,3
org.apache.tools.ant.types.AbstractFileSet,9
org.apache.tools.ant.taskdefs.Expand,7
org.apache.tools.ant.taskdefs.optional.ide.VAJBuildInfo.BuildInterruptedException,1
org.apache.tools.ant.taskdefs.optional.junit.CompoundEnumeration,1
org.apache.tools.ant.taskdefs.optional.clearcase.ClearCase,8
org.apache.tools.ant.util.TeeOutputStream,4
org.apache.tools.ant.taskdefs.optional.j2ee.JonasHotDeploymentTool,6
org.apache.tools.ant.taskdefs.optional.extension.resolvers.LocationResolver,5
org.apache.tools.ant.taskdefs.optional.perforce.P4Add,6
org.apache.tools.ant.taskdefs.optional.dotnet.Ildasm.VisibilityOptions,1
org.apache.tools.ant.filters.TokenFilter.ChainableReaderFilter,5
org.apache.tools.ant.taskdefs.optional.extension.LibFileSet,3
org.apache.tools.ant.taskdefs.optional.ide.VAJLocalUtil,4
org.apache.tools.ant.taskdefs.optional.junit.AggregateTransformer.Format,2
org.apache.tools.ant.ComponentHelper.AntTypeTable,3
org.apache.tools.ant.taskdefs.optional.starteam.StarTeamCheckin.CheckinMap,4
org.apache.tools.ant.taskdefs.optional.perforce.P4Delete,3
org.apache.tools.ant.taskdefs.compilers.Javac12,5
org.apache.tools.ant.types.FileSet,9
org.apache.tools.ant.UnknownElement,7
org.apache.tools.ant.taskdefs.DefBase,7
org.apache.tools.ant.taskdefs.MacroDef.MyAntTypeDefinition,3
org.apache.tools.ant.taskdefs.optional.script.ScriptDef,7
org.apache.tools.ant.taskdefs.optional.clearcase.CCMklabel,7
org.apache.tools.ant.types.FilterChain,8
org.apache.tools.ant.types.selectors.SizeSelector.SizeComparisons,2
org.apache.tools.ant.taskdefs.optional.XalanLiaison,1
org.apache.tools.ant.taskdefs.optional.ide.VAJLoadServlet,3
org.apache.tools.ant.taskdefs.optional.depend.constantpool.InterfaceMethodRefCPInfo,4
org.apache.tools.ant.taskdefs.optional.clearcase.CCUnlock,7
org.apache.tools.ant.taskdefs.optional.dotnet.NetCommand,9
org.apache.tools.ant.taskdefs.optional.sitraka.bytecode.ClassFilter,0
org.apache.tools.ant.taskdefs.optional.j2ee.WebLogicHotDeploymentTool,6
org.apache.tools.ant.taskdefs.Taskdef,2
org.apache.tools.ant.DynamicConfigurator,4
org.apache.tools.ant.taskdefs.optional.clearcase.CCMkattr,8
org.apache.tools.ant.types.Mapper,9
org.apache.tools.ant.taskdefs.optional.ide.VAJUtil,4
org.apache.tools.zip.ExtraFieldUtils,3
org.apache.tools.ant.taskdefs.optional.perforce.SimpleP4OutputHandler,5
org.apache.tools.bzip2.CBZip2InputStream,2
org.apache.tools.ant.types.DTDLocation,3
org.apache.tools.ant.types.Parameterizable,3
org.apache.tools.ant.taskdefs.optional.IContract.IContractPresenceDetector,2
org.apache.tools.ant.taskdefs.optional.TraXLiaison,4
org.apache.tools.ant.taskdefs.optional.jsp.JspC.WebAppParameter,1
org.apache.tools.ant.taskdefs.GZip,3
org.apache.tools.ant.taskdefs.email.MimeMailer,3
org.apache.tools.ant.taskdefs.email.EmailTask,6
org.apache.tools.ant.taskdefs.optional.junit.FormatterElement,5
org.apache.tools.ant.taskdefs.optional.jsp.Jasper41Mangler,1
org.apache.tools.ant.types.FlexInteger,0
org.apache.tools.ant.taskdefs.optional.starteam.StarTeamTask,4
org.apache.tools.ant.taskdefs.Basename,4
org.apache.tools.ant.taskdefs.optional.junit.JUnitVersionHelper,2
org.apache.tools.ant.taskdefs.optional.extension.ExtensionSet,7
org.apache.tools.ant.taskdefs.optional.junit.JUnitTestRunner,5
org.apache.tools.ant.taskdefs.Tar.TarLongFileMode,2
org.apache.tools.ant.launch.Locator,2
org.apache.tools.ant.taskdefs.optional.ide.VAJAntToolGUI,4
org.apache.tools.ant.types.selectors.PresentSelector.FilePresence,2
org.apache.tools.ant.filters.TabsToSpaces,5
org.apache.tools.ant.taskdefs.Jar.FilesetManifestConfig,2
org.apache.tools.ant.types.optional.image.Text,4
org.apache.tools.ant.taskdefs.optional.jsp.compilers.JspCompilerAdapterFactory,5
org.apache.tools.ant.util.WeakishReference.HardReference,1
org.apache.tools.ant.util.TaskLogger,1
org.apache.tools.ant.helper.ProjectHelperImpl.DataTypeHandler,6
org.apache.tools.ant.taskdefs.rmic.WLRmic,8
org.apache.tools.ant.taskdefs.optional.ejb.BorlandDeploymentTool,9
org.apache.tools.ant.taskdefs.optional.dotnet.Ildasm,4
org.apache.tools.ant.taskdefs.Replace.Replacefilter,2
org.apache.tools.ant.taskdefs.optional.vss.MSVSSCHECKIN,4
org.apache.tools.ant.taskdefs.email.Message,5
org.apache.tools.ant.taskdefs.rmic.DefaultRmicAdapter.RmicFileNameMapper,4
org.apache.tools.ant.taskdefs.Parallel,4
org.apache.tools.ant.taskdefs.rmic.KaffeRmic,4
org.apache.tools.ant.taskdefs.Delete,8
org.apache.tools.ant.taskdefs.email.MimeMailer.StringDataSource,1
org.apache.tools.ant.taskdefs.optional.dotnet.Ildasm.EncodingTypes,2
org.apache.tools.ant.types.selectors.SelectorUtils,5
org.apache.tools.ant.taskdefs.optional.extension.LibraryDisplayer,4
org.apache.tools.ant.taskdefs.optional.perforce.P4HandlerAdapter,4
org.apache.tools.ant.taskdefs.optional.depend.constantpool.ConstantPool,4
org.apache.tools.ant.taskdefs.Javadoc.Html,2
org.apache.tools.mail.MailMessage,2
org.apache.tools.ant.taskdefs.optional.unix.AbstractAccessTask,5
org.apache.tools.ant.taskdefs.optional.perforce.P4Counter,5
org.apache.tools.ant.types.selectors.modifiedselector.EqualComparator,0
org.apache.tools.ant.types.selectors.TypeSelector,7
org.apache.tools.ant.taskdefs.Zip.Duplicate,2
org.apache.tools.ant.AntTypeDefinition,6
org.apache.tools.ant.Diagnostics,3
org.apache.tools.ant.taskdefs.Ant,8
org.apache.tools.zip.ZipExtraField,3
org.apache.tools.ant.taskdefs.optional.dotnet.ImportTypelib,4
org.apache.tools.ant.taskdefs.optional.j2ee.ServerDeploy,6
org.apache.tools.ant.filters.TokenFilter.FileTokenizer,3
org.apache.tools.ant.taskdefs.PathConvert,8
org.apache.tools.ant.taskdefs.optional.junit.XMLResultAggregator,6
org.apache.tools.ant.taskdefs.optional.clearcase.CCMkdir,7
org.apache.tools.ant.taskdefs.optional.net.TelnetTask,3
org.apache.tools.ant.taskdefs.optional.script.ScriptDefBase,4
org.apache.tools.ant.util.regexp.JakartaRegexpRegexp,4
org.apache.tools.ant.taskdefs.optional.net.FTP.Action,2
org.apache.tools.ant.util.IdentityMapper,1
org.apache.tools.ant.taskdefs.optional.junit.XMLJUnitResultFormatter,4
org.apache.tools.ant.taskdefs.Cvs,1
org.apache.tools.ant.taskdefs.optional.depend.constantpool.LongCPInfo,2
org.apache.tools.ant.taskdefs.optional.vss.MSVSSADD,4
org.apache.tools.ant.filters.TokenFilter.ContainsRegex,5
org.apache.tools.ant.taskdefs.optional.ejb.JbossDeploymentTool,3
org.apache.tools.ant.taskdefs.optional.perforce.P4Submit.P4SubmitAdapter,3
org.apache.tools.ant.taskdefs.Transform,1
org.apache.tools.ant.taskdefs.optional.metamata.MAuditParser.Violation,2
org.apache.tools.ant.taskdefs.condition.ConditionBase,6
org.apache.tools.ant.types.ZipScanner,4
org.apache.tools.ant.taskdefs.MacroDef.Text,2
org.apache.tools.ant.util.CollectionUtils,2
org.apache.tools.ant.taskdefs.Javadoc.PackageName,2
org.apache.tools.ant.helper.ProjectHelperImpl.NestedElementHandler,7
org.apache.tools.ant.util.RegexpPatternMapper,4
org.apache.tools.ant.types.Permissions.Permission,1
org.apache.tools.ant.taskdefs.Deltree,2
org.apache.tools.ant.taskdefs.optional.perforce.P4Fstat,6
org.apache.tools.ant.taskdefs.optional.ejb.EjbJar.Config,4
org.apache.tools.ant.taskdefs.optional.perforce.P4Have,3
org.apache.tools.ant.taskdefs.optional.junit.ArrayEnumeration,1
org.apache.tools.tar.TarInputStream,2
org.apache.tools.ant.types.selectors.modifiedselector.PropertiesfileCache,2
org.apache.tools.ant.types.EnumeratedAttribute,6
org.apache.tools.ant.types.selectors.SizeSelector.ByteUnits,2
org.apache.tools.ant.types.Commandline.Marker,3
org.apache.tools.ant.types.PropertySet,9
org.apache.tools.ant.taskdefs.Get,5
org.apache.tools.ant.taskdefs.optional.ide.VAJProjectDescription,3
org.apache.tools.ant.filters.BaseParamFilterReader,5
org.apache.tools.ant.taskdefs.condition.IsTrue,4
org.apache.tools.ant.AntClassLoader.ResourceEnumeration,2
org.apache.tools.ant.types.ResourceFactory,4
org.apache.tools.ant.filters.TokenFilter.IgnoreBlank,3
org.apache.tools.zip.AsiExtraField,3
org.apache.tools.ant.taskdefs.Patch,8
org.apache.tools.ant.taskdefs.optional.jsp.compilers.DefaultJspCompilerAdapter,5
org.apache.tools.ant.taskdefs.Javadoc.LinkArgument,1
org.apache.tools.ant.taskdefs.optional.perforce.P4OutputStream,2
org.apache.tools.ant.taskdefs.compilers.Kjc,5
org.apache.tools.ant.taskdefs.optional.sitraka.StringUtil,1
org.apache.tools.zip.ZipShort,3
org.apache.tools.ant.types.selectors.DateSelector,8
org.apache.tools.ant.taskdefs.optional.clearcase.CCMkbl,7
org.apache.tools.ant.taskdefs.MacroInstance,7
org.apache.tools.ant.taskdefs.optional.starteam.StarTeamCheckout.CheckoutMap,2
org.apache.tools.ant.filters.ClassConstants,3
org.apache.tools.ant.taskdefs.LoadProperties,7
org.apache.tools.ant.taskdefs.Replace.NestedString,2
org.apache.tools.ant.types.Environment,7
org.apache.tools.ant.input.MultipleChoiceInputRequest,2
org.apache.tools.ant.FileScanner,3
org.apache.tools.ant.taskdefs.optional.depend.constantpool.Utf8CPInfo,2
org.apache.tools.ant.util.depend.DependencyAnalyzer,4
org.apache.tools.ant.taskdefs.FixCRLF.CrLf,3
org.apache.tools.ant.taskdefs.optional.depend.constantpool.ConstantCPInfo,3
org.apache.tools.ant.taskdefs.optional.starteam.StarTeamList.UnmatchedListingMap,2
org.apache.tools.ant.taskdefs.optional.jdepend.JDependTask,9
org.apache.tools.ant.taskdefs.WaitFor,5
org.apache.tools.ant.taskdefs.optional.javacc.JJTree,9
org.apache.tools.ant.taskdefs.optional.extension.ExtensionResolver,5
org.apache.tools.ant.util.FileUtils,9
org.apache.tools.ant.taskdefs.Jikes,3
org.apache.tools.ant.util.regexp.JakartaOroRegexp,4
org.apache.tools.ant.taskdefs.SQLExec.Transaction,1
org.apache.tools.ant.taskdefs.Tar.TarCompressionMethod,2
org.apache.tools.ant.taskdefs.optional.vss.MSVSS.WritableFiles,4
org.apache.tools.ant.taskdefs.Javadoc.GroupArgument,2
org.apache.tools.ant.helper.ProjectHelperImpl.DescriptionHandler,3
org.apache.tools.zip.ZipOutputStream,4
org.apache.tools.ant.util.FlatFileNameMapper,1
org.apache.tools.ant.taskdefs.optional.metamata.MetricsElement,1
org.apache.tools.ant.taskdefs.optional.sos.SOSGet,3
org.apache.tools.ant.filters.StringInputStream,0
org.apache.tools.ant.taskdefs.email.Mailer,5
org.apache.tools.ant.taskdefs.optional.ejb.EJBDeploymentTool,4
org.apache.tools.ant.taskdefs.optional.sitraka.Coverage.Recordfromstart,2
org.apache.tools.ant.MagicNames,0
org.apache.tools.ant.taskdefs.condition.Contains,3
org.apache.tools.ant.taskdefs.optional.metamata.MMetrics.GranularityAttribute,2
org.apache.tools.ant.types.selectors.MappingSelector,6
org.apache.tools.ant.taskdefs.WhichResource,6
org.apache.tools.ant.taskdefs.optional.clearcase.CCCheckin,7
org.apache.tools.ant.taskdefs.Zip,9
org.apache.tools.ant.types.AntFilterReader,8
org.apache.tools.ant.taskdefs.optional.vss.MSVSSCP,3
org.apache.tools.ant.taskdefs.Tstamp,4
org.apache.tools.ant.BuildLogger,4
org.apache.tools.ant.types.optional.image.Draw,4
org.apache.tools.ant.taskdefs.Concat,9
org.apache.tools.ant.types.optional.image.Scale.ProportionsAttribute,2
org.apache.tools.ant.taskdefs.optional.ide.VAJImport,4
org.apache.tools.ant.types.PatternSet.NameEntry,8
org.apache.tools.ant.taskdefs.optional.jdepend.JDependTask.FormatAttribute,2
org.apache.tools.ant.taskdefs.optional.ejb.WebsphereDeploymentTool.DBVendor,2
org.apache.tools.ant.taskdefs.SQLExec.OnError,2
org.apache.tools.ant.taskdefs.optional.junit.Xalan2Executor,2
org.apache.tools.ant.taskdefs.Move,7
org.apache.tools.ant.util.LazyHashtable,0
org.apache.tools.ant.taskdefs.optional.ejb.WeblogicTOPLinkDeploymentTool,5
org.apache.tools.ant.util.ClasspathUtils,6
org.apache.tools.ant.taskdefs.optional.ejb.IPlanetEjbc.Classname,1
org.apache.tools.ant.taskdefs.optional.sos.SOSCheckout,3
org.apache.tools.ant.taskdefs.optional.net.TelnetTask.TelnetWrite,3
org.apache.tools.ant.taskdefs.WaitFor.Unit,2
org.apache.tools.ant.taskdefs.condition.Equals,3
org.apache.tools.ant.filters.ExpandProperties,4
org.apache.tools.ant.taskdefs.optional.ANTLR,9
org.apache.tools.ant.taskdefs.Recorder.VerbosityLevelChoices,2
org.apache.tools.ant.taskdefs.optional.junit.JUnitTask.SummaryAttribute,2
org.apache.tools.ant.taskdefs.optional.ejb.Ejbc,9
org.apache.tools.ant.taskdefs.optional.clearcase.CCUnCheckout,7
org.apache.tools.ant.launch.Launcher,2
org.apache.tools.ant.helper.ProjectHelperImpl.TaskHandler,7
org.apache.tools.ant.taskdefs.GenerateKey,7
org.apache.tools.ant.taskdefs.ManifestException,4
org.apache.tools.ant.listener.Log4jListener,5
org.apache.tools.ant.taskdefs.Javadoc.ExtensionInfo,4
org.apache.tools.ant.taskdefs.optional.ccm.CCMCheckinDefault,2
org.apache.tools.ant.taskdefs.optional.ejb.IPlanetDeploymentTool,4
org.apache.tools.ant.taskdefs.KeySubst,2
org.apache.tools.ant.filters.EscapeUnicode,4
org.apache.tools.ant.taskdefs.Exit,4
org.apache.tools.ant.taskdefs.optional.metamata.MAuditStreamHandler,7
org.apache.tools.ant.taskdefs.optional.perforce.P4Label,5
org.apache.tools.ant.taskdefs.PumpStreamHandler,9
org.apache.tools.ant.taskdefs.ExecuteStreamHandler,9
org.apache.tools.ant.taskdefs.optional.sitraka.ReportFilters.FilterElement,2
org.apache.tools.ant.taskdefs.optional.ide.VAJRemoteUtil,3
org.apache.tools.ant.taskdefs.optional.pvcs.PvcsProject,1
org.apache.tools.ant.taskdefs.condition.FilesMatch,4
org.apache.tools.ant.taskdefs.XSLTProcess.OutputProperty,2
org.apache.tools.ant.taskdefs.optional.net.FTP,8
org.apache.tools.ant.taskdefs.optional.NetRexxC.VerboseAttr,2
org.apache.tools.ant.taskdefs.compilers.CompilerAdapterFactory,4
org.apache.tools.ant.types.optional.image.Rotate,4
org.apache.tools.ant.taskdefs.optional.StyleBook,2
org.apache.tools.ant.taskdefs.Dirname,4
org.apache.tools.ant.util.Watchdog,3
org.apache.tools.ant.taskdefs.AbstractCvsTask,9
org.apache.tools.ant.taskdefs.optional.dotnet.DotnetResource,4
org.apache.tools.ant.taskdefs.LogStreamHandler,9
org.apache.tools.ant.taskdefs.optional.sound.SoundTask,4
org.apache.tools.ant.taskdefs.optional.junit.DOMUtil,1
org.apache.tools.ant.taskdefs.Tstamp.CustomFormat,4
org.apache.tools.ant.taskdefs.cvslib.RedirectingStreamHandler,3
org.apache.tools.ant.taskdefs.optional.unix.Chown,3
org.apache.tools.zip.ZipFile.BoundedInputStream,1
org.apache.tools.ant.ProjectHelper,7
org.apache.tools.ant.taskdefs.Sync.MyCopy,3
org.apache.tools.ant.taskdefs.optional.i18n.Translate,8
org.apache.tools.ant.taskdefs.optional.sitraka.CovReport.ReportType,2
org.apache.tools.ant.taskdefs.Parallel.TaskRunnable,2
org.apache.tools.ant.taskdefs.optional.ejb.JonasDeploymentTool,8
org.apache.tools.ant.taskdefs.optional.dotnet.WsdlToDotnet,3
org.apache.tools.ant.taskdefs.optional.ccm.CCMCheckin,2
org.apache.tools.ant.taskdefs.optional.net.TelnetTask.TelnetRead,3
org.apache.tools.ant.util.regexp.RegexpMatcherFactory,5
org.apache.tools.ant.taskdefs.optional.splash.SplashScreen,3
org.apache.tools.ant.taskdefs.optional.junit.Xalan1Executor,2
org.apache.tools.ant.taskdefs.optional.scm.AntStarTeamCheckOut,3
org.apache.tools.ant.taskdefs.optional.jsp.JspNameMangler,1
org.apache.tools.ant.taskdefs.ManifestTask.Mode,2
org.apache.tools.ant.taskdefs.XSLTProcess,9
org.apache.tools.ant.input.InputRequest,3
org.apache.tools.ant.taskdefs.optional.extension.ExtraAttribute,2
org.apache.tools.ant.taskdefs.optional.javacc.JavaCC,9
org.apache.tools.ant.taskdefs.condition.Socket,4
org.apache.tools.ant.helper.ProjectHelper2,7
org.apache.tools.ant.taskdefs.Checksum,7
org.apache.tools.ant.types.Assertions.BaseAssertion,2
org.apache.tools.ant.taskdefs.optional.windows.Attrib,5
org.apache.tools.ant.taskdefs.Mkdir,3
org.apache.tools.ant.taskdefs.BUnzip2,3
org.apache.tools.ant.taskdefs.optional.junit.XalanExecutor,2
org.apache.tools.ant.taskdefs.Recorder,4
org.apache.tools.ant.taskdefs.optional.sitraka.CovReport.Reference,4
org.apache.tools.ant.taskdefs.optional.jlink.ConstantPool,1
org.apache.tools.ant.taskdefs.optional.ide.VAJImport.LocalDirectoryScanner,2
org.apache.tools.ant.filters.LineContainsRegExp,5
org.apache.tools.ant.types.selectors.FilenameSelector,8
org.apache.tools.ant.types.Assertions.EnabledAssertion,2
org.apache.tools.ant.taskdefs.optional.net.RExecTask.RExecWrite,3
org.apache.tools.ant.taskdefs.optional.Test,2
org.apache.tools.ant.types.FilterSet.FiltersFile,1
org.apache.tools.ant.IntrospectionHelper.Creator,6
org.apache.tools.ant.taskdefs.XSLTLogger,2
org.apache.tools.ant.taskdefs.optional.ssh.Directory,2
org.apache.tools.ant.taskdefs.optional.depend.ClassFileUtils,2
org.apache.tools.ant.taskdefs.optional.metamata.MAuditParser,4
org.apache.tools.ant.taskdefs.DependSet,8
org.apache.tools.ant.taskdefs.optional.metamata.MAudit,9
org.apache.tools.ant.taskdefs.ExecuteOn,9
org.apache.tools.ant.taskdefs.Manifest.Attribute,4
org.apache.tools.ant.taskdefs.RecorderEntry,3
org.apache.tools.ant.taskdefs.optional.sitraka.Triggers.Method,2
org.apache.tools.ant.taskdefs.optional.jsp.compilers.JspCompilerAdapter,4
org.apache.tools.ant.util.JAXPUtils,6
org.apache.tools.ant.types.DataType,9
org.apache.tools.ant.types.optional.image.ImageOperation,4
org.apache.tools.ant.taskdefs.condition.IsSet,5
org.apache.tools.ant.taskdefs.optional.ide.VAJLoadProjects,1
org.apache.tools.ant.loader.AntClassLoader2,4
org.apache.tools.ant.taskdefs.Execute.CommandLauncherProxy,3
org.apache.tools.ant.taskdefs.Copyfile,4
org.apache.tools.ant.taskdefs.optional.ide.VAJExportServlet,2
org.apache.tools.ant.taskdefs.optional.XMLValidateTask,9
org.apache.tools.ant.util.regexp.Regexp,5
org.apache.tools.tar.TarOutputStream,2
org.apache.tools.ant.taskdefs.optional.ejb.DDCreator,9
org.apache.tools.ant.types.Mapper.MapperType,4
org.apache.tools.ant.taskdefs.optional.ejb.EjbJar.DTDLocation,5
org.apache.tools.ant.types.selectors.ExtendSelector,9
org.apache.tools.ant.taskdefs.optional.ide.VAJImportServlet,2
org.apache.tools.ant.taskdefs.optional.ide.VAJAntToolGUI.VAJBuildLogger,4
org.apache.tools.ant.taskdefs.optional.depend.AntAnalyzer,3
org.apache.tools.tar.TarEntry,2
org.apache.tools.ant.filters.TokenFilter.DeleteCharacters,4
org.apache.tools.ant.types.PropertySet.BuiltinPropertySetName,2
org.apache.tools.ant.taskdefs.Ear,6
org.apache.tools.ant.taskdefs.condition.Or,3
org.apache.tools.ant.taskdefs.CallTarget,7
org.apache.tools.ant.taskdefs.optional.sitraka.bytecode.ClassFile,4
org.apache.tools.ant.util.LoaderUtils,7
org.apache.tools.ant.taskdefs.optional.sound.AntSoundPlayer,4
org.apache.tools.ant.taskdefs.Javadoc.SourceFile,1
org.apache.tools.ant.taskdefs.optional.vss.MSVSSHISTORY.BriefCodediffNofile,2
org.apache.tools.ant.types.Resource,5
org.apache.tools.ant.taskdefs.optional.sitraka.Filters.FilterElement,2
org.apache.tools.ant.taskdefs.Definer,7
org.apache.tools.ant.types.selectors.NotSelector,6
org.apache.tools.ant.taskdefs.Tar.TarFileSet,5
org.apache.tools.ant.taskdefs.optional.junit.PlainJUnitResultFormatter,4
org.apache.tools.ant.launch.AntMain,2
org.apache.tools.ant.taskdefs.condition.Not,3
org.apache.tools.ant.input.PropertyFileInputHandler,3
org.apache.tools.ant.helper.ProjectHelper2.ElementHandler,5
org.apache.tools.ant.taskdefs.optional.perforce.P4Base,6
org.apache.tools.ant.taskdefs.optional.ssh.SSHUserInfo,3
org.apache.tools.ant.types.selectors.SelectSelector,8
org.apache.tools.ant.taskdefs.compilers.JavacExternal,5
org.apache.tools.ant.NoBannerLogger,2
org.apache.tools.ant.taskdefs.condition.Http,4
org.apache.tools.ant.taskdefs.GenerateKey.DnameParam,1
org.apache.tools.ant.util.LazyFileOutputStream,1
org.apache.tools.ant.taskdefs.Untar,4
org.apache.tools.bzip2.CRC,2
org.apache.tools.ant.types.selectors.BaseSelector,8
org.apache.tools.ant.types.optional.image.ColorMapper,4
org.apache.tools.ant.taskdefs.Manifest,4
org.apache.tools.zip.ZipLong,3
org.apache.tools.ant.taskdefs.ExecTask,9
org.apache.tools.ant.taskdefs.optional.metamata.MMetrics,6
org.apache.tools.ant.util.FileNameMapper,9
org.apache.tools.ant.taskdefs.optional.perforce.P4Reopen,3
org.apache.tools.ant.taskdefs.Untar.UntarCompressionMethod,3
org.apache.tools.ant.taskdefs.optional.XMLValidateTask.ValidatorErrorHandler,1
org.apache.tools.ant.types.PropertySet.PropertyRef,2
org.apache.tools.ant.taskdefs.email.PlainMailer,3
org.apache.tools.ant.taskdefs.optional.clearcase.CCCheckout,7
org.apache.tools.ant.taskdefs.optional.sitraka.CovMerge,9
org.apache.tools.ant.types.selectors.modifiedselector.ModifiedSelector.ComparatorName,2
org.apache.tools.mail.SmtpResponseReader,1
org.apache.tools.ant.filters.TokenFilter.ReplaceString,3
org.apache.tools.ant.taskdefs.ProcessDestroyer.ProcessDestroyerImpl,1
org.apache.tools.ant.taskdefs.Ant.Reference,4
org.apache.tools.ant.filters.TokenFilter.ContainsString,3
org.apache.tools.ant.taskdefs.Sequential,3
org.apache.tools.ant.taskdefs.SendEmail,1
org.apache.tools.ant.taskdefs.email.MimeMailer.SimpleAuthenticator,1
org.apache.tools.ant.taskdefs.Execute.VmsCommandLauncher,2
org.apache.tools.ant.taskdefs.Filter,5
org.apache.tools.ant.taskdefs.cvslib.ChangeLogParser,3
org.apache.tools.ant.taskdefs.email.UUMailer,1
org.apache.tools.ant.taskdefs.Javadoc.JavadocOutputStream,2
org.apache.tools.ant.types.CommandlineJava.SysProperties,7
org.apache.tools.ant.taskdefs.optional.ide.VAJTask.VAJLocalToolUtil,2
org.apache.tools.ant.taskdefs.optional.jlink.jlink,1
org.apache.tools.ant.taskdefs.ImportTask,7
org.apache.tools.ant.taskdefs.compilers.Javac13,4
org.apache.tools.ant.taskdefs.SQLExec.DelimiterType,2
org.apache.tools.ant.taskdefs.cvslib.CVSEntry,2
org.apache.tools.ant.taskdefs.Redirector,9
org.apache.tools.ant.taskdefs.optional.vss.MSVSSConstants,1
org.apache.tools.ant.taskdefs.optional.j2ee.AbstractHotDeploymentTool,6
org.apache.tools.ant.BuildListener,5
org.apache.tools.ant.types.selectors.modifiedselector.ModifiedSelector.CacheName,2
org.apache.tools.ant.taskdefs.optional.net.SetProxy,3
org.apache.tools.ant.filters.TokenFilter.StringTokenizer,3
org.apache.tools.ant.listener.MailLogger,5
org.apache.tools.ant.Project.AntRefTable,2
org.apache.tools.ant.types.CommandlineJava,9
org.apache.tools.ant.taskdefs.optional.junit.FormatterElement.TypeAttribute,2
org.apache.tools.ant.taskdefs.optional.ide.VAJToolsServlet.VAJLocalServletUtil,1
org.apache.tools.ant.taskdefs.optional.Javah,8
org.apache.tools.ant.ComponentHelper,7
org.apache.tools.ant.taskdefs.optional.perforce.P4OutputHandler,1
org.apache.tools.ant.helper.ProjectHelperImpl,7
org.apache.tools.ant.types.selectors.modifiedselector.DigestAlgorithm,1
org.apache.tools.ant.util.regexp.Jdk14RegexpRegexp,4
org.apache.tools.ant.taskdefs.optional.junit.SummaryJUnitResultFormatter,4
org.apache.tools.ant.taskdefs.Javac.ImplementationSpecificArgument,2
org.apache.tools.ant.taskdefs.XSLTLiaison,2
org.apache.tools.ant.taskdefs.Zip.WhenEmpty,3
org.apache.tools.ant.types.selectors.MajoritySelector,5
org.apache.tools.ant.taskdefs.optional.vss.MSVSSLABEL,3
org.apache.tools.ant.util.StringUtils,5
org.apache.tools.ant.taskdefs.optional.ide.VAJTask,4
org.apache.tools.ant.taskdefs.cvslib.CvsUser,2
org.apache.tools.ant.taskdefs.Pack,3
org.apache.tools.ant.util.MergingMapper,4
org.apache.tools.ant.taskdefs.optional.EchoProperties.FormatAttribute,2
org.apache.tools.ant.taskdefs.War,6
org.apache.tools.ant.taskdefs.optional.dotnet.DotnetCompile,8
org.apache.tools.ant.types.FilterSet.Filter,1
org.apache.tools.zip.ZipFile,4
org.apache.tools.ant.taskdefs.optional.sitraka.bytecode.NullLoader,3
org.apache.tools.ant.BuildEvent,5
org.apache.tools.ant.taskdefs.optional.ide.VAJWorkspaceScanner,2
org.apache.tools.ant.taskdefs.Execute.Java11CommandLauncher,3
org.apache.tools.ant.filters.TailFilter,5
org.apache.tools.ant.util.PackageNameMapper,1
org.apache.tools.ant.types.XMLCatalog.InternalResolver,3
org.apache.tools.ant.taskdefs.optional.extension.JarLibManifestTask,6
org.apache.tools.ant.types.DirSet,8
org.apache.tools.ant.taskdefs.optional.ssh.AbstractSshMessage,2
org.apache.tools.ant.DefaultLogger,5
org.apache.tools.ant.util.Tokenizer,3
org.apache.tools.ant.taskdefs.Javadoc.DocletParam,2
org.apache.tools.ant.util.regexp.RegexpFactory,5
org.apache.tools.ant.util.LineTokenizer,5
org.apache.tools.ant.taskdefs.cvslib.CvsTagEntry,1
org.apache.tools.ant.taskdefs.optional.depend.constantpool.ConstantPoolEntry,4
org.apache.tools.ant.taskdefs.ExecuteWatchdog,6
org.apache.tools.zip.UnixStat,1
org.apache.tools.ant.taskdefs.optional.net.RExecTask.RExecRead,3
org.apache.tools.ant.taskdefs.optional.ejb.IPlanetEjbc.EjbInfo,2
org.apache.tools.ant.filters.StripLineBreaks,5
org.apache.tools.ant.taskdefs.optional.extension.ExtensionUtil,7
org.apache.tools.ant.taskdefs.Exec.StreamPumper,1
org.apache.tools.ant.util.DOMElementWriter,1
org.apache.tools.ant.taskdefs.Rmic.ImplementationSpecificArgument,2
org.apache.tools.ant.taskdefs.optional.junit.Enumerations,2
org.apache.tools.ant.taskdefs.Property,8
org.apache.tools.ant.types.selectors.ContainsSelector,8
org.apache.tools.ant.taskdefs.optional.dotnet.DotnetDefine,4
org.apache.tools.ant.taskdefs.optional.extension.resolvers.URLResolver,5
org.apache.tools.ant.taskdefs.JikesOutputParser,3
org.apache.tools.ant.taskdefs.optional.sitraka.bytecode.ClassPathLoader.LoaderEnumeration,3
org.apache.tools.ant.taskdefs.optional.ide.VAJLoad,4
org.apache.tools.ant.taskdefs.JDBCTask,7
org.apache.tools.ant.taskdefs.compilers.DefaultCompilerAdapter,9
org.apache.tools.ant.util.KeepAliveInputStream,1
org.apache.tools.ant.types.Path.PathElement,2
org.apache.tools.ant.taskdefs.optional.starteam.StarTeamList,4
org.apache.tools.ant.taskdefs.optional.PropertyFile.Unit,2
org.apache.tools.ant.taskdefs.optional.net.RExecTask.RExecSubTask,3
org.apache.tools.ant.taskdefs.optional.ccm.CCMCheckout,2
org.apache.tools.ant.taskdefs.optional.sitraka.bytecode.ClassPathLoader,3
org.apache.tools.ant.types.optional.image.TransformOperation,4
org.apache.tools.ant.types.optional.depend.ClassfileSet.ClassRoot,1
org.apache.tools.ant.taskdefs.ExecuteJava,7
org.apache.tools.ant.util.facade.ImplementationSpecificArgument,3
org.apache.tools.ant.taskdefs.Execute,9
org.apache.tools.ant.taskdefs.optional.ssh.SSHExec,4
org.apache.tools.ant.taskdefs.PreSetDef.PreSetDefinition,4
org.apache.tools.ant.taskdefs.Execute.ScriptCommandLauncher,3
org.apache.tools.ant.taskdefs.rmic.DefaultRmicAdapter,8
org.apache.tools.ant.filters.LineContains.Contains,1
org.apache.tools.ant.filters.StripJavaComments,3
org.apache.tools.ant.taskdefs.optional.Script,4
org.apache.tools.ant.taskdefs.FixCRLF.OneLiner.BufferLine,3
org.apache.tools.ant.types.resolver.ApacheCatalog,1
org.apache.tools.ant.taskdefs.optional.jsp.JspMangler,3
org.apache.tools.ant.taskdefs.optional.clearcase.CCUpdate,7
org.apache.tools.ant.DirectoryScanner,9
org.apache.tools.ant.util.ResourceUtils,5
org.apache.tools.ant.taskdefs.optional.NetRexxC.TraceAttr,2
org.apache.tools.ant.IntrospectionHelper.NestedCreator,3
org.apache.tools.ant.taskdefs.optional.ejb.EjbJar.CMPVersion,2
org.apache.tools.ant.types.optional.image.DrawOperation,4
org.apache.tools.ant.PathTokenizer,2
org.apache.tools.ant.util.depend.bcel.FullAnalyzer,1
org.apache.tools.ant.taskdefs.optional.perforce.P4Change,5
org.apache.tools.ant.taskdefs.optional.script.ScriptDef.Attribute,1
org.apache.tools.ant.taskdefs.optional.ejb.EjbJar.NamingScheme,3
org.apache.tools.ant.taskdefs.optional.junit.AggregateTransformer,6
org.apache.tools.ant.taskdefs.optional.sitraka.ReportFilters,4
org.apache.tools.ant.taskdefs.optional.unix.Chgrp,3
org.apache.tools.ant.types.selectors.NoneSelector,6
org.apache.tools.ant.XmlLogger,5
org.apache.tools.ant.taskdefs.optional.ide.VAJToolsServlet,3
org.apache.tools.ant.Location,7
org.apache.tools.tar.TarBuffer,2
org.apache.tools.ant.taskdefs.optional.ejb.IPlanetEjbc.EjbcHandler,2
org.apache.tools.ant.types.optional.depend.DependScanner,4
org.apache.tools.ant.taskdefs.optional.jsp.JspC,8
org.apache.tools.ant.taskdefs.optional.metamata.AbstractMetamataTask,9
org.apache.tools.ant.taskdefs.optional.clearcase.CCMkelem,7
org.apache.tools.ant.filters.PrefixLines,5
org.apache.tools.ant.helper.AntXMLContext,5
org.apache.tools.ant.taskdefs.optional.vss.MSVSS,7
org.apache.tools.ant.taskdefs.optional.net.FTP.FTPDirectoryScanner.AntFTPFile,3
org.apache.tools.ant.taskdefs.optional.dotnet.Ilasm.TargetTypes,2
org.apache.tools.ant.taskdefs.optional.depend.constantpool.FieldRefCPInfo,4
org.apache.tools.ant.PropertyHelper,3
org.apache.tools.ant.util.optional.WeakishReference12,1
org.apache.tools.ant.types.selectors.DependSelector,6
org.apache.tools.ant.taskdefs.optional.ejb.WebsphereDeploymentTool,9
org.apache.tools.ant.taskdefs.PreSetDef,6
org.apache.tools.ant.taskdefs.optional.extension.Compatibility,2
org.apache.tools.ant.taskdefs.optional.sitraka.Filters.Include,2
org.apache.tools.ant.taskdefs.optional.metamata.MMetricsStreamHandler.ElementEntry,1
org.apache.tools.ant.taskdefs.MacroDef.Attribute,2
org.apache.tools.ant.helper.ProjectHelperImpl.RootHandler,4
org.apache.tools.ant.taskdefs.optional.dotnet.Ilasm,6
org.apache.tools.ant.filters.ReplaceTokens.Token,1
org.apache.tools.ant.taskdefs.optional.depend.constantpool.ClassCPInfo,4
org.apache.tools.ant.taskdefs.Java,9
org.apache.tools.ant.filters.TokenFilter.Trim,3
org.apache.tools.ant.taskdefs.optional.ide.VAJAntTool,4
org.apache.tools.ant.taskdefs.optional.junit.BatchTest,5
org.apache.tools.bzip2.CBZip2OutputStream.StackElem,1
org.apache.tools.ant.taskdefs.condition.Os,8
org.apache.tools.ant.taskdefs.optional.sitraka.Coverage.Javavm,2
org.apache.tools.ant.taskdefs.compilers.Sj,5
org.apache.tools.ant.taskdefs.optional.jlink.JlinkTask,5
org.apache.tools.ant.taskdefs.email.EmailTask.Encoding,2
org.apache.tools.ant.taskdefs.optional.sitraka.bytecode.ClassPathLoader.FileLoader,3
org.apache.tools.ant.types.Substitution,5
org.apache.tools.ant.taskdefs.optional.RenameExtensions,7
org.apache.tools.ant.taskdefs.optional.dotnet.DotnetCompile.TargetTypes,2
org.apache.tools.ant.taskdefs.Replace,5
org.apache.tools.ant.taskdefs.optional.jlink.ClassNameReader,1
org.apache.tools.ant.taskdefs.optional.clearcase.CCLock,7
org.apache.tools.ant.types.selectors.SelectorScanner,3
org.apache.tools.ant.taskdefs.AntlibDefinition,7
org.apache.tools.ant.taskdefs.optional.perforce.P4Integrate,3
org.apache.tools.ant.taskdefs.optional.sitraka.CovReport,8
org.apache.tools.ant.taskdefs.optional.ide.VAJAntToolGUI.PrivateEventHandler,1
org.apache.tools.ant.taskdefs.cvslib.ChangeLogWriter,2
org.apache.tools.ant.taskdefs.rmic.SunRmic,5
org.apache.tools.ant.util.ClasspathUtils.Delegate,6
org.apache.tools.ant.util.regexp.Jdk14RegexpMatcher,4
org.apache.tools.ant.Project,9
org.apache.tools.ant.taskdefs.SQLExec,7
org.apache.tools.ant.taskdefs.optional.perforce.P4Handler,5
org.apache.tools.ant.taskdefs.compilers.Jvc,7
org.apache.tools.ant.listener.CommonsLoggingListener,4
