class_name,WD-OutDeg
org.apache.tools.ant.filters.StripLineComments,0.1370967741935484
org.apache.tools.ant.filters.BaseFilterReader,0.043010752688172046
org.apache.tools.ant.util.UnPackageNameMapper,0.016129032258064516
org.apache.tools.ant.taskdefs.optional.vss.MSVSS.CurrentModUpdated,0.016129032258064516
org.apache.tools.ant.taskdefs.optional.ejb.EjbJar,0.6155913978494622
org.apache.tools.ant.taskdefs.optional.Rpm,0.35752688172043
org.apache.tools.ant.taskdefs.optional.j2ee.GenericHotDeploymentTool,0.23655913978494625
org.apache.tools.ant.filters.ConcatFilter,0.1586021505376344
org.apache.tools.ant.taskdefs.optional.dotnet.VisualBasicCompile,0.11021505376344086
org.apache.tools.ant.taskdefs.DefaultExcludes,0.10483870967741934
org.apache.tools.ant.util.ScriptRunner,0.03494623655913978
org.apache.tools.ant.filters.util.ChainReaderHelper,0.15322580645161288
org.apache.tools.ant.types.XMLCatalog.ExternalResolver,0.06182795698924731
org.apache.tools.ant.taskdefs.optional.script.ScriptDef.NestedElement,0
org.apache.tools.ant.DemuxOutputStream,0.13440860215053763
org.apache.tools.ant.taskdefs.rmic.RmicAdapterFactory,0.05913978494623656
org.apache.tools.ant.taskdefs.Definer.OnError,0.03225806451612903
org.apache.tools.ant.taskdefs.optional.perforce.P4Sync,0.08870967741935483
org.apache.tools.ant.types.selectors.TypeSelector,0.0967741935483871
org.apache.tools.ant.types.selectors.DateSelector.TimeComparisons,0.016129032258064516
org.apache.tools.ant.types.Commandline.Argument,0.08064516129032258
org.apache.tools.ant.taskdefs.GenerateKey.DistinguishedName,0.03225806451612903
org.apache.tools.ant.filters.StripLineComments.Comment,0
org.apache.tools.ant.taskdefs.MatchingTask,1.021505376344086
org.apache.tools.ant.taskdefs.Execute.MacCommandLauncher,0.06989247311827958
org.apache.tools.ant.taskdefs.FixCRLF.OneLiner,0.07526881720430108
org.apache.tools.ant.types.selectors.OrSelector,0.06451612903225806
org.apache.tools.ant.util.DateUtils,0
org.apache.tools.ant.TypeAdapter,0.01881720430107527
org.apache.tools.ant.taskdefs.optional.ccm.CCMCreateTask,0.3494623655913978
org.apache.tools.ant.taskdefs.optional.metamata.MMetricsStreamHandler,0.2096774193548387
org.apache.tools.ant.types.selectors.DepthSelector,0.12365591397849462
org.apache.tools.ant.Diagnostics,0.04032258064516129
org.apache.tools.ant.taskdefs.LogStreamHandler,0.0913978494623656
org.apache.tools.ant.taskdefs.BZip2,0.07526881720430108
org.apache.tools.ant.types.XMLCatalog,1.5725806451612903
org.apache.tools.ant.taskdefs.optional.TraXLiaison,0.18279569892473116
org.apache.tools.ant.taskdefs.optional.image.Image,0.23118279569892472
org.apache.tools.ant.taskdefs.optional.sitraka.bytecode.Utils,0.010752688172043012
org.apache.tools.ant.taskdefs.optional.extension.JarLibAvailableTask,0.34677419354838707
org.apache.tools.ant.taskdefs.optional.Test.TestletEntry,0
org.apache.tools.ant.taskdefs.optional.net.TelnetTask.AntTelnetClient,0.010752688172043012
org.apache.tools.ant.filters.TokenFilter,0.2580645161290322
org.apache.tools.ant.taskdefs.optional.junit.DOMUtil.NodeFilter,0
org.apache.tools.ant.types.Assertions,0.3817204301075269
org.apache.tools.ant.util.CollectionUtils.EmptyEnumeration,0
org.apache.tools.ant.taskdefs.optional.PropertyFile.Entry.Operation,0.016129032258064516
org.apache.tools.ant.types.selectors.BaseExtendSelector,0.06989247311827956
org.apache.tools.ant.taskdefs.optional.net.RExecTask,0.2096774193548387
org.apache.tools.ant.taskdefs.optional.ide.VAJTask,0.04838709677419355
org.apache.tools.tar.TarConstants,0
org.apache.tools.ant.taskdefs.AntStructure,0.3225806451612903
org.apache.tools.ant.taskdefs.XmlProperty,0.4139784946236559
org.apache.tools.ant.helper.ProjectHelperImpl.ProjectHandler,0.23655913978494625
org.apache.tools.ant.taskdefs.optional.ssh.Scp,0.5618279569892473
org.apache.tools.ant.taskdefs.optional.sitraka.Coverage,0.8548387096774192
org.apache.tools.ant.taskdefs.Copydir,0.21236559139784944
org.apache.tools.ant.taskdefs.optional.extension.Compatability,0
org.apache.tools.ant.taskdefs.optional.sitraka.CovBase,0.13709677419354838
org.apache.tools.ant.input.PropertyFileInputHandler,0.0456989247311828
org.apache.tools.ant.taskdefs.optional.extension.Specification,0.11290322580645161
org.apache.tools.ant.taskdefs.FixCRLF.AddAsisRemove,0.016129032258064516
org.apache.tools.ant.DemuxInputStream,0.051075268817204304
org.apache.tools.ant.taskdefs.optional.perforce.P4Submit,0.056451612903225805
org.apache.tools.ant.taskdefs.TaskOutputStream,0.03494623655913978
org.apache.tools.ant.taskdefs.UpToDate,0.3951612903225805
org.apache.tools.ant.helper.ProjectHelperImpl.AbstractHandler,0.01881720430107527
org.apache.tools.ant.taskdefs.Rename,0.15322580645161288
org.apache.tools.ant.taskdefs.optional.script.ScriptDef.Attribute,0
org.apache.tools.ant.taskdefs.optional.depend.constantpool.NameAndTypeCPInfo,0.043010752688172046
org.apache.tools.ant.taskdefs.optional.IContract,1.271505376344086
org.apache.tools.ant.taskdefs.optional.sos.SOS,0.978494623655914
org.apache.tools.ant.filters.ChainableReader,0
org.apache.tools.ant.taskdefs.optional.ejb.DDCreatorHelper,0
org.apache.tools.ant.taskdefs.optional.sitraka.XMLReport,0.3655913978494624
org.apache.tools.ant.taskdefs.optional.ssh.LogListener,0
org.apache.tools.ant.taskdefs.Typedef,0.016129032258064516
org.apache.tools.ant.types.Environment.Variable,0.01881720430107527
org.apache.tools.ant.taskdefs.optional.ssh.ScpToMessage,0.27419354838709675
org.apache.tools.ant.taskdefs.optional.starteam.TreeBasedTask.UnmatchedFileMap,0.008064516129032258
org.apache.tools.ant.taskdefs.optional.ejb.BorlandGenerateClient,0.4650537634408602
org.apache.tools.ant.taskdefs.optional.IContract.ClasspathHelper,0.05376344086021506
org.apache.tools.ant.taskdefs.optional.PropertyFile.Entry.Type,0.016129032258064516
org.apache.tools.ant.taskdefs.optional.Javah.ClassArgument,0
org.apache.tools.ant.filters.TokenFilter.Filter,0
org.apache.tools.ant.taskdefs.optional.vss.MSVSSCREATE,0.22849462365591397
org.apache.tools.ant.taskdefs.BuildNumber,0.24193548387096775
org.apache.tools.ant.taskdefs.optional.pvcs.Pvcs,0.4758064516129032
org.apache.tools.ant.taskdefs.optional.junit.JUnitResultFormatter,0.03763440860215054
org.apache.tools.ant.types.FilterSet.Filter,0
org.apache.tools.ant.taskdefs.optional.unix.Chgrp,0.08064516129032258
org.apache.tools.ant.taskdefs.optional.dotnet.JSharp,0.07795698924731183
org.apache.tools.ant.taskdefs.optional.clearcase.CCMklbtype,0.23924731182795697
org.apache.tools.ant.types.selectors.PresentSelector,0.17204301075268816
org.apache.tools.ant.taskdefs.optional.ccm.CCMCheck,0.23387096774193547
org.apache.tools.ant.taskdefs.optional.javacc.JJDoc,0.37096774193548376
org.apache.tools.ant.taskdefs.optional.ssh.ScpFromMessage,0.1774193548387097
org.apache.tools.ant.taskdefs.optional.depend.constantpool.ClassCPInfo,0.026881720430107527
org.apache.tools.ant.taskdefs.optional.extension.resolvers.AntResolver,0.10215053763440861
org.apache.tools.ant.util.GlobPatternMapper,0.01881720430107527
org.apache.tools.ant.taskdefs.optional.sitraka.Coverage.Finalsnapshot,0.016129032258064516
org.apache.tools.ant.taskdefs.optional.depend.constantpool.DoubleCPInfo,0.04838709677419355
org.apache.tools.ant.taskdefs.MacroDef.TemplateElement,0
org.apache.tools.ant.taskdefs.optional.sitraka.ReportFilters.Exclude,0.016129032258064516
org.apache.tools.bzip2.BZip2Constants,0
org.apache.tools.ant.taskdefs.condition.And,0.08064516129032258
org.apache.tools.ant.taskdefs.optional.ejb.WeblogicDeploymentTool,0.8655913978494623
org.apache.tools.ant.taskdefs.condition.IsFalse,0.043010752688172046
org.apache.tools.ant.types.Reference,0.01881720430107527
org.apache.tools.ant.taskdefs.optional.perforce.P4Labelsync,0.10483870967741934
org.apache.tools.ant.taskdefs.Execute.Java13CommandLauncher,0.05913978494623656
org.apache.tools.ant.taskdefs.LogOutputStream,0.03494623655913978
org.apache.tools.ant.taskdefs.optional.j2ee.HotDeploymentTool,0.026881720430107527
org.apache.tools.ant.taskdefs.Sync,0.46505376344086025
org.apache.tools.ant.taskdefs.SubAnt,0.629032258064516
org.apache.tools.ant.taskdefs.ExecuteJava,0.25268817204301075
org.apache.tools.ant.launch.LaunchException,0
org.apache.tools.ant.helper.ProjectHelper2.MainHandler,0.03494623655913978
org.apache.tools.ant.taskdefs.optional.depend.constantpool.LongCPInfo,0.04838709677419355
org.apache.tools.ant.types.XMLCatalog.CatalogResolver,0
org.apache.tools.ant.taskdefs.Zip.ArchiveState,0.026881720430107527
org.apache.tools.ant.taskdefs.Execute.OS2CommandLauncher,0.06989247311827958
org.apache.tools.ant.helper.ProjectHelper2.AntHandler,0.053763440860215055
org.apache.tools.ant.taskdefs.MacroDef,0.42204301075268813
org.apache.tools.ant.taskdefs.optional.sos.SOSCmd,0
org.apache.tools.ant.taskdefs.Touch,0.30107526881720426
org.apache.tools.ant.taskdefs.optional.ejb.GenericDeploymentTool,0.7983870967741934
org.apache.tools.ant.util.PackageNameMapper,0.016129032258064516
org.apache.tools.ant.taskdefs.optional.sitraka.bytecode.DirectoryLoader,0.08064516129032258
org.apache.tools.mail.MailPrintStream,0
org.apache.tools.ant.taskdefs.optional.depend.ClassFileIterator,0.008064516129032258
org.apache.tools.ant.taskdefs.optional.ejb.WLStop,0.15322580645161288
org.apache.tools.ant.taskdefs.optional.junit.JUnitTest,0.0456989247311828
org.apache.tools.ant.taskdefs.cvslib.ChangeLogTask,0.6478494623655914
org.apache.tools.ant.taskdefs.optional.starteam.TreeBasedTask,0.32526881720430106
org.apache.tools.ant.taskdefs.optional.depend.ClassFile,0.19086021505376344
org.apache.tools.ant.taskdefs.optional.net.TelnetTask.TelnetSubTask,0.01881720430107527
org.apache.tools.ant.taskdefs.optional.sos.SOSLabel,0.42741935483870963
org.apache.tools.ant.taskdefs.optional.ide.VAJBuildInfo.InterruptedChecker,0.22580645161290325
org.apache.tools.ant.taskdefs.optional.ejb.DescriptorHandler,0.14784946236559138
org.apache.tools.ant.XmlLogger.TimedElement,0
org.apache.tools.ant.taskdefs.Get.Base64Converter,0
org.apache.tools.ant.types.selectors.AndSelector,0.06451612903225806
org.apache.tools.ant.taskdefs.XSLTLiaison2,0.02956989247311828
org.apache.tools.ant.taskdefs.optional.ejb.WLRun,0.3790322580645161
org.apache.tools.ant.taskdefs.optional.jsp.compilers.JasperC,0.7043010752688172
org.apache.tools.ant.taskdefs.Manifest.Section,0.282258064516129
org.apache.tools.ant.taskdefs.optional.net.RExecTask.AntRExecClient,0.021505376344086023
org.apache.tools.ant.input.DefaultInputHandler,0.06451612903225806
org.apache.tools.ant.types.Permissions,0.08064516129032258
org.apache.tools.ant.taskdefs.Tar,0.7473118279569891
org.apache.tools.ant.taskdefs.XSLTProcess.Factory.Attribute,0.03494623655913978
org.apache.tools.ant.ExitException,0
org.apache.tools.ant.types.selectors.TypeSelector.FileType,0.016129032258064516
org.apache.tools.ant.taskdefs.optional.junit.DOMUtil.NodeListImpl,0
org.apache.tools.ant.XmlLogger,0.4435483870967742
org.apache.tools.ant.TaskAdapter,0.16666666666666666
org.apache.tools.ant.types.selectors.modifiedselector.ModifiedSelector.AlgorithmName,0.016129032258064516
org.apache.tools.ant.taskdefs.optional.sitraka.bytecode.DirectoryFilter,0
org.apache.tools.ant.types.Parameter,0
org.apache.tools.ant.types.optional.image.BasicShape,0.03494623655913978
org.apache.tools.ant.types.selectors.ContainsRegexpSelector,0.15591397849462363
org.apache.tools.ant.taskdefs.Available,1.1048387096774195
org.apache.tools.ant.taskdefs.Unpack,0.17741935483870966
org.apache.tools.ant.taskdefs.condition.Condition,0.008064516129032258
org.apache.tools.ant.types.selectors.FileSelector,0.008064516129032258
org.apache.tools.ant.taskdefs.MacroInstance.Element,0.02956989247311828
org.apache.tools.ant.taskdefs.XSLTLoggerAware,0.010752688172043012
org.apache.tools.ant.taskdefs.optional.ejb.InnerClassFilenameFilter,0
org.apache.tools.ant.taskdefs.optional.ide.VAJExport,0.23655913978494622
org.apache.tools.ant.types.optional.ScriptFilter,0.3387096774193548
org.apache.tools.ant.taskdefs.optional.starteam.StarTeamCheckout,1.0268817204301075
org.apache.tools.ant.taskdefs.Antlib,0.16397849462365593
org.apache.tools.ant.Main,0.510752688172043
org.apache.tools.ant.types.ResourceLocation,0
org.apache.tools.ant.taskdefs.optional.ide.VAJAntTool,0.13172043010752688
org.apache.tools.ant.taskdefs.optional.extension.JarLibResolveTask,0.6801075268817204
org.apache.tools.ant.types.selectors.SelectorContainer,0.23387096774193544
org.apache.tools.zip.AsiExtraField,0.1827956989247312
org.apache.tools.ant.taskdefs.ConditionTask,0.15860215053763438
org.apache.tools.ant.taskdefs.XSLTProcess.Param,0.06720430107526881
org.apache.tools.ant.taskdefs.condition.ConditionBase,0.19892473118279566
org.apache.tools.ant.taskdefs.Chmod,0.717741935483871
org.apache.tools.ant.types.selectors.modifiedselector.ModifiedSelector,0.6370967741935483
org.apache.tools.ant.taskdefs.optional.PropertyFile,0.16129032258064516
org.apache.tools.ant.taskdefs.optional.net.FTP.FTPDirectoryScanner,0.3172043010752688
org.apache.tools.ant.taskdefs.optional.vss.MSVSSHISTORY,0.44892473118279563
org.apache.tools.ant.taskdefs.CVSPass,0.08870967741935484
org.apache.tools.ant.taskdefs.ManifestTask,0.38440860215053757
org.apache.tools.ant.taskdefs.PathConvert.TargetOs,0.016129032258064516
org.apache.tools.ant.taskdefs.PathConvert.MapEntry,0
org.apache.tools.ant.taskdefs.ExecuteOn.FileDirBoth,0.016129032258064516
org.apache.tools.ant.taskdefs.optional.junit.JUnitTask,2.4677419354838714
org.apache.tools.ant.taskdefs.Copy,0.7284946236559139
org.apache.tools.ant.taskdefs.Mkdir,0.07258064516129031
org.apache.tools.ant.types.Permissions.MySM,0.016129032258064516
org.apache.tools.ant.taskdefs.optional.Cab,0.6505376344086019
org.apache.tools.ant.Target,0.3629032258064516
org.apache.tools.ant.taskdefs.optional.XMLValidateTask.Attribute,0
org.apache.tools.ant.types.selectors.DifferentSelector,0.04032258064516129
org.apache.tools.ant.util.depend.bcel.DependencyVisitor,0
org.apache.tools.ant.taskdefs.Execute.WinNTCommandLauncher,0.06989247311827958
org.apache.tools.ant.taskdefs.optional.extension.JarLibDisplayTask,0.15053763440860213
org.apache.tools.ant.taskdefs.optional.ssh.SSHBase,0.25268817204301075
org.apache.tools.ant.types.selectors.SizeSelector,0.16666666666666669
org.apache.tools.ant.taskdefs.optional.ide.VAJImport.LocalDirectoryScanner,0.016129032258064516
org.apache.tools.ant.filters.HeadFilter,0.13440860215053765
org.apache.tools.ant.taskdefs.compilers.Gcj,0.2258064516129032
org.apache.tools.ant.taskdefs.rmic.RmicAdapter,0.03494623655913978
org.apache.tools.ant.helper.ProjectHelper2.TargetHandler,0.09408602150537634
org.apache.tools.ant.taskdefs.ProcessDestroyer,0.04032258064516129
org.apache.tools.ant.taskdefs.optional.Native2Ascii,0.2768817204301075
org.apache.tools.ant.taskdefs.optional.ide.VAJBuildInfo,0.23924731182795703
org.apache.tools.ant.taskdefs.optional.depend.Depend.ClassFileInfo,0
org.apache.tools.ant.taskdefs.ExecuteWatchdog,0.11021505376344086
org.apache.tools.ant.taskdefs.Concat.TextElement,0.06451612903225806
org.apache.tools.ant.taskdefs.XSLTProcess.Factory,0.010752688172043012
org.apache.tools.ant.taskdefs.optional.extension.ExtensionAdapter,0.2688172043010753
org.apache.tools.ant.taskdefs.optional.depend.constantpool.FloatCPInfo,0.04838709677419355
org.apache.tools.ant.taskdefs.optional.net.FTP.FTPDirectoryScanner.AntFTPRootFile,0.08870967741935484
org.apache.tools.ant.taskdefs.Concat.MultiReader,0
org.apache.tools.ant.util.KeepAliveOutputStream,0
org.apache.tools.ant.taskdefs.optional.sitraka.Filters.Exclude,0.016129032258064516
org.apache.tools.ant.util.JavaEnvUtils,0.024193548387096774
org.apache.tools.ant.util.regexp.RegexpUtil,0
org.apache.tools.ant.types.FilterSetCollection,0.06451612903225806
org.apache.tools.ant.types.optional.image.Ellipse,0.08870967741935484
org.apache.tools.ant.taskdefs.optional.dotnet.CSharp,0.13440860215053763
org.apache.tools.ant.taskdefs.optional.ejb.EjbcHelper,0
org.apache.tools.ant.taskdefs.Echo.EchoLevel,0.016129032258064516
org.apache.tools.ant.taskdefs.optional.perforce.FStatP4OutputHandler,0.05913978494623656
org.apache.tools.ant.listener.AnsiColorLogger,0.016129032258064516
org.apache.tools.ant.taskdefs.Recorder.ActionChoices,0.016129032258064516
org.apache.tools.ant.taskdefs.optional.sitraka.Coverage.CoverageStreamHandler,0.026881720430107527
org.apache.tools.ant.RuntimeConfigurable,0.1693548387096774
org.apache.tools.tar.TarUtils,0
org.apache.tools.ant.Task,0.5698924731182795
org.apache.tools.ant.taskdefs.Rmic.ImplementationSpecificArgument,0.03225806451612903
org.apache.tools.ant.types.optional.image.Rectangle,0.10483870967741936
org.apache.tools.ant.taskdefs.optional.clearcase.CCLock,0.282258064516129
org.apache.tools.ant.taskdefs.Exec,0.489247311827957
org.apache.tools.ant.IntrospectionHelper.AttributeSetter,0.01881720430107527
org.apache.tools.ant.taskdefs.optional.EchoProperties,0.489247311827957
org.apache.tools.ant.taskdefs.optional.dotnet.DotnetCompile.TargetTypes,0.016129032258064516
org.apache.tools.bzip2.CBZip2OutputStream.StackElem,0
org.apache.tools.ant.types.selectors.modifiedselector.Algorithm,0
org.apache.tools.ant.taskdefs.optional.junit.BaseTest,0.010752688172043012
org.apache.tools.ant.taskdefs.Tstamp.Unit,0.03225806451612903
org.apache.tools.ant.taskdefs.Rmic,0.889784946236559
org.apache.tools.ant.taskdefs.optional.depend.DirectoryIterator,0.04838709677419355
org.apache.tools.ant.types.optional.image.Draw,0.11290322580645162
org.apache.tools.ant.taskdefs.Javadoc.AccessType,0.016129032258064516
org.apache.tools.ant.types.FilterSet,0.5241935483870968
org.apache.tools.ant.taskdefs.SignJar,0.25806451612903225
org.apache.tools.ant.taskdefs.optional.sitraka.bytecode.JarLoader,0.08064516129032258
org.apache.tools.ant.taskdefs.cvslib.RCSFile,0
org.apache.tools.ant.taskdefs.optional.depend.Depend,0.8790322580645159
org.apache.tools.ant.types.ZipFileSet,0.5403225806451613
org.apache.tools.ant.taskdefs.optional.depend.constantpool.StringCPInfo,0.07526881720430108
org.apache.tools.ant.util.regexp.JakartaRegexpMatcher,0.10752688172043011
org.apache.tools.zip.UnrecognizedExtraField,0.06182795698924731
org.apache.tools.ant.taskdefs.cvslib.CvsTagDiff,0.5053763440860215
org.apache.tools.ant.types.Description,0.26881720430107525
org.apache.tools.ant.taskdefs.Javadoc,3.4005376344086016
org.apache.tools.ant.taskdefs.optional.sitraka.Filters,0.021505376344086023
org.apache.tools.ant.taskdefs.optional.starteam.StarTeamCheckin,0.46236559139784944
org.apache.tools.ant.TaskContainer,0.010752688172043012
org.apache.tools.ant.taskdefs.optional.junit.BriefJUnitResultFormatter,0.07258064516129033
org.apache.tools.ant.taskdefs.cvslib.CvsVersion,0.12903225806451613
org.apache.tools.ant.util.regexp.RegexpMatcher,0.04838709677419355
org.apache.tools.ant.taskdefs.optional.ejb.JonasDeploymentTool,0.6989247311827956
org.apache.tools.ant.input.InputHandler,0.01881720430107527
org.apache.tools.ant.taskdefs.optional.junit.XMLConstants,0
org.apache.tools.ant.taskdefs.optional.starteam.StarTeamLabel,0.11290322580645161
org.apache.tools.ant.taskdefs.optional.perforce.P4Revert,0.06451612903225806
org.apache.tools.ant.helper.ProjectHelper2.ProjectHandler,0.07258064516129033
org.apache.tools.ant.taskdefs.optional.extension.Extension,0.1774193548387097
org.apache.tools.ant.DemuxOutputStream.BufferInfo,0
org.apache.tools.ant.taskdefs.optional.sound.SoundTask.BuildAlert,0
org.apache.tools.ant.taskdefs.cvslib.RedirectingOutputStream,0.0510752688172043
org.apache.tools.ant.taskdefs.optional.perforce.P4Have,0.056451612903225805
org.apache.tools.mail.ErrorInQuitException,0
org.apache.tools.ant.taskdefs.condition.IsReference,0.17473118279569894
org.apache.tools.ant.util.depend.bcel.AncestorAnalyzer,0.06451612903225806
org.apache.tools.bzip2.CBZip2OutputStream,0.08602150537634408
org.apache.tools.ant.taskdefs.email.EmailAddress,0
org.apache.tools.ant.util.TimeoutObserver,0.010752688172043012
org.apache.tools.ant.taskdefs.optional.vss.MSVSSGET,0.45430107526881724
org.apache.tools.ant.filters.ReplaceTokens,0.10483870967741936
org.apache.tools.ant.ProjectComponent,0.043010752688172046
org.apache.tools.ant.taskdefs.Javac,1.3172043010752685
org.apache.tools.ant.taskdefs.optional.PropertyFile.Entry,0.10483870967741936
org.apache.tools.ant.IntrospectionHelper,0.6908602150537633
org.apache.tools.ant.util.regexp.JakartaOroMatcher,0.10752688172043011
org.apache.tools.ant.taskdefs.optional.NetRexxC,1.8924731182795698
org.apache.tools.ant.taskdefs.compilers.CompilerAdapter,0.01881720430107527
org.apache.tools.ant.taskdefs.optional.jsp.WLJspc,0.35752688172043007
org.apache.tools.ant.taskdefs.optional.sos.SOSCheckin,0.49193548387096775
org.apache.tools.ant.taskdefs.optional.ejb.IPlanetEjbc.RedirectOutput,0
org.apache.tools.ant.taskdefs.XSLTLiaison,0
org.apache.tools.ant.taskdefs.Execute.PerlScriptCommandLauncher,0.06989247311827958
org.apache.tools.ant.taskdefs.optional.XslpLiaison,0.01881720430107527
org.apache.tools.ant.taskdefs.optional.PropertyFile.Unit,0.03225806451612903
org.apache.tools.ant.types.selectors.ExtendFileSelector,0.03763440860215054
org.apache.tools.ant.taskdefs.optional.perforce.P4Resolve,0.056451612903225805
org.apache.tools.ant.types.Path,1.3091397849462363
org.apache.tools.ant.filters.TokenFilter.ReplaceRegex,0.18548387096774194
org.apache.tools.ant.taskdefs.Javadoc.TagArgument,0.0967741935483871
org.apache.tools.ant.taskdefs.Echo,0.09946236559139784
org.apache.tools.ant.taskdefs.optional.dotnet.DotnetBaseMatchingTask,0.2043010752688172
org.apache.tools.ant.taskdefs.optional.ejb.IPlanetEjbcTask,0.5188172043010753
org.apache.tools.ant.types.optional.image.Arc,0.08870967741935484
org.apache.tools.ant.taskdefs.optional.depend.constantpool.IntegerCPInfo,0.04838709677419355
org.apache.tools.ant.taskdefs.MacroDef.NestedSequential,0.07258064516129033
org.apache.tools.ant.helper.ProjectHelper2.RootHandler,0.33602150537634407
org.apache.tools.ant.taskdefs.Jar,0.9596774193548386
org.apache.tools.ant.types.selectors.modifiedselector.HashvalueAlgorithm,0.01881720430107527
org.apache.tools.ant.taskdefs.Sleep,0.06451612903225806
org.apache.tools.ant.taskdefs.optional.ejb.IPlanetEjbc.EjbcException,0
org.apache.tools.ant.taskdefs.optional.sitraka.bytecode.MethodInfo,0.13440860215053763
org.apache.tools.zip.ZipEntry,0.12634408602150538
org.apache.tools.ant.util.SourceFileScanner,0.1935483870967742
org.apache.tools.ant.taskdefs.optional.sitraka.CovReport.ReportFormat,0.016129032258064516
org.apache.tools.ant.types.RegularExpression,0.23387096774193547
org.apache.tools.ant.util.depend.AbstractAnalyzer,0.08870967741935483
org.apache.tools.ant.taskdefs.TempFile,0.11559139784946236
org.apache.tools.ant.taskdefs.optional.depend.constantpool.MethodRefCPInfo,0.08602150537634409
org.apache.tools.ant.taskdefs.optional.extension.DeweyDecimal,0
org.apache.tools.ant.taskdefs.Get,0.32526881720430106
org.apache.tools.ant.taskdefs.Available.FileDir,0.04838709677419355
org.apache.tools.ant.taskdefs.condition.Or,0.08064516129032258
org.apache.tools.ant.taskdefs.optional.depend.JarFileIterator,0.04838709677419355
org.apache.tools.ant.taskdefs.optional.ejb.IPlanetEjbc,0.21505376344086022
org.apache.tools.ant.taskdefs.optional.sitraka.bytecode.attributes.AttributeInfo,0
org.apache.tools.ant.helper.ProjectHelperImpl.TargetHandler,0.18010752688172044
org.apache.tools.ant.filters.BaseParamFilterReader,0.07795698924731183
org.apache.tools.ant.taskdefs.optional.Javah,0.6559139784946235
org.apache.tools.ant.taskdefs.GUnzip,0.06451612903225806
org.apache.tools.ant.BuildException,0.07526881720430108
org.apache.tools.ant.util.WeakishReference,0.016129032258064516
org.apache.tools.ant.taskdefs.optional.vss.MSVSSCHECKOUT,0.42204301075268813
org.apache.tools.ant.taskdefs.Parallel.TaskList,0.03763440860215054
org.apache.tools.ant.taskdefs.optional.sitraka.Triggers,0.010752688172043012
org.apache.tools.ant.types.Assertions.DisabledAssertion,0.016129032258064516
org.apache.tools.ant.taskdefs.optional.sitraka.Socket,0
org.apache.tools.ant.types.Commandline,0.10483870967741934
org.apache.tools.ant.AntClassLoader,0.39516129032258057
org.apache.tools.ant.taskdefs.optional.Native2Ascii.ExtMapper,0.01881720430107527
org.apache.tools.ant.AntClassLoader.ResourceEnumeration,0.010752688172043012
org.apache.tools.ant.taskdefs.Javadoc.DocletInfo,0.03494623655913978
org.apache.tools.ant.taskdefs.optional.ReplaceRegExp,0.5591397849462365
org.apache.tools.ant.taskdefs.compilers.Jikes,0.43279569892473113
org.apache.tools.ant.types.FileList,0.3172043010752688
org.apache.tools.ant.types.PatternSet,0.9543010752688171
org.apache.tools.ant.util.optional.NoExitSecurityManager,0.016129032258064516
org.apache.tools.ant.taskdefs.optional.splash.SplashTask,0.22580645161290322
org.apache.tools.ant.taskdefs.optional.ccm.CCMReconfigure,0.1586021505376344
org.apache.tools.ant.taskdefs.Execute.CommandLauncher,0.03763440860215054
org.apache.tools.ant.types.AbstractFileSet,1.852150537634408
org.apache.tools.ant.taskdefs.Expand,0.4381720430107527
org.apache.tools.ant.taskdefs.optional.ide.VAJBuildInfo.BuildInterruptedException,0.016129032258064516
org.apache.tools.ant.taskdefs.optional.junit.CompoundEnumeration,0
org.apache.tools.ant.taskdefs.optional.clearcase.ClearCase,0.21505376344086022
org.apache.tools.ant.util.TeeOutputStream,0
org.apache.tools.ant.taskdefs.optional.j2ee.JonasHotDeploymentTool,0.35752688172043007
org.apache.tools.ant.taskdefs.optional.extension.resolvers.LocationResolver,0.06451612903225806
org.apache.tools.ant.taskdefs.optional.perforce.P4Add,0.1639784946236559
org.apache.tools.ant.taskdefs.optional.dotnet.Ildasm.VisibilityOptions,0.016129032258064516
org.apache.tools.ant.filters.TokenFilter.ChainableReaderFilter,0.08064516129032258
org.apache.tools.ant.taskdefs.optional.extension.LibFileSet,0.016129032258064516
org.apache.tools.ant.taskdefs.optional.ide.VAJLocalUtil,0.3629032258064516
org.apache.tools.ant.taskdefs.optional.junit.AggregateTransformer.Format,0.016129032258064516
org.apache.tools.ant.ComponentHelper.AntTypeTable,0.1021505376344086
org.apache.tools.ant.taskdefs.optional.starteam.StarTeamCheckin.CheckinMap,0.06720430107526881
org.apache.tools.ant.taskdefs.optional.perforce.P4Delete,0.056451612903225805
org.apache.tools.ant.taskdefs.compilers.Javac12,0.09946236559139784
org.apache.tools.ant.UnknownElement,0.6935483870967741
org.apache.tools.ant.taskdefs.DefBase,0.30645161290322576
org.apache.tools.ant.taskdefs.MacroDef.MyAntTypeDefinition,0.12096774193548387
org.apache.tools.ant.taskdefs.optional.script.ScriptDef,0.5188172043010751
org.apache.tools.ant.taskdefs.optional.clearcase.CCMklabel,0.325268817204301
org.apache.tools.ant.types.FilterChain,0.31989247311827945
org.apache.tools.ant.types.selectors.SizeSelector.SizeComparisons,0.016129032258064516
org.apache.tools.ant.taskdefs.optional.XalanLiaison,0.01881720430107527
org.apache.tools.ant.taskdefs.optional.ide.VAJLoadServlet,0.0913978494623656
org.apache.tools.ant.taskdefs.optional.depend.constantpool.InterfaceMethodRefCPInfo,0.08602150537634409
org.apache.tools.ant.taskdefs.optional.clearcase.CCUnlock,0.271505376344086
org.apache.tools.ant.taskdefs.optional.extension.ExtensionResolver,0.02956989247311828
org.apache.tools.ant.helper.ProjectHelperImpl.DescriptionHandler,0.07526881720430108
org.apache.tools.ant.taskdefs.optional.sitraka.StringUtil,0
org.apache.tools.ant.taskdefs.optional.j2ee.WebLogicHotDeploymentTool,0.42204301075268813
org.apache.tools.ant.taskdefs.Taskdef,0.04838709677419355
org.apache.tools.ant.DynamicConfigurator,0.016129032258064516
org.apache.tools.ant.taskdefs.optional.clearcase.CCMkattr,0.3521505376344086
org.apache.tools.ant.types.Mapper,0.7365591397849461
org.apache.tools.ant.taskdefs.optional.sos.SOSCheckout,0.3790322580645161
org.apache.tools.ant.taskdefs.optional.perforce.SimpleP4OutputHandler,0.13978494623655913
org.apache.tools.bzip2.CBZip2InputStream,0.12365591397849462
org.apache.tools.ant.Project,2.1209677419354835
org.apache.tools.zip.ZipFile,0.33602150537634407
org.apache.tools.ant.types.Parameterizable,0.010752688172043012
org.apache.tools.ant.taskdefs.optional.perforce.P4HandlerAdapter,0.21236559139784947
org.apache.tools.ant.taskdefs.JDBCTask,0.46505376344086014
org.apache.tools.ant.taskdefs.optional.jsp.JspC.WebAppParameter,0
org.apache.tools.ant.taskdefs.email.MimeMailer,0.24193548387096772
org.apache.tools.ant.taskdefs.optional.junit.FormatterElement,0.07526881720430108
org.apache.tools.ant.taskdefs.optional.jsp.Jasper41Mangler,0.01881720430107527
org.apache.tools.ant.types.FlexInteger,0
org.apache.tools.ant.taskdefs.optional.starteam.StarTeamTask,0.08064516129032258
org.apache.tools.ant.taskdefs.Basename,0.08870967741935483
org.apache.tools.ant.taskdefs.optional.junit.JUnitVersionHelper,0
org.apache.tools.ant.taskdefs.optional.extension.ExtensionSet,0.1908602150537634
org.apache.tools.ant.util.depend.DependencyAnalyzer,0.021505376344086023
org.apache.tools.ant.taskdefs.Tar.TarLongFileMode,0.11290322580645161
org.apache.tools.ant.taskdefs.optional.sitraka.ReportFilters,0.12365591397849462
org.apache.tools.ant.launch.Locator,0
org.apache.tools.ant.types.selectors.PresentSelector.FilePresence,0.016129032258064516
org.apache.tools.ant.filters.TabsToSpaces,0.09408602150537634
org.apache.tools.ant.taskdefs.Jar.FilesetManifestConfig,0.016129032258064516
org.apache.tools.ant.types.selectors.ExtendSelector,0.4758064516129032
org.apache.tools.ant.taskdefs.optional.jsp.compilers.JspCompilerAdapterFactory,0.13978494623655915
org.apache.tools.ant.util.WeakishReference.HardReference,0.016129032258064516
org.apache.tools.ant.util.TaskLogger,0.09946236559139784
org.apache.tools.ant.helper.ProjectHelperImpl.DataTypeHandler,0.16129032258064513
org.apache.tools.ant.taskdefs.rmic.WLRmic,0.2876344086021505
org.apache.tools.ant.types.selectors.NoneSelector,0.06451612903225806
org.apache.tools.ant.taskdefs.optional.ejb.BorlandDeploymentTool,0.932795698924731
org.apache.tools.ant.taskdefs.optional.dotnet.Ildasm,0.18548387096774194
org.apache.tools.ant.taskdefs.Replace.Replacefilter,0.10483870967741936
org.apache.tools.ant.taskdefs.optional.vss.MSVSSCHECKIN,0.303763440860215
org.apache.tools.ant.taskdefs.optional.junit.Enumerations,0.03225806451612903
org.apache.tools.ant.taskdefs.MacroInstance,0.60752688172043
org.apache.tools.ant.taskdefs.rmic.DefaultRmicAdapter.RmicFileNameMapper,0.19623655913978497
org.apache.tools.ant.taskdefs.Parallel,0.20161290322580647
org.apache.tools.ant.taskdefs.rmic.KaffeRmic,0.1639784946236559
org.apache.tools.ant.taskdefs.Delete,0.758064516129032
org.apache.tools.ant.taskdefs.email.MimeMailer.StringDataSource,0
org.apache.tools.ant.taskdefs.optional.dotnet.Ildasm.EncodingTypes,0.016129032258064516
org.apache.tools.ant.types.selectors.SelectorUtils,0.021505376344086023
org.apache.tools.ant.taskdefs.optional.extension.LibraryDisplayer,0.2096774193548387
org.apache.tools.ant.PropertyHelper,0.22043010752688172
org.apache.tools.ant.taskdefs.optional.depend.constantpool.ConstantPool,0.217741935483871
org.apache.tools.ant.taskdefs.Javadoc.Html,0
org.apache.tools.zip.ZipFile.BoundedInputStream,0
org.apache.tools.ant.taskdefs.optional.ssh.SSHExec,0.41666666666666663
org.apache.tools.ant.taskdefs.optional.unix.AbstractAccessTask,0.19892473118279566
org.apache.tools.ant.taskdefs.optional.perforce.P4Counter,0.11021505376344086
org.apache.tools.ant.types.selectors.modifiedselector.EqualComparator,0
org.apache.tools.ant.taskdefs.Input,0.26075268817204295
org.apache.tools.ant.taskdefs.Zip.Duplicate,0.016129032258064516
org.apache.tools.ant.taskdefs.PreSetDef.PreSetDefinition,0.31989247311827956
org.apache.tools.ant.taskdefs.LoadFile,0.23387096774193544
org.apache.tools.ant.taskdefs.Ant,1.6048387096774193
org.apache.tools.zip.ZipExtraField,0.024193548387096774
org.apache.tools.ant.taskdefs.optional.dotnet.ImportTypelib,0.15591397849462366
org.apache.tools.ant.taskdefs.optional.j2ee.ServerDeploy,0.07795698924731183
org.apache.tools.ant.filters.TokenFilter.FileTokenizer,0.0510752688172043
org.apache.tools.ant.taskdefs.PathConvert,0.5188172043010751
org.apache.tools.ant.taskdefs.optional.junit.XMLResultAggregator,0.33602150537634407
org.apache.tools.ant.taskdefs.optional.clearcase.CCMkdir,0.303763440860215
org.apache.tools.ant.taskdefs.optional.net.TelnetTask,0.1935483870967742
org.apache.tools.ant.taskdefs.optional.script.ScriptDefBase,0.1881720430107527
org.apache.tools.ant.util.regexp.JakartaRegexpRegexp,0.09139784946236558
org.apache.tools.ant.taskdefs.optional.net.FTP.Action,0.03225806451612903
org.apache.tools.ant.util.IdentityMapper,0.01881720430107527
org.apache.tools.ant.taskdefs.optional.junit.XMLJUnitResultFormatter,0.09946236559139784
org.apache.tools.ant.taskdefs.optional.unix.Symlink,0.3655913978494623
org.apache.tools.ant.taskdefs.optional.vss.MSVSSADD,0.23924731182795697
org.apache.tools.ant.filters.TokenFilter.ContainsRegex,0.17741935483870966
org.apache.tools.ant.taskdefs.optional.ejb.JbossDeploymentTool,0.20967741935483872
org.apache.tools.ant.taskdefs.optional.perforce.P4Submit.P4SubmitAdapter,0.043010752688172046
org.apache.tools.ant.taskdefs.optional.sound.AntSoundPlayer,0.10483870967741936
org.apache.tools.ant.taskdefs.optional.metamata.MAuditParser.Violation,0
org.apache.tools.ant.filters.util.JavaClassHelper,0
org.apache.tools.ant.types.ZipScanner,0.2526881720430107
org.apache.tools.ant.taskdefs.MacroDef.Text,0
org.apache.tools.ant.util.CollectionUtils,0
org.apache.tools.ant.taskdefs.Javadoc.PackageName,0
org.apache.tools.ant.helper.ProjectHelperImpl.NestedElementHandler,0.2338709677419355
org.apache.tools.ant.util.RegexpPatternMapper,0.10752688172043011
org.apache.tools.ant.types.Permissions.Permission,0
org.apache.tools.ant.taskdefs.Deltree,0.10483870967741934
org.apache.tools.ant.taskdefs.optional.perforce.P4Fstat,0.22849462365591397
org.apache.tools.ant.taskdefs.optional.ejb.EjbJar.Config,0.016129032258064516
org.apache.tools.ant.taskdefs.optional.sitraka.ReportFilters.Include,0.016129032258064516
org.apache.tools.ant.types.selectors.modifiedselector.PropertiesfileCache,0.01881720430107527
org.apache.tools.ant.types.EnumeratedAttribute,0.008064516129032258
org.apache.tools.ant.types.selectors.SizeSelector.ByteUnits,0.016129032258064516
org.apache.tools.ant.types.PropertySet,0.5779569892473118
org.apache.tools.ant.types.resolver.ApacheCatalogResolver,0.11290322580645162
org.apache.tools.ant.taskdefs.optional.ide.VAJProjectDescription,0
org.apache.tools.ant.filters.LineContains,0.13709677419354838
org.apache.tools.ant.taskdefs.condition.IsTrue,0.043010752688172046
org.apache.tools.ant.types.selectors.modifiedselector.Cache,0
org.apache.tools.ant.types.ResourceFactory,0.008064516129032258
org.apache.tools.ant.filters.TokenFilter.IgnoreBlank,0.016129032258064516
org.apache.tools.ant.taskdefs.Patch,0.5564516129032258
org.apache.tools.ant.taskdefs.optional.jsp.compilers.DefaultJspCompilerAdapter,0.12365591397849462
org.apache.tools.ant.taskdefs.Javadoc.LinkArgument,0
org.apache.tools.ant.taskdefs.optional.sitraka.bytecode.ClassPathLoader,0.040322580645161296
org.apache.tools.ant.taskdefs.optional.perforce.P4OutputStream,0.03494623655913978
org.apache.tools.ant.taskdefs.compilers.Kjc,0.1881720430107527
org.apache.tools.ant.IntrospectionHelper.NestedCreator,0.010752688172043012
org.apache.tools.zip.ZipShort,0
org.apache.tools.ant.types.selectors.DateSelector,0.20967741935483872
org.apache.tools.ant.taskdefs.optional.clearcase.CCMkbl,0.271505376344086
org.apache.tools.ant.taskdefs.email.Message,0.08064516129032258
org.apache.tools.ant.taskdefs.optional.starteam.StarTeamCheckout.CheckoutMap,0.03225806451612903
org.apache.tools.ant.filters.ClassConstants,0.0510752688172043
org.apache.tools.ant.taskdefs.LoadProperties,0.17473118279569894
org.apache.tools.ant.taskdefs.optional.sitraka.bytecode.ClassPathLoader.LoaderEnumeration,0.06451612903225806
org.apache.tools.ant.taskdefs.Replace.NestedString,0
org.apache.tools.ant.types.Environment,0.01881720430107527
org.apache.tools.ant.input.MultipleChoiceInputRequest,0.03225806451612903
org.apache.tools.ant.FileScanner,0
org.apache.tools.ant.taskdefs.optional.depend.constantpool.Utf8CPInfo,0.016129032258064516
org.apache.tools.ant.taskdefs.optional.ide.VAJUtil,0
org.apache.tools.ant.taskdefs.optional.ssh.SSHUserInfo,0
org.apache.tools.ant.taskdefs.optional.depend.constantpool.ConstantCPInfo,0.016129032258064516
org.apache.tools.ant.taskdefs.optional.starteam.StarTeamList.UnmatchedListingMap,0.03494623655913978
org.apache.tools.ant.taskdefs.optional.jdepend.JDependTask,1.1962365591397848
org.apache.tools.ant.taskdefs.WaitFor,0.1478494623655914
org.apache.tools.ant.taskdefs.optional.javacc.JJTree,0.411290322580645
org.apache.tools.ant.taskdefs.optional.dotnet.NetCommand,0.6236559139784945
org.apache.tools.ant.util.FileUtils,0.3790322580645161
org.apache.tools.ant.taskdefs.Jikes,0.08064516129032258
org.apache.tools.ant.taskdefs.SQLExec.Transaction,0
org.apache.tools.ant.taskdefs.Tar.TarCompressionMethod,0.06451612903225806
org.apache.tools.ant.taskdefs.optional.vss.MSVSS.WritableFiles,0.016129032258064516
org.apache.tools.ant.taskdefs.Javadoc.GroupArgument,0.06720430107526881
org.apache.tools.ant.taskdefs.optional.sitraka.bytecode.ClassFilter,0
org.apache.tools.zip.ZipOutputStream,0.4220430107526882
org.apache.tools.ant.util.FlatFileNameMapper,0.01881720430107527
org.apache.tools.ant.taskdefs.optional.sos.SOSGet,0.6048387096774193
org.apache.tools.ant.filters.StringInputStream,0
org.apache.tools.ant.taskdefs.email.Mailer,0.08064516129032259
org.apache.tools.ant.taskdefs.optional.ejb.EJBDeploymentTool,0.03763440860215054
org.apache.tools.ant.taskdefs.optional.sitraka.Coverage.Recordfromstart,0.016129032258064516
org.apache.tools.ant.MagicNames,0
org.apache.tools.ant.taskdefs.condition.Contains,0.026881720430107527
org.apache.tools.ant.taskdefs.optional.metamata.MMetrics.GranularityAttribute,0.016129032258064516
org.apache.tools.ant.types.selectors.MappingSelector,0.19354838709677422
org.apache.tools.ant.taskdefs.WhichResource,0.36827956989247307
org.apache.tools.ant.taskdefs.optional.clearcase.CCCheckin,0.303763440860215
org.apache.tools.ant.taskdefs.Zip,1.7204301075268815
org.apache.tools.ant.types.AntFilterReader,0.3306451612903226
org.apache.tools.ant.taskdefs.optional.vss.MSVSSCP,0.1639784946236559
org.apache.tools.ant.taskdefs.Tstamp,0.14516129032258063
org.apache.tools.ant.BuildLogger,0.01881720430107527
org.apache.tools.tar.TarInputStream,0.25
org.apache.tools.ant.taskdefs.Concat,0.5483870967741935
org.apache.tools.ant.types.optional.image.Scale.ProportionsAttribute,0.016129032258064516
org.apache.tools.ant.taskdefs.optional.ide.VAJImport,0.13172043010752688
org.apache.tools.ant.types.PatternSet.NameEntry,0.021505376344086023
org.apache.tools.ant.taskdefs.GenerateKey.DnameParam,0
org.apache.tools.ant.taskdefs.optional.ejb.WebsphereDeploymentTool.DBVendor,0.016129032258064516
org.apache.tools.ant.taskdefs.SQLExec.OnError,0.016129032258064516
org.apache.tools.ant.taskdefs.optional.junit.Xalan2Executor,0.04838709677419355
org.apache.tools.ant.taskdefs.Move,0.5349462365591398
org.apache.tools.ant.util.LazyHashtable,0
org.apache.tools.ant.taskdefs.optional.ejb.WeblogicTOPLinkDeploymentTool,0.07526881720430108
org.apache.tools.ant.util.ClasspathUtils,0.18548387096774194
org.apache.tools.ant.taskdefs.optional.ejb.IPlanetEjbc.Classname,0
org.apache.tools.zip.ExtraFieldUtils,0.14516129032258063
org.apache.tools.ant.taskdefs.FixCRLF,0.4247311827956989
org.apache.tools.ant.taskdefs.optional.net.TelnetTask.TelnetWrite,0.03494623655913978
org.apache.tools.ant.taskdefs.WaitFor.Unit,0.03225806451612903
org.apache.tools.ant.taskdefs.condition.Equals,0.026881720430107527
org.apache.tools.ant.taskdefs.Sequential,0.07526881720430108
org.apache.tools.ant.taskdefs.optional.ANTLR,0.8951612903225805
org.apache.tools.ant.taskdefs.Recorder.VerbosityLevelChoices,0.016129032258064516
org.apache.tools.ant.taskdefs.optional.junit.JUnitTask.SummaryAttribute,0.03225806451612903
org.apache.tools.ant.taskdefs.optional.ejb.Ejbc,0.22849462365591397
org.apache.tools.bzip2.CRC,0
org.apache.tools.ant.helper.ProjectHelperImpl.TaskHandler,0.336021505376344
org.apache.tools.ant.taskdefs.GenerateKey,0.1774193548387097
org.apache.tools.ant.taskdefs.ManifestException,0
org.apache.tools.ant.listener.Log4jListener,0.1801075268817204
org.apache.tools.ant.taskdefs.Javadoc.ExtensionInfo,0.12634408602150538
org.apache.tools.ant.taskdefs.optional.ccm.CCMCheckinDefault,0.04838709677419355
org.apache.tools.ant.taskdefs.optional.ejb.IPlanetDeploymentTool,0.38440860215053757
org.apache.tools.ant.taskdefs.KeySubst,0.08064516129032258
org.apache.tools.ant.taskdefs.Exit,0.20161290322580644
org.apache.tools.ant.taskdefs.optional.metamata.MAuditStreamHandler,0.2473118279569892
org.apache.tools.ant.taskdefs.optional.perforce.P4Label,0.2768817204301075
org.apache.tools.ant.taskdefs.PumpStreamHandler,0.01881720430107527
org.apache.tools.ant.taskdefs.ExecuteStreamHandler,0
org.apache.tools.ant.taskdefs.optional.sitraka.ReportFilters.FilterElement,0.06451612903225806
org.apache.tools.ant.taskdefs.optional.ide.VAJRemoteUtil,0.07526881720430106
org.apache.tools.ant.taskdefs.optional.pvcs.PvcsProject,0
org.apache.tools.ant.taskdefs.condition.FilesMatch,0.0510752688172043
org.apache.tools.ant.taskdefs.XSLTProcess.OutputProperty,0
org.apache.tools.ant.taskdefs.optional.net.FTP,1.2661290322580645
org.apache.tools.ant.taskdefs.optional.NetRexxC.VerboseAttr,0.016129032258064516
org.apache.tools.ant.taskdefs.compilers.CompilerAdapterFactory,0.10752688172043011
org.apache.tools.ant.types.optional.image.Rotate,0.07795698924731183
org.apache.tools.ant.taskdefs.optional.StyleBook,0.13709677419354838
org.apache.tools.ant.taskdefs.Dirname,0.08870967741935483
org.apache.tools.ant.util.Watchdog,0.021505376344086023
org.apache.tools.ant.taskdefs.AbstractCvsTask,0.5887096774193548
org.apache.tools.ant.taskdefs.optional.dotnet.DotnetResource,0
org.apache.tools.ant.types.selectors.BaseSelectorContainer,0.32795698924731176
org.apache.tools.ant.taskdefs.optional.sound.SoundTask,0.23655913978494622
org.apache.tools.ant.taskdefs.optional.junit.DOMUtil,0.021505376344086023
org.apache.tools.ant.taskdefs.Tstamp.CustomFormat,0.0913978494623656
org.apache.tools.ant.taskdefs.optional.unix.Chown,0.08064516129032258
org.apache.tools.ant.taskdefs.optional.IContract.IContractPresenceDetector,0.09408602150537634
org.apache.tools.ant.ProjectHelper,0.43279569892473124
org.apache.tools.ant.taskdefs.Sync.MyCopy,0.026881720430107527
org.apache.tools.ant.taskdefs.optional.i18n.Translate,0.3924731182795699
org.apache.tools.ant.taskdefs.optional.sitraka.CovReport.ReportType,0.016129032258064516
org.apache.tools.ant.taskdefs.Parallel.TaskRunnable,0.03494623655913978
org.apache.tools.ant.types.FileSet,0.06451612903225806
org.apache.tools.ant.taskdefs.optional.dotnet.WsdlToDotnet,0.05913978494623656
org.apache.tools.ant.taskdefs.optional.ccm.CCMCheckin,0.04838709677419355
org.apache.tools.ant.taskdefs.optional.net.TelnetTask.TelnetRead,0.03494623655913978
org.apache.tools.ant.util.regexp.RegexpMatcherFactory,0.13172043010752688
org.apache.tools.ant.taskdefs.optional.splash.SplashScreen,0.09408602150537634
org.apache.tools.ant.taskdefs.optional.junit.Xalan1Executor,0.04838709677419355
org.apache.tools.ant.taskdefs.optional.scm.AntStarTeamCheckOut,0.20161290322580644
org.apache.tools.ant.taskdefs.optional.jsp.JspNameMangler,0.01881720430107527
org.apache.tools.ant.taskdefs.ManifestTask.Mode,0.016129032258064516
org.apache.tools.ant.taskdefs.XSLTProcess,0.9623655913978494
org.apache.tools.ant.input.InputRequest,0
org.apache.tools.ant.taskdefs.optional.extension.ExtraAttribute,0.04032258064516129
org.apache.tools.ant.taskdefs.optional.javacc.JavaCC,0.27956989247311825
org.apache.tools.ant.taskdefs.condition.Socket,0.05913978494623656
org.apache.tools.ant.helper.ProjectHelper2,0.46505376344086014
org.apache.tools.ant.taskdefs.Checksum,0.40053763440860213
org.apache.tools.ant.types.Assertions.BaseAssertion,0
org.apache.tools.ant.taskdefs.optional.windows.Attrib,0.30107526881720426
org.apache.tools.ant.types.DTDLocation,0.016129032258064516
org.apache.tools.ant.taskdefs.BUnzip2,0.12365591397849462
org.apache.tools.ant.taskdefs.optional.junit.XalanExecutor,0.03763440860215054
org.apache.tools.ant.taskdefs.Recorder,0.1586021505376344
org.apache.tools.ant.taskdefs.optional.sitraka.CovReport.Reference,0.22311827956989244
org.apache.tools.ant.taskdefs.optional.jlink.ConstantPool,0
org.apache.tools.ant.taskdefs.Definer.Format,0.016129032258064516
org.apache.tools.ant.types.selectors.FilenameSelector,0.12365591397849462
org.apache.tools.ant.taskdefs.optional.junit.JUnitTestRunner,0.3682795698924731
org.apache.tools.ant.taskdefs.optional.net.RExecTask.RExecWrite,0.03494623655913978
org.apache.tools.ant.taskdefs.optional.Test,0.13978494623655913
org.apache.tools.ant.types.FilterSet.FiltersFile,0
org.apache.tools.ant.IntrospectionHelper.Creator,0.22580645161290322
org.apache.tools.ant.taskdefs.XSLTLogger,0
org.apache.tools.ant.taskdefs.optional.ssh.Directory,0
org.apache.tools.ant.taskdefs.optional.depend.ClassFileUtils,0
org.apache.tools.ant.taskdefs.optional.metamata.MAuditParser,0.0913978494623656
org.apache.tools.ant.taskdefs.DependSet,0.5134408602150538
org.apache.tools.ant.taskdefs.optional.metamata.MAudit,0.3978494623655913
org.apache.tools.ant.taskdefs.ExecuteOn,1.0322580645161288
org.apache.tools.ant.taskdefs.Manifest.Attribute,0.04838709677419355
org.apache.tools.ant.taskdefs.RecorderEntry,0.09408602150537634
org.apache.tools.ant.taskdefs.optional.sitraka.Triggers.Method,0.008064516129032258
org.apache.tools.ant.taskdefs.optional.jsp.compilers.JspCompilerAdapter,0.026881720430107527
org.apache.tools.ant.util.JAXPUtils,0.10483870967741934
org.apache.tools.ant.types.DataType,0.1827956989247312
org.apache.tools.ant.types.optional.image.ImageOperation,0.06989247311827958
org.apache.tools.ant.taskdefs.condition.IsSet,0.07526881720430108
org.apache.tools.ant.taskdefs.optional.ide.VAJLoadProjects,0.016129032258064516
org.apache.tools.ant.loader.AntClassLoader2,0.12634408602150538
org.apache.tools.ant.taskdefs.Execute.CommandLauncherProxy,0.06182795698924731
org.apache.tools.ant.taskdefs.Copyfile,0.16935483870967744
org.apache.tools.ant.taskdefs.optional.ide.VAJExportServlet,0.1935483870967742
org.apache.tools.ant.taskdefs.optional.XMLValidateTask,0.6881720430107525
org.apache.tools.ant.util.regexp.Regexp,0.026881720430107527
org.apache.tools.tar.TarOutputStream,0.19086021505376344
org.apache.tools.ant.types.Mapper.MapperType,0.03225806451612903
org.apache.tools.ant.taskdefs.optional.ejb.EjbJar.DTDLocation,0.016129032258064516
org.apache.tools.ant.types.optional.image.Text,0.06720430107526881
org.apache.tools.ant.taskdefs.optional.ide.VAJImportServlet,0.16129032258064518
org.apache.tools.ant.taskdefs.optional.ide.VAJAntToolGUI.VAJBuildLogger,0.11021505376344086
org.apache.tools.ant.taskdefs.optional.depend.AntAnalyzer,0.07526881720430108
org.apache.tools.tar.TarEntry,0.4543010752688172
org.apache.tools.ant.filters.TokenFilter.DeleteCharacters,0.053763440860215055
org.apache.tools.ant.taskdefs.Ear,0.2043010752688172
org.apache.tools.ant.taskdefs.optional.depend.constantpool.FieldRefCPInfo,0.08602150537634409
org.apache.tools.ant.taskdefs.CallTarget,0.46505376344086014
org.apache.tools.ant.taskdefs.optional.sitraka.bytecode.ClassFile,0.0913978494623656
org.apache.tools.ant.util.LoaderUtils,0.06989247311827958
org.apache.tools.ant.taskdefs.Transform,0.016129032258064516
org.apache.tools.ant.taskdefs.Javadoc.SourceFile,0
org.apache.tools.ant.taskdefs.optional.vss.MSVSSHISTORY.BriefCodediffNofile,0.016129032258064516
org.apache.tools.ant.taskdefs.optional.dotnet.Ilasm.TargetTypes,0.016129032258064516
org.apache.tools.ant.taskdefs.optional.sitraka.Filters.FilterElement,0
org.apache.tools.ant.taskdefs.Definer,0.693548387096774
org.apache.tools.ant.taskdefs.Tar.TarFileSet,0.06451612903225806
org.apache.tools.ant.types.selectors.modifiedselector.ModifiedSelector.ComparatorName,0.016129032258064516
org.apache.tools.ant.launch.AntMain,0
org.apache.tools.ant.taskdefs.condition.Not,0.0913978494623656
org.apache.tools.ant.types.optional.image.Scale,0.10483870967741936
org.apache.tools.ant.helper.ProjectHelper2.ElementHandler,0.20161290322580647
org.apache.tools.ant.taskdefs.optional.perforce.P4Base,0.30645161290322576
org.apache.tools.ant.taskdefs.FixCRLF.CrLf,0.016129032258064516
org.apache.tools.ant.types.selectors.SelectSelector,0.2768817204301075
org.apache.tools.ant.taskdefs.compilers.JavacExternal,0.1639784946236559
org.apache.tools.ant.taskdefs.optional.net.FTP.FTPDirectoryScanner.AntFTPFile,0.06451612903225806
org.apache.tools.ant.taskdefs.condition.Http,0.07526881720430108
org.apache.tools.ant.taskdefs.optional.jdepend.JDependTask.FormatAttribute,0.016129032258064516
org.apache.tools.ant.util.LazyFileOutputStream,0
org.apache.tools.ant.taskdefs.Untar,0.2123655913978494
org.apache.tools.ant.taskdefs.optional.clearcase.CCUnCheckout,0.28225806451612906
org.apache.tools.ant.types.selectors.BaseSelector,0.0510752688172043
org.apache.tools.ant.types.optional.image.ColorMapper,0
org.apache.tools.ant.taskdefs.Manifest,0.5188172043010753
org.apache.tools.zip.ZipLong,0
org.apache.tools.ant.taskdefs.ExecTask,0.9865591397849461
org.apache.tools.ant.util.FileNameMapper,0
org.apache.tools.ant.taskdefs.optional.perforce.P4Reopen,0.06451612903225806
org.apache.tools.ant.taskdefs.Untar.UntarCompressionMethod,0.07258064516129031
org.apache.tools.ant.taskdefs.optional.XMLValidateTask.ValidatorErrorHandler,0
org.apache.tools.ant.types.PropertySet.PropertyRef,0.010752688172043012
org.apache.tools.ant.taskdefs.email.PlainMailer,0.15591397849462366
org.apache.tools.ant.taskdefs.optional.clearcase.CCCheckout,0.44892473118279574
org.apache.tools.ant.taskdefs.optional.sitraka.CovMerge,0.4220430107526881
org.apache.tools.ant.taskdefs.optional.junit.PlainJUnitResultFormatter,0.08064516129032258
org.apache.tools.mail.SmtpResponseReader,0
org.apache.tools.ant.filters.TokenFilter.ReplaceString,0.016129032258064516
org.apache.tools.ant.taskdefs.ProcessDestroyer.ProcessDestroyerImpl,0.03225806451612903
org.apache.tools.ant.taskdefs.Ant.Reference,0.016129032258064516
org.apache.tools.ant.filters.TokenFilter.ContainsString,0.03494623655913978
org.apache.tools.ant.taskdefs.optional.ejb.DDCreator,0.228494623655914
org.apache.tools.ant.taskdefs.SendEmail,0.016129032258064516
org.apache.tools.ant.taskdefs.email.MimeMailer.SimpleAuthenticator,0
org.apache.tools.ant.taskdefs.Execute.VmsCommandLauncher,0.03763440860215054
org.apache.tools.ant.taskdefs.Filter,0.16129032258064516
org.apache.tools.ant.taskdefs.cvslib.ChangeLogParser,0.0456989247311828
org.apache.tools.ant.taskdefs.email.UUMailer,0.016129032258064516
org.apache.tools.ant.taskdefs.Javadoc.JavadocOutputStream,0.016129032258064516
org.apache.tools.ant.types.CommandlineJava.SysProperties,0.09408602150537634
org.apache.tools.ant.taskdefs.optional.ide.VAJTask.VAJLocalToolUtil,0.03225806451612903
org.apache.tools.ant.taskdefs.optional.jlink.jlink,0.03225806451612903
org.apache.tools.ant.taskdefs.ImportTask,0.3951612903225806
org.apache.tools.ant.taskdefs.compilers.Javac13,0.08333333333333333
org.apache.tools.ant.taskdefs.cvslib.CVSEntry,0.03225806451612903
org.apache.tools.ant.util.DOMElementWriter,0
org.apache.tools.ant.taskdefs.Redirector,0.3091397849462365
org.apache.tools.ant.taskdefs.optional.vss.MSVSSConstants,0
org.apache.tools.ant.taskdefs.optional.j2ee.AbstractHotDeploymentTool,0.17741935483870966
org.apache.tools.ant.BuildListener,0.07526881720430108
org.apache.tools.ant.types.selectors.modifiedselector.ModifiedSelector.CacheName,0.016129032258064516
org.apache.tools.ant.filters.ReplaceTokens.Token,0
org.apache.tools.ant.filters.TokenFilter.StringTokenizer,0.03494623655913978
org.apache.tools.ant.listener.MailLogger,0.19354838709677422
org.apache.tools.ant.Project.AntRefTable,0.040322580645161296
org.apache.tools.ant.types.CommandlineJava,0.868279569892473
org.apache.tools.ant.taskdefs.optional.junit.FormatterElement.TypeAttribute,0.016129032258064516
org.apache.tools.ant.taskdefs.optional.ide.VAJToolsServlet.VAJLocalServletUtil,0.016129032258064516
org.apache.tools.ant.ComponentHelper,0.8225806451612903
org.apache.tools.ant.helper.ProjectHelperImpl,0.30645161290322576
org.apache.tools.ant.types.selectors.modifiedselector.DigestAlgorithm,0.01881720430107527
org.apache.tools.ant.util.regexp.Jdk14RegexpRegexp,0.09139784946236558
org.apache.tools.ant.taskdefs.optional.junit.SummaryJUnitResultFormatter,0.04838709677419355
org.apache.tools.ant.taskdefs.Javac.ImplementationSpecificArgument,0.03225806451612903
org.apache.tools.ant.taskdefs.email.EmailTask,0.7553763440860215
org.apache.tools.ant.taskdefs.Zip.WhenEmpty,0.016129032258064516
org.apache.tools.ant.types.selectors.MajoritySelector,0.06451612903225806
org.apache.tools.ant.taskdefs.optional.vss.MSVSSLABEL,0.2768817204301075
org.apache.tools.ant.util.StringUtils,0
org.apache.tools.ant.taskdefs.optional.clearcase.CCRmtype,0.239247311827957
org.apache.tools.ant.taskdefs.cvslib.CvsUser,0.04032258064516129
org.apache.tools.ant.taskdefs.Pack,0.14516129032258063
org.apache.tools.ant.util.MergingMapper,0.01881720430107527
org.apache.tools.ant.taskdefs.optional.EchoProperties.FormatAttribute,0.016129032258064516
org.apache.tools.ant.taskdefs.War,0.25806451612903225
org.apache.tools.ant.taskdefs.optional.dotnet.DotnetCompile,0.4354838709677419
org.apache.tools.ant.taskdefs.optional.perforce.P4Edit,0.056451612903225805
org.apache.tools.ant.taskdefs.cvslib.RedirectingStreamHandler,0.0913978494623656
org.apache.tools.ant.taskdefs.optional.sitraka.bytecode.NullLoader,0.026881720430107527
org.apache.tools.ant.BuildEvent,0.08064516129032258
org.apache.tools.ant.taskdefs.optional.ide.VAJWorkspaceScanner,0.0967741935483871
org.apache.tools.ant.taskdefs.Execute.Java11CommandLauncher,0.05913978494623656
org.apache.tools.ant.filters.TailFilter,0.13440860215053763
org.apache.tools.ant.filters.LineContainsRegExp,0.21236559139784947
org.apache.tools.ant.types.XMLCatalog.InternalResolver,0.0510752688172043
org.apache.tools.ant.taskdefs.optional.extension.JarLibManifestTask,0.3279569892473118
org.apache.tools.ant.taskdefs.optional.net.RExecTask.RExecSubTask,0.01881720430107527
org.apache.tools.ant.types.DirSet,0.06451612903225806
org.apache.tools.ant.taskdefs.optional.ssh.AbstractSshMessage,0.05913978494623656
org.apache.tools.ant.DefaultLogger,0.12634408602150538
org.apache.tools.ant.util.Tokenizer,0
org.apache.tools.ant.taskdefs.email.EmailTask.Encoding,0.016129032258064516
org.apache.tools.ant.taskdefs.Javadoc.DocletParam,0
org.apache.tools.ant.util.regexp.RegexpFactory,0.18279569892473116
org.apache.tools.ant.util.LineTokenizer,0.03494623655913978
org.apache.tools.ant.taskdefs.cvslib.CvsTagEntry,0
org.apache.tools.ant.taskdefs.optional.depend.constantpool.ConstantPoolEntry,0.36559139784946226
org.apache.tools.ant.taskdefs.StreamPumper,0
org.apache.tools.zip.UnixStat,0
org.apache.tools.ant.taskdefs.optional.jlink.JlinkTask,0.3413978494623656
org.apache.tools.ant.taskdefs.optional.net.RExecTask.RExecRead,0.03494623655913978
org.apache.tools.ant.filters.StripLineBreaks,0.09408602150537634
org.apache.tools.ant.taskdefs.optional.extension.ExtensionUtil,0.25806451612903225
org.apache.tools.ant.taskdefs.Exec.StreamPumper,0
org.apache.tools.ant.types.optional.depend.ClassfileSet,0.23924731182795697
org.apache.tools.ant.util.regexp.JakartaOroRegexp,0.07526881720430108
org.apache.tools.ant.taskdefs.SQLExec.DelimiterType,0.016129032258064516
org.apache.tools.ant.taskdefs.Property,0.7553763440860214
org.apache.tools.ant.types.selectors.ContainsSelector,0.13978494623655913
org.apache.tools.ant.taskdefs.optional.dotnet.DotnetDefine,0.040322580645161296
org.apache.tools.ant.taskdefs.optional.metamata.MMetricsStreamHandler.ElementEntry,0
org.apache.tools.ant.taskdefs.optional.extension.resolvers.URLResolver,0.11827956989247312
org.apache.tools.ant.taskdefs.JikesOutputParser,0.06989247311827958
org.apache.tools.ant.types.PropertySet.BuiltinPropertySetName,0.016129032258064516
org.apache.tools.ant.taskdefs.optional.ide.VAJLoad,0.11021505376344086
org.apache.tools.ant.taskdefs.compilers.DefaultCompilerAdapter,1.0349462365591398
org.apache.tools.ant.util.KeepAliveInputStream,0
org.apache.tools.ant.types.Path.PathElement,0.016129032258064516
org.apache.tools.ant.taskdefs.optional.starteam.StarTeamList,0.4301075268817204
org.apache.tools.ant.taskdefs.Cvs,0.016129032258064516
org.apache.tools.ant.taskdefs.optional.perforce.P4OutputHandler,0.008064516129032258
org.apache.tools.ant.taskdefs.optional.ccm.CCMCheckout,0.03225806451612903
org.apache.tools.ant.taskdefs.optional.metamata.MParse,0.4999999999999999
org.apache.tools.ant.types.optional.image.TransformOperation,0.026881720430107527
org.apache.tools.ant.types.optional.depend.ClassfileSet.ClassRoot,0
org.apache.tools.ant.taskdefs.optional.ejb.IPlanetEjbc.EjbInfo,0.696236559139785
org.apache.tools.ant.util.facade.ImplementationSpecificArgument,0.03225806451612903
org.apache.tools.ant.taskdefs.optional.jlink.ClassNameReader,0.026881720430107527
org.apache.tools.mail.MailMessage,0.12903225806451613
org.apache.tools.ant.AntTypeDefinition,0.16129032258064518
org.apache.tools.ant.taskdefs.Execute.ScriptCommandLauncher,0.06989247311827958
org.apache.tools.ant.taskdefs.rmic.DefaultRmicAdapter,0.6962365591397849
org.apache.tools.ant.filters.LineContains.Contains,0
org.apache.tools.ant.filters.StripJavaComments,0.03494623655913978
org.apache.tools.ant.taskdefs.optional.Script,0.18010752688172044
org.apache.tools.ant.taskdefs.FixCRLF.OneLiner.BufferLine,0.07258064516129031
org.apache.tools.ant.types.resolver.ApacheCatalog,0.051075268817204304
org.apache.tools.ant.taskdefs.optional.jsp.JspMangler,0
org.apache.tools.ant.DirectoryScanner,0.3817204301075269
org.apache.tools.ant.util.ResourceUtils,0.08870967741935484
org.apache.tools.ant.taskdefs.optional.NetRexxC.TraceAttr,0.016129032258064516
org.apache.tools.ant.taskdefs.optional.metamata.MetricsElement,0
org.apache.tools.ant.taskdefs.optional.ejb.EjbJar.CMPVersion,0.016129032258064516
org.apache.tools.ant.types.optional.image.DrawOperation,0
org.apache.tools.ant.taskdefs.optional.perforce.P4Integrate,0.056451612903225805
org.apache.tools.ant.taskdefs.optional.sitraka.CovReport,0.6021505376344085
org.apache.tools.ant.taskdefs.optional.perforce.P4Change,0.10215053763440861
org.apache.tools.ant.types.Commandline.Marker,0.021505376344086023
org.apache.tools.ant.taskdefs.optional.ejb.EjbJar.NamingScheme,0.016129032258064516
org.apache.tools.ant.taskdefs.optional.junit.AggregateTransformer,0.1935483870967742
org.apache.tools.ant.filters.ExpandProperties,0.09408602150537634
org.apache.tools.ant.types.Resource,0
org.apache.tools.ant.taskdefs.optional.net.MimeMail,0.056451612903225805
org.apache.tools.ant.util.facade.FacadeTaskHelper,0.03225806451612903
org.apache.tools.ant.taskdefs.optional.ide.VAJToolsServlet,0.07526881720430108
org.apache.tools.ant.Location,0.03225806451612903
org.apache.tools.tar.TarBuffer,0
org.apache.tools.ant.taskdefs.optional.ejb.IPlanetEjbc.EjbcHandler,0.1935483870967742
org.apache.tools.ant.types.optional.depend.DependScanner,0.07795698924731183
org.apache.tools.ant.taskdefs.rmic.SunRmic,0.20698924731182794
org.apache.tools.ant.taskdefs.optional.metamata.AbstractMetamataTask,0.650537634408602
org.apache.tools.ant.taskdefs.optional.clearcase.CCMkelem,0.314516129032258
org.apache.tools.ant.filters.PrefixLines,0.11021505376344086
org.apache.tools.ant.taskdefs.optional.vss.MSVSS,0.543010752688172
org.apache.tools.ant.types.Assertions.EnabledAssertion,0.016129032258064516
org.apache.tools.ant.helper.AntXMLContext,0.16666666666666669
org.apache.tools.ant.types.selectors.NotSelector,0.06451612903225806
org.apache.tools.ant.util.optional.WeakishReference12,0.016129032258064516
org.apache.tools.ant.types.selectors.DependSelector,0.03225806451612903
org.apache.tools.ant.taskdefs.optional.ejb.WebsphereDeploymentTool,1.086021505376344
org.apache.tools.ant.taskdefs.PreSetDef,0.2150537634408602
org.apache.tools.ant.taskdefs.optional.extension.Compatibility,0
org.apache.tools.ant.taskdefs.optional.sitraka.Filters.Include,0.016129032258064516
org.apache.tools.ant.taskdefs.optional.junit.ArrayEnumeration,0
org.apache.tools.ant.taskdefs.MacroDef.Attribute,0
org.apache.tools.ant.helper.ProjectHelperImpl.RootHandler,0.11559139784946236
org.apache.tools.ant.taskdefs.optional.dotnet.Ilasm,0.14784946236559138
org.apache.tools.ant.taskdefs.optional.net.SetProxy,0.08870967741935484
org.apache.tools.ant.launch.Launcher,0.16935483870967744
org.apache.tools.ant.taskdefs.Java,1.9650537634408598
org.apache.tools.ant.filters.TokenFilter.Trim,0.016129032258064516
org.apache.tools.ant.taskdefs.GZip,0.04838709677419355
org.apache.tools.ant.taskdefs.optional.junit.BatchTest,0.1693548387096774
org.apache.tools.ant.taskdefs.optional.clearcase.CCUpdate,0.3252688172043011
org.apache.tools.ant.taskdefs.condition.Os,0.026881720430107527
org.apache.tools.ant.taskdefs.optional.sitraka.Coverage.Javavm,0.016129032258064516
org.apache.tools.ant.taskdefs.compilers.Sj,0.11559139784946236
org.apache.tools.ant.taskdefs.optional.ide.VAJAntToolGUI,0.29569892473118276
org.apache.tools.ant.filters.EscapeUnicode,0.06720430107526881
org.apache.tools.ant.taskdefs.optional.sitraka.bytecode.ClassPathLoader.FileLoader,0.008064516129032258
org.apache.tools.ant.taskdefs.compilers.Jvc,0.239247311827957
org.apache.tools.ant.taskdefs.optional.RenameExtensions,0.32258064516129026
org.apache.tools.ant.taskdefs.optional.ccm.Continuus,0.17204301075268816
org.apache.tools.ant.taskdefs.Replace,0.5672043010752689
org.apache.tools.ant.taskdefs.Execute,0.6720430107526881
org.apache.tools.ant.taskdefs.optional.metamata.MMetrics,0.25
org.apache.tools.ant.types.selectors.SelectorScanner,0.010752688172043012
org.apache.tools.ant.taskdefs.AntlibDefinition,0.024193548387096774
org.apache.tools.ant.PathTokenizer,0
org.apache.tools.ant.util.depend.bcel.FullAnalyzer,0.07526881720430108
org.apache.tools.ant.taskdefs.optional.ide.VAJAntToolGUI.PrivateEventHandler,0.3225806451612903
org.apache.tools.ant.taskdefs.cvslib.ChangeLogWriter,0.053763440860215055
org.apache.tools.ant.taskdefs.optional.jsp.JspC,0.7876344086021503
org.apache.tools.ant.util.ClasspathUtils.Delegate,0.19623655913978494
org.apache.tools.ant.util.regexp.Jdk14RegexpMatcher,0.10752688172043011
org.apache.tools.ant.NoBannerLogger,0.04838709677419355
org.apache.tools.ant.taskdefs.SQLExec,0.48387096774193544
org.apache.tools.ant.taskdefs.optional.perforce.P4Handler,0.03494623655913978
org.apache.tools.ant.types.Substitution,0.16666666666666666
org.apache.tools.ant.listener.CommonsLoggingListener,0.13440860215053763
