class_name,WD-PR
org.apache.tools.ant.filters.StripLineComments,0.0002536172429020847
org.apache.tools.ant.filters.BaseFilterReader,0.0018467297151099822
org.apache.tools.ant.util.UnPackageNameMapper,0.00023129788181242982
org.apache.tools.ant.taskdefs.optional.vss.MSVSS.CurrentModUpdated,0.0002837031488937711
org.apache.tools.ant.taskdefs.optional.ejb.EjbJar,0.0002859259970733916
org.apache.tools.ant.taskdefs.optional.Rpm,0.00023129788181242982
org.apache.tools.ant.taskdefs.optional.j2ee.GenericHotDeploymentTool,0.00035851901644738004
org.apache.tools.ant.taskdefs.optional.net.MimeMail,0.00023129788181242982
org.apache.tools.ant.filters.ConcatFilter,0.00023129788181242982
org.apache.tools.ant.taskdefs.optional.dotnet.VisualBasicCompile,0.00023129788181242982
org.apache.tools.ant.taskdefs.DefaultExcludes,0.00023129788181242982
org.apache.tools.ant.util.ScriptRunner,0.00041030807012685616
org.apache.tools.ant.filters.util.ChainReaderHelper,0.004320387851120587
org.apache.tools.ant.filters.ChainableReader,0.001184094230431989
org.apache.tools.ant.taskdefs.optional.script.ScriptDef.NestedElement,0.0002583482196281777
org.apache.tools.ant.DemuxOutputStream,0.0002482445398752408
org.apache.tools.ant.taskdefs.rmic.RmicAdapterFactory,0.00024203614345577886
org.apache.tools.ant.taskdefs.Definer.OnError,0.000241039732431311
org.apache.tools.ant.taskdefs.optional.perforce.P4Sync,0.00023129788181242982
org.apache.tools.ant.taskdefs.Input,0.00023129788181242982
org.apache.tools.ant.types.selectors.DateSelector.TimeComparisons,0.000257782731056274
org.apache.tools.ant.types.Commandline.Argument,0.0052941164775688904
org.apache.tools.ant.taskdefs.GenerateKey.DistinguishedName,0.00024916971793666263
org.apache.tools.ant.filters.StripLineComments.Comment,0.00024821222935561923
org.apache.tools.ant.taskdefs.MatchingTask,0.0006707662589021747
org.apache.tools.ant.taskdefs.Execute.MacCommandLauncher,0.00023129788181242982
org.apache.tools.ant.taskdefs.FixCRLF.OneLiner,0.0005626579855589246
org.apache.tools.ant.types.selectors.OrSelector,0.00030378441549261317
org.apache.tools.ant.util.DateUtils,0.00046838703696729924
org.apache.tools.ant.TypeAdapter,0.0020370326078405694
org.apache.tools.ant.taskdefs.optional.ccm.CCMCreateTask,0.00023129788181242982
org.apache.tools.ant.taskdefs.optional.metamata.MMetricsStreamHandler,0.00024398112035220793
org.apache.tools.ant.types.selectors.DepthSelector,0.00030378441549261317
org.apache.tools.ant.taskdefs.LoadFile,0.00023129788181242982
org.apache.tools.ant.types.selectors.BaseSelectorContainer,0.0014782820602648546
org.apache.tools.ant.taskdefs.BZip2,0.00023129788181242982
org.apache.tools.ant.types.XMLCatalog,0.0004558549177531293
org.apache.tools.ant.taskdefs.optional.image.Image,0.00023129788181242982
org.apache.tools.ant.taskdefs.optional.sitraka.bytecode.Utils,0.0011096812196815433
org.apache.tools.ant.taskdefs.optional.extension.JarLibAvailableTask,0.00023129788181242982
org.apache.tools.ant.taskdefs.optional.Test.TestletEntry,0.0002577619468425438
org.apache.tools.zip.UnrecognizedExtraField,0.00025739465517419347
org.apache.tools.ant.filters.TokenFilter,0.0005302516644175568
org.apache.tools.ant.taskdefs.optional.junit.DOMUtil.NodeFilter,0.0003336029266102689
org.apache.tools.ant.types.Assertions,0.00029977827305345864
org.apache.tools.ant.util.CollectionUtils.EmptyEnumeration,0.00023129788181242982
org.apache.tools.ant.taskdefs.optional.PropertyFile.Entry.Operation,0.0002924159508876127
org.apache.tools.ant.types.selectors.BaseExtendSelector,0.00044919809927620465
org.apache.tools.ant.taskdefs.optional.net.RExecTask,0.00023129788181242982
org.apache.tools.ant.taskdefs.optional.clearcase.CCRmtype,0.00023129788181242982
org.apache.tools.tar.TarConstants,0.00024541946848637554
org.apache.tools.ant.taskdefs.AntStructure,0.00023129788181242982
org.apache.tools.ant.taskdefs.XmlProperty,0.00023129788181242982
org.apache.tools.ant.helper.ProjectHelperImpl.ProjectHandler,0.0002623881371008603
org.apache.tools.ant.taskdefs.optional.ssh.Scp,0.00023129788181242982
org.apache.tools.ant.taskdefs.optional.sitraka.Coverage,0.00023129788181242982
org.apache.tools.ant.taskdefs.Copydir,0.00023129788181242982
org.apache.tools.ant.taskdefs.optional.extension.Compatability,0.00023129788181242982
org.apache.tools.ant.taskdefs.optional.sitraka.CovBase,0.0003621233364683822
org.apache.tools.ant.taskdefs.optional.extension.Specification,0.0002874391097208618
org.apache.tools.ant.taskdefs.FixCRLF.AddAsisRemove,0.0002462287828782446
org.apache.tools.ant.DemuxInputStream,0.00023977121084383532
org.apache.tools.ant.taskdefs.optional.perforce.P4Submit,0.00023129788181242982
org.apache.tools.ant.taskdefs.TaskOutputStream,0.00023129788181242982
org.apache.tools.ant.taskdefs.UpToDate,0.0002651299565966979
org.apache.tools.ant.helper.ProjectHelperImpl.AbstractHandler,0.0003621495588286715
org.apache.tools.ant.taskdefs.Rename,0.00023129788181242982
org.apache.tools.ant.taskdefs.optional.depend.constantpool.NameAndTypeCPInfo,0.0022159916879133735
org.apache.tools.ant.taskdefs.optional.IContract,0.00023129788181242982
org.apache.tools.ant.taskdefs.optional.sos.SOS,0.0005167022407988286
org.apache.tools.ant.types.XMLCatalog.ExternalResolver,0.00023527212901560058
org.apache.tools.ant.taskdefs.optional.ejb.DDCreatorHelper,0.00023129788181242982
org.apache.tools.ant.taskdefs.optional.sitraka.XMLReport,0.0002562012674084096
org.apache.tools.ant.taskdefs.optional.ssh.LogListener,0.0006894103005076683
org.apache.tools.ant.taskdefs.Available,0.0002651299565966979
org.apache.tools.ant.types.Environment.Variable,0.0005654827183267992
org.apache.tools.ant.taskdefs.optional.ssh.ScpToMessage,0.00023882286544368574
org.apache.tools.ant.taskdefs.optional.starteam.TreeBasedTask.UnmatchedFileMap,0.0006210775392227995
org.apache.tools.ant.taskdefs.optional.ejb.BorlandGenerateClient,0.00023363683775608565
org.apache.tools.ant.taskdefs.optional.metamata.MAuditStreamHandler,0.00023980209428722628
org.apache.tools.ant.taskdefs.optional.IContract.ClasspathHelper,0.00023545412277155373
org.apache.tools.ant.taskdefs.optional.PropertyFile.Entry.Type,0.0002924159508876127
org.apache.tools.ant.taskdefs.optional.Javah.ClassArgument,0.0002482175299464371
org.apache.tools.ant.filters.TokenFilter.Filter,0.0006768047931499184
org.apache.tools.ant.taskdefs.optional.vss.MSVSSCREATE,0.00023129788181242982
org.apache.tools.ant.taskdefs.BuildNumber,0.00023129788181242982
org.apache.tools.ant.taskdefs.optional.pvcs.Pvcs,0.00023129788181242982
org.apache.tools.ant.taskdefs.optional.junit.JUnitResultFormatter,0.0009719027511469573
org.apache.tools.ant.taskdefs.optional.perforce.P4Edit,0.00023129788181242982
org.apache.tools.ant.taskdefs.optional.dotnet.JSharp,0.00023129788181242982
org.apache.tools.ant.taskdefs.optional.clearcase.CCMklbtype,0.00023129788181242982
org.apache.tools.ant.types.selectors.PresentSelector,0.0003037844154926132
org.apache.tools.ant.taskdefs.optional.ccm.CCMCheck,0.0005917132436511247
org.apache.tools.ant.taskdefs.optional.javacc.JJDoc,0.00023129788181242982
org.apache.tools.ant.taskdefs.optional.ssh.ScpFromMessage,0.00024070411135149972
org.apache.tools.ant.taskdefs.optional.extension.resolvers.AntResolver,0.00023440602722533987
org.apache.tools.ant.util.GlobPatternMapper,0.0006319952332603069
org.apache.tools.ant.taskdefs.optional.sitraka.Coverage.Finalsnapshot,0.00023129788181242982
org.apache.tools.ant.taskdefs.optional.depend.constantpool.DoubleCPInfo,0.001010503420430703
org.apache.tools.ant.taskdefs.MacroDef.TemplateElement,0.0002461389824828425
org.apache.tools.ant.taskdefs.optional.sitraka.ReportFilters.Exclude,0.00025505832911452514
org.apache.tools.bzip2.BZip2Constants,0.00033873977871199084
org.apache.tools.ant.taskdefs.condition.And,0.0002651299565966979
org.apache.tools.ant.taskdefs.optional.ejb.WeblogicDeploymentTool,0.00028220593401541286
org.apache.tools.ant.taskdefs.condition.IsFalse,0.0002651299565966979
org.apache.tools.ant.types.Reference,0.00913317956581837
org.apache.tools.ant.taskdefs.optional.perforce.P4Labelsync,0.00023129788181242982
org.apache.tools.ant.taskdefs.Execute.Java13CommandLauncher,0.0003155508235409559
org.apache.tools.ant.taskdefs.LogOutputStream,0.0009282049706128093
org.apache.tools.ant.taskdefs.optional.j2ee.HotDeploymentTool,0.00046371850317587847
org.apache.tools.ant.taskdefs.Sync,0.00023129788181242982
org.apache.tools.ant.taskdefs.SubAnt,0.00023129788181242982
org.apache.tools.ant.launch.LaunchException,0.00029058698895472596
org.apache.tools.ant.helper.ProjectHelper2.MainHandler,0.00023129788181242982
org.apache.tools.ant.taskdefs.optional.unix.Symlink,0.00023129788181242982
org.apache.tools.ant.types.XMLCatalog.CatalogResolver,0.0004480447362324558
org.apache.tools.ant.taskdefs.Zip.ArchiveState,0.0002562251776291024
org.apache.tools.ant.taskdefs.Execute.OS2CommandLauncher,0.00023129788181242982
org.apache.tools.ant.helper.ProjectHelper2.AntHandler,0.0006127129791375519
org.apache.tools.ant.taskdefs.MacroDef,0.000363998925236801
org.apache.tools.ant.taskdefs.optional.sos.SOSCmd,0.0002397431515338845
org.apache.tools.ant.taskdefs.Touch,0.00023129788181242982
org.apache.tools.ant.taskdefs.optional.ejb.GenericDeploymentTool,0.0011288837369021346
org.apache.tools.ant.taskdefs.optional.sitraka.bytecode.DirectoryLoader,0.00028044543115407006
org.apache.tools.mail.MailPrintStream,0.0003166422206328628
org.apache.tools.ant.taskdefs.optional.depend.ClassFileIterator,0.00038420136865308834
org.apache.tools.ant.taskdefs.optional.ejb.WLStop,0.00023129788181242982
org.apache.tools.ant.taskdefs.optional.junit.JUnitTest,0.0011651720465453404
org.apache.tools.ant.taskdefs.cvslib.ChangeLogTask,0.00023129788181242982
org.apache.tools.ant.taskdefs.optional.starteam.TreeBasedTask,0.0006326403609227714
org.apache.tools.ant.taskdefs.optional.depend.ClassFile,0.0008266392166884507
org.apache.tools.ant.taskdefs.optional.net.TelnetTask.TelnetSubTask,0.0004946783385407069
org.apache.tools.ant.taskdefs.optional.sos.SOSLabel,0.00023129788181242982
org.apache.tools.ant.taskdefs.optional.ide.VAJBuildInfo.InterruptedChecker,0.0002927636086109253
org.apache.tools.ant.taskdefs.optional.ejb.DescriptorHandler,0.0004332171328483717
org.apache.tools.ant.XmlLogger.TimedElement,0.00030993396075905416
org.apache.tools.ant.taskdefs.Get.Base64Converter,0.00023881447813221623
org.apache.tools.ant.types.selectors.AndSelector,0.0003037844154926132
org.apache.tools.ant.taskdefs.XSLTLiaison2,0.0002515351080119287
org.apache.tools.ant.taskdefs.optional.ejb.WLRun,0.00023129788181242982
org.apache.tools.ant.taskdefs.optional.jsp.compilers.JasperC,0.0002782564644870423
org.apache.tools.ant.taskdefs.Manifest.Section,0.00042869590887495174
org.apache.tools.ant.taskdefs.optional.net.RExecTask.AntRExecClient,0.0006877606212301942
org.apache.tools.ant.input.DefaultInputHandler,0.0008148262428327494
org.apache.tools.ant.types.Permissions,0.00033945382087552525
org.apache.tools.ant.taskdefs.Tar,0.00023129788181242982
org.apache.tools.ant.taskdefs.XSLTProcess.Factory.Attribute,0.00044353948151571436
org.apache.tools.ant.taskdefs.optional.metamata.MParse,0.00023129788181242982
org.apache.tools.ant.ExitException,0.0006286134133588621
org.apache.tools.ant.types.selectors.TypeSelector.FileType,0.0002881474600047941
org.apache.tools.ant.taskdefs.optional.junit.DOMUtil.NodeListImpl,0.0003336029266102689
org.apache.tools.ant.TaskAdapter,0.0010270568111104758
org.apache.tools.ant.types.selectors.modifiedselector.ModifiedSelector.AlgorithmName,0.00024328311422340995
org.apache.tools.ant.taskdefs.optional.sitraka.bytecode.DirectoryFilter,0.00023129788181242982
org.apache.tools.ant.types.Parameter,0.0017968270408048386
org.apache.tools.ant.types.optional.image.BasicShape,0.00038805953892988396
org.apache.tools.ant.types.selectors.ContainsRegexpSelector,0.0003037844154926132
org.apache.tools.ant.taskdefs.Typedef,0.0004439638791407047
org.apache.tools.ant.taskdefs.Unpack,0.000306087630810578
org.apache.tools.ant.taskdefs.condition.Condition,0.003751869974670882
org.apache.tools.ant.types.selectors.FileSelector,0.001655889356334982
org.apache.tools.ant.taskdefs.MacroInstance.Element,0.00024684253826435414
org.apache.tools.ant.taskdefs.XSLTLoggerAware,0.0002515351080119287
org.apache.tools.ant.taskdefs.optional.ejb.InnerClassFilenameFilter,0.000263603165736983
org.apache.tools.ant.taskdefs.optional.ide.VAJExport,0.00023129788181242982
org.apache.tools.ant.types.optional.ScriptFilter,0.00023129788181242982
org.apache.tools.ant.taskdefs.optional.starteam.StarTeamCheckout,0.00023129788181242982
org.apache.tools.ant.taskdefs.Antlib,0.00025565250835963275
org.apache.tools.ant.Main,0.0003156960434141644
org.apache.tools.ant.types.ResourceLocation,0.0009659265317751814
org.apache.tools.ant.taskdefs.optional.extension.JarLibResolveTask,0.00023129788181242982
org.apache.tools.ant.types.selectors.SelectorContainer,0.0003305876768692416
org.apache.tools.ant.taskdefs.Copy,0.0005014193661573893
org.apache.tools.ant.taskdefs.ConditionTask,0.00023129788181242982
org.apache.tools.ant.taskdefs.XSLTProcess.Param,0.0002427152393946057
org.apache.tools.ant.filters.util.JavaClassHelper,0.00023129788181242982
org.apache.tools.ant.taskdefs.Chmod,0.00023129788181242982
org.apache.tools.ant.types.selectors.modifiedselector.ModifiedSelector,0.0003037844154926132
org.apache.tools.ant.taskdefs.optional.PropertyFile,0.00023129788181242982
org.apache.tools.ant.taskdefs.optional.net.FTP.FTPDirectoryScanner,0.0002338022155368446
org.apache.tools.ant.listener.Log4jListener,0.00023129788181242982
org.apache.tools.ant.taskdefs.optional.vss.MSVSSHISTORY,0.00023129788181242982
org.apache.tools.ant.taskdefs.optional.ccm.Continuus,0.0007628605442264492
org.apache.tools.ant.taskdefs.CVSPass,0.00023129788181242982
org.apache.tools.ant.taskdefs.optional.junit.BaseTest,0.0006104704687219764
org.apache.tools.ant.taskdefs.optional.depend.DirectoryIterator,0.00023129788181242982
org.apache.tools.ant.taskdefs.PathConvert.MapEntry,0.0002465769126958413
org.apache.tools.ant.taskdefs.ExecuteOn.FileDirBoth,0.00023599640289681008
org.apache.tools.ant.taskdefs.optional.junit.JUnitTask,0.00023129788181242982
org.apache.tools.ant.taskdefs.Tstamp.Unit,0.00034462282140604756
org.apache.tools.ant.types.Permissions.MySM,0.00023129788181242982
org.apache.tools.ant.types.optional.image.Scale,0.00041059064062533323
org.apache.tools.ant.taskdefs.optional.Cab,0.00023129788181242982
org.apache.tools.ant.Target,0.012090132551247969
org.apache.tools.ant.taskdefs.optional.XMLValidateTask.Attribute,0.00024281683868937674
org.apache.tools.ant.types.selectors.DifferentSelector,0.0003009556482201884
org.apache.tools.ant.util.depend.bcel.DependencyVisitor,0.0002593821957219385
org.apache.tools.ant.taskdefs.Execute.WinNTCommandLauncher,0.00023129788181242982
org.apache.tools.ant.taskdefs.optional.extension.JarLibDisplayTask,0.00023129788181242982
org.apache.tools.ant.taskdefs.optional.ssh.SSHBase,0.0003827321088562687
org.apache.tools.ant.types.selectors.SizeSelector,0.0003037844154926132
org.apache.tools.ant.taskdefs.Definer.Format,0.000241039732431311
org.apache.tools.ant.filters.HeadFilter,0.0002536172429020847
org.apache.tools.ant.taskdefs.compilers.Gcj,0.00023129788181242982
org.apache.tools.ant.taskdefs.rmic.RmicAdapter,0.00031339184593105366
org.apache.tools.ant.helper.ProjectHelper2.TargetHandler,0.00023129788181242982
org.apache.tools.ant.taskdefs.ProcessDestroyer,0.0017916494015977065
org.apache.tools.ant.taskdefs.optional.Native2Ascii,0.00023129788181242982
org.apache.tools.ant.taskdefs.optional.ide.VAJBuildInfo,0.0006435438888759309
org.apache.tools.ant.taskdefs.optional.depend.Depend.ClassFileInfo,0.0002673694776595052
org.apache.tools.ant.taskdefs.StreamPumper,0.0002608374949542636
org.apache.tools.ant.taskdefs.Concat.TextElement,0.0002794817537159987
org.apache.tools.ant.taskdefs.XSLTProcess.Factory,0.0002497124256185919
org.apache.tools.ant.taskdefs.optional.extension.ExtensionAdapter,0.0002951469537647712
org.apache.tools.ant.taskdefs.optional.depend.constantpool.FloatCPInfo,0.001010503420430703
org.apache.tools.ant.taskdefs.optional.net.FTP.FTPDirectoryScanner.AntFTPRootFile,0.0002414022183651978
org.apache.tools.ant.taskdefs.Concat.MultiReader,0.00023129788181242982
org.apache.tools.ant.util.KeepAliveOutputStream,0.00023129788181242982
org.apache.tools.ant.taskdefs.optional.sitraka.Filters.Exclude,0.00033274545385621234
org.apache.tools.ant.util.JavaEnvUtils,0.010383437324462754
org.apache.tools.ant.util.regexp.RegexpUtil,0.0007414620839885863
org.apache.tools.ant.types.FilterSetCollection,0.02494032098139288
org.apache.tools.ant.types.optional.image.Ellipse,0.0002645504998138866
org.apache.tools.ant.taskdefs.optional.dotnet.CSharp,0.00023129788181242982
org.apache.tools.ant.taskdefs.optional.ejb.EjbcHelper,0.00023129788181242982
org.apache.tools.ant.taskdefs.Echo.EchoLevel,0.0002525508761223283
org.apache.tools.ant.taskdefs.optional.perforce.FStatP4OutputHandler,0.00029671844425178853
org.apache.tools.ant.listener.AnsiColorLogger,0.00023129788181242982
org.apache.tools.ant.taskdefs.Recorder.ActionChoices,0.00024462603078643396
org.apache.tools.ant.taskdefs.optional.sitraka.Coverage.CoverageStreamHandler,0.00023500713081934607
org.apache.tools.ant.RuntimeConfigurable,0.00994501380914169
org.apache.tools.tar.TarUtils,0.0005581117448380306
org.apache.tools.ant.Task,0.03530920314315675
org.apache.tools.ant.taskdefs.Rmic.ImplementationSpecificArgument,0.00024382585372967035
org.apache.tools.ant.types.optional.image.Rectangle,0.0005731603149693721
org.apache.tools.ant.taskdefs.Exec,0.00023129788181242982
org.apache.tools.ant.IntrospectionHelper.AttributeSetter,0.0003502430180810601
org.apache.tools.ant.taskdefs.optional.EchoProperties,0.00023129788181242982
org.apache.tools.ant.types.selectors.modifiedselector.Algorithm,0.0006440904750362464
org.apache.tools.ant.taskdefs.ManifestTask,0.00023129788181242982
org.apache.tools.ant.taskdefs.Rmic,0.0006969143122554245
org.apache.tools.ant.taskdefs.PathConvert.TargetOs,0.0002394466982835826
org.apache.tools.ant.taskdefs.Javadoc.AccessType,0.00023191951089501182
org.apache.tools.ant.types.FilterSet,0.023216368246956443
org.apache.tools.ant.taskdefs.SignJar,0.00023129788181242982
org.apache.tools.ant.taskdefs.optional.sitraka.bytecode.JarLoader,0.00028044543115407006
org.apache.tools.ant.taskdefs.cvslib.RCSFile,0.0009326240466432679
org.apache.tools.ant.taskdefs.optional.depend.Depend,0.00023129788181242982
org.apache.tools.ant.types.ZipFileSet,0.0003386446207485978
org.apache.tools.ant.taskdefs.optional.depend.constantpool.StringCPInfo,0.001010503420430703
org.apache.tools.ant.util.regexp.JakartaRegexpMatcher,0.00033537504512413854
org.apache.tools.ant.taskdefs.optional.net.TelnetTask.AntTelnetClient,0.0006826294561953531
org.apache.tools.ant.taskdefs.cvslib.CvsTagDiff,0.00023129788181242982
org.apache.tools.ant.types.Description,0.0008063529138013439
org.apache.tools.ant.taskdefs.Javadoc,0.00023129788181242982
org.apache.tools.ant.taskdefs.optional.sitraka.Filters,0.0002387163798262623
org.apache.tools.ant.taskdefs.optional.starteam.StarTeamCheckin,0.00027847952918040445
org.apache.tools.ant.TaskContainer,0.0013677572700873174
org.apache.tools.ant.taskdefs.optional.junit.BriefJUnitResultFormatter,0.00023129788181242982
org.apache.tools.ant.taskdefs.cvslib.CvsVersion,0.0002345607896525387
org.apache.tools.ant.util.regexp.RegexpMatcher,0.001044224011280408
org.apache.tools.ant.input.InputHandler,0.0014906527512880104
org.apache.tools.ant.taskdefs.optional.junit.XMLConstants,0.00027949967290727954
org.apache.tools.ant.taskdefs.optional.starteam.StarTeamLabel,0.00023129788181242982
org.apache.tools.ant.taskdefs.optional.perforce.P4Revert,0.00023129788181242982
org.apache.tools.ant.helper.ProjectHelper2.ProjectHandler,0.00023129788181242982
org.apache.tools.ant.taskdefs.optional.extension.Extension,0.0007920363242120593
org.apache.tools.ant.DemuxOutputStream.BufferInfo,0.0003621150322951184
org.apache.tools.ant.taskdefs.optional.sound.SoundTask.BuildAlert,0.00033852889855782666
org.apache.tools.ant.taskdefs.cvslib.RedirectingOutputStream,0.00026721370932993575
org.apache.tools.ant.taskdefs.optional.sitraka.ReportFilters.Include,0.000265019683352917
org.apache.tools.mail.ErrorInQuitException,0.000265435617340603
org.apache.tools.ant.taskdefs.condition.IsReference,0.0002651299565966979
org.apache.tools.ant.util.depend.bcel.AncestorAnalyzer,0.00023129788181242982
org.apache.tools.bzip2.CBZip2OutputStream,0.0003526095020298075
org.apache.tools.ant.taskdefs.email.EmailAddress,0.0005272864384962471
org.apache.tools.ant.util.TimeoutObserver,0.002681211194994897
org.apache.tools.ant.taskdefs.optional.vss.MSVSSGET,0.00023129788181242982
org.apache.tools.ant.filters.ReplaceTokens,0.0002536172429020847
org.apache.tools.ant.ProjectComponent,0.03116292987490866
org.apache.tools.ant.taskdefs.Javac,0.0007738937940627941
org.apache.tools.ant.taskdefs.optional.PropertyFile.Entry,0.00028044543115407006
org.apache.tools.ant.IntrospectionHelper,0.0023979285382359065
org.apache.tools.ant.util.regexp.JakartaOroMatcher,0.0003155508235409559
org.apache.tools.ant.taskdefs.optional.NetRexxC,0.00023129788181242982
org.apache.tools.ant.taskdefs.compilers.CompilerAdapter,0.0002827196024552262
org.apache.tools.ant.taskdefs.optional.jsp.WLJspc,0.00023129788181242982
org.apache.tools.ant.taskdefs.optional.sos.SOSCheckin,0.00023129788181242982
org.apache.tools.ant.taskdefs.optional.ejb.IPlanetEjbc.RedirectOutput,0.00028562455872133363
org.apache.tools.ant.taskdefs.FixCRLF,0.00023129788181242982
org.apache.tools.ant.taskdefs.optional.XslpLiaison,0.00023129788181242982
org.apache.tools.ant.taskdefs.optional.PropertyFile.Unit,0.00025574510944250295
org.apache.tools.ant.types.selectors.ExtendFileSelector,0.0003340946768786144
org.apache.tools.ant.taskdefs.optional.perforce.P4Resolve,0.00023129788181242982
org.apache.tools.ant.types.Path,0.009258150277980324
org.apache.tools.ant.filters.TokenFilter.ReplaceRegex,0.00027239472616292707
org.apache.tools.ant.taskdefs.Javadoc.TagArgument,0.00023456143449598538
org.apache.tools.ant.taskdefs.Echo,0.00023129788181242982
org.apache.tools.ant.taskdefs.optional.dotnet.DotnetBaseMatchingTask,0.0004187552895275679
org.apache.tools.ant.taskdefs.optional.ejb.IPlanetEjbcTask,0.00023129788181242982
org.apache.tools.ant.types.optional.image.Arc,0.0002645504998138866
org.apache.tools.ant.taskdefs.optional.depend.constantpool.IntegerCPInfo,0.001010503420430703
org.apache.tools.ant.taskdefs.MacroDef.NestedSequential,0.0002785908155977604
org.apache.tools.ant.helper.ProjectHelper2.RootHandler,0.0002578379695877762
org.apache.tools.ant.taskdefs.Jar,0.00025910504788730516
org.apache.tools.ant.types.optional.depend.ClassfileSet,0.00023129788181242982
org.apache.tools.ant.types.selectors.modifiedselector.HashvalueAlgorithm,0.00023129788181242982
org.apache.tools.ant.taskdefs.Sleep,0.00023129788181242982
org.apache.tools.ant.taskdefs.optional.ejb.IPlanetEjbc.EjbcException,0.00036408493095426667
org.apache.tools.ant.taskdefs.optional.sitraka.bytecode.MethodInfo,0.000903078659134627
org.apache.tools.zip.ZipEntry,0.00042204153554007627
org.apache.tools.ant.util.SourceFileScanner,0.00035865801058444086
org.apache.tools.ant.taskdefs.optional.sitraka.CovReport.ReportFormat,0.00023526197512910914
org.apache.tools.ant.types.RegularExpression,0.0005611843680303078
org.apache.tools.ant.util.depend.AbstractAnalyzer,0.0007675275958405123
org.apache.tools.ant.taskdefs.TempFile,0.00023129788181242982
org.apache.tools.ant.taskdefs.optional.depend.constantpool.MethodRefCPInfo,0.0013551247354567854
org.apache.tools.ant.taskdefs.optional.extension.DeweyDecimal,0.0009357617601301147
org.apache.tools.ant.types.resolver.ApacheCatalogResolver,0.0004961827914524519
org.apache.tools.ant.taskdefs.Available.FileDir,0.0002515853707919067
org.apache.tools.ant.taskdefs.condition.Or,0.0002651299565966979
org.apache.tools.ant.taskdefs.optional.depend.JarFileIterator,0.00023129788181242982
org.apache.tools.ant.taskdefs.optional.ejb.IPlanetEjbc,0.00025567302324837386
org.apache.tools.ant.taskdefs.optional.sitraka.bytecode.attributes.AttributeInfo,0.00023129788181242982
org.apache.tools.ant.helper.ProjectHelperImpl.TargetHandler,0.0002465034096141739
org.apache.tools.ant.filters.LineContains,0.0002536172429020847
org.apache.tools.ant.taskdefs.Execute.CommandLauncher,0.0012415049080331717
org.apache.tools.ant.taskdefs.GUnzip,0.00023129788181242982
org.apache.tools.ant.BuildException,0.08586601241186775
org.apache.tools.ant.util.WeakishReference,0.0006244782765455516
org.apache.tools.ant.taskdefs.optional.vss.MSVSSCHECKOUT,0.00023129788181242982
org.apache.tools.ant.taskdefs.Parallel.TaskList,0.0002496463002333088
org.apache.tools.ant.taskdefs.optional.sitraka.Triggers,0.00024242562883317856
org.apache.tools.ant.types.Assertions.DisabledAssertion,0.00023847578281068605
org.apache.tools.ant.taskdefs.optional.sitraka.Socket,0.00023500713081934607
org.apache.tools.ant.types.Commandline,0.004036632749817012
org.apache.tools.ant.AntClassLoader,0.0026324984856348262
org.apache.tools.ant.taskdefs.optional.Native2Ascii.ExtMapper,0.00023129788181242982
org.apache.tools.ant.types.selectors.modifiedselector.Cache,0.00046613220944458804
org.apache.tools.ant.taskdefs.Javadoc.DocletInfo,0.00023316276906017584
org.apache.tools.ant.taskdefs.optional.ReplaceRegExp,0.00023129788181242982
org.apache.tools.ant.taskdefs.compilers.Jikes,0.00023129788181242982
org.apache.tools.ant.types.FileList,0.0004871215174961035
org.apache.tools.ant.types.PatternSet,0.0006105483385899617
org.apache.tools.ant.util.optional.NoExitSecurityManager,0.00023129788181242982
org.apache.tools.ant.taskdefs.optional.splash.SplashTask,0.00023129788181242982
org.apache.tools.ant.taskdefs.optional.ccm.CCMReconfigure,0.00023129788181242982
org.apache.tools.ant.taskdefs.Execute.PerlScriptCommandLauncher,0.00023129788181242982
org.apache.tools.ant.types.AbstractFileSet,0.0019319881890359862
org.apache.tools.ant.taskdefs.Expand,0.00026115968394405933
org.apache.tools.ant.taskdefs.optional.ide.VAJBuildInfo.BuildInterruptedException,0.00023129788181242982
org.apache.tools.ant.taskdefs.optional.junit.CompoundEnumeration,0.0003387960420953919
org.apache.tools.ant.taskdefs.optional.clearcase.ClearCase,0.0013340231079895875
org.apache.tools.ant.util.TeeOutputStream,0.00031468963122440916
org.apache.tools.ant.taskdefs.optional.j2ee.JonasHotDeploymentTool,0.0003108376661104232
org.apache.tools.ant.taskdefs.optional.extension.resolvers.LocationResolver,0.00023440602722533987
org.apache.tools.ant.taskdefs.optional.perforce.P4Add,0.00023129788181242982
org.apache.tools.ant.taskdefs.optional.dotnet.Ildasm.VisibilityOptions,0.00023129788181242982
org.apache.tools.ant.filters.TokenFilter.ChainableReaderFilter,0.0009767599978700772
org.apache.tools.ant.taskdefs.optional.extension.LibFileSet,0.00026578181287184393
org.apache.tools.ant.taskdefs.optional.ide.VAJLocalUtil,0.0006491370281970137
org.apache.tools.ant.taskdefs.optional.junit.AggregateTransformer.Format,0.0002684614822207056
org.apache.tools.ant.ComponentHelper.AntTypeTable,0.0022544169404794725
org.apache.tools.ant.taskdefs.optional.starteam.StarTeamCheckin.CheckinMap,0.00023129788181242982
org.apache.tools.ant.taskdefs.optional.perforce.P4Delete,0.00023129788181242982
org.apache.tools.ant.taskdefs.compilers.Javac12,0.00023129788181242982
org.apache.tools.ant.types.FileSet,0.0022858518838092586
org.apache.tools.ant.UnknownElement,0.006385327447185015
org.apache.tools.ant.taskdefs.DefBase,0.0002767536363585221
org.apache.tools.ant.taskdefs.MacroDef.MyAntTypeDefinition,0.0002510032708896509
org.apache.tools.ant.taskdefs.optional.script.ScriptDef,0.0003071255293681033
org.apache.tools.ant.taskdefs.optional.clearcase.CCMklabel,0.00023129788181242982
org.apache.tools.ant.types.FilterChain,0.0007827237293187107
org.apache.tools.ant.types.selectors.SizeSelector.SizeComparisons,0.0002646175308611371
org.apache.tools.ant.taskdefs.optional.XalanLiaison,0.00023129788181242982
org.apache.tools.ant.taskdefs.optional.ide.VAJLoadServlet,0.00023129788181242982
org.apache.tools.ant.taskdefs.optional.depend.constantpool.InterfaceMethodRefCPInfo,0.0013551247354567854
org.apache.tools.ant.taskdefs.optional.clearcase.CCUnlock,0.00023129788181242982
org.apache.tools.ant.taskdefs.optional.dotnet.NetCommand,0.0006565025231159099
org.apache.tools.ant.taskdefs.optional.sitraka.bytecode.ClassFilter,0.00023129788181242982
org.apache.tools.ant.taskdefs.optional.sitraka.StringUtil,0.0008843859113399561
org.apache.tools.ant.taskdefs.optional.j2ee.WebLogicHotDeploymentTool,0.0003108376661104232
org.apache.tools.ant.taskdefs.Taskdef,0.00023129788181242982
org.apache.tools.ant.DynamicConfigurator,0.000586910536032776
org.apache.tools.ant.taskdefs.optional.clearcase.CCMkattr,0.00023129788181242982
org.apache.tools.ant.types.Mapper,0.0005652665881740971
org.apache.tools.ant.taskdefs.optional.ide.VAJUtil,0.0012848754141634566
org.apache.tools.zip.ExtraFieldUtils,0.0004144750307850492
org.apache.tools.ant.taskdefs.optional.perforce.SimpleP4OutputHandler,0.0009127727177694994
org.apache.tools.bzip2.CBZip2InputStream,0.00032383144871489164
org.apache.tools.ant.types.DTDLocation,0.00047742415420348825
org.apache.tools.ant.types.Parameterizable,0.0005451993941925302
org.apache.tools.ant.taskdefs.optional.IContract.IContractPresenceDetector,0.00023129788181242982
org.apache.tools.ant.taskdefs.JDBCTask,0.000270615921285742
org.apache.tools.ant.taskdefs.optional.jsp.JspC.WebAppParameter,0.00024481988973524085
org.apache.tools.ant.taskdefs.GZip,0.00023129788181242982
org.apache.tools.ant.taskdefs.email.MimeMailer,0.00023129788181242982
org.apache.tools.ant.taskdefs.email.EmailTask,0.00048405670699800806
org.apache.tools.ant.taskdefs.optional.junit.FormatterElement,0.0011759929807172434
org.apache.tools.ant.taskdefs.optional.jsp.Jasper41Mangler,0.00023129788181242982
org.apache.tools.ant.types.FlexInteger,0.00023129788181242982
org.apache.tools.ant.taskdefs.optional.starteam.StarTeamTask,0.0005282794780763846
org.apache.tools.ant.taskdefs.Basename,0.00023129788181242982
org.apache.tools.ant.taskdefs.optional.junit.JUnitVersionHelper,0.00030249541275058974
org.apache.tools.ant.taskdefs.optional.extension.ExtensionSet,0.0002753676629986814
org.apache.tools.ant.taskdefs.optional.junit.JUnitTestRunner,0.00035967360740949143
org.apache.tools.ant.taskdefs.Tar.TarLongFileMode,0.0002659486719957445
org.apache.tools.ant.launch.Locator,0.0038383242575186546
org.apache.tools.ant.taskdefs.optional.ide.VAJAntToolGUI,0.0004813665589508869
org.apache.tools.ant.types.selectors.PresentSelector.FilePresence,0.00024743708682039737
org.apache.tools.ant.filters.TabsToSpaces,0.0002536172429020847
org.apache.tools.ant.taskdefs.Jar.FilesetManifestConfig,0.0002356159872554135
org.apache.tools.ant.types.optional.image.Text,0.00043469952851671735
org.apache.tools.ant.taskdefs.optional.jsp.compilers.JspCompilerAdapterFactory,0.00023941108656611645
org.apache.tools.ant.util.WeakishReference.HardReference,0.00023129788181242982
org.apache.tools.ant.util.TaskLogger,0.00023129788181242982
org.apache.tools.ant.helper.ProjectHelperImpl.DataTypeHandler,0.0002621425795671914
org.apache.tools.ant.taskdefs.rmic.WLRmic,0.00023129788181242982
org.apache.tools.ant.taskdefs.optional.ejb.BorlandDeploymentTool,0.0002387264137056678
org.apache.tools.ant.filters.LineContainsRegExp,0.0002536172429020847
org.apache.tools.ant.taskdefs.Replace.Replacefilter,0.0002564539734185774
org.apache.tools.ant.taskdefs.optional.vss.MSVSSCHECKIN,0.00023129788181242982
org.apache.tools.ant.taskdefs.email.Message,0.0006722630833971285
org.apache.tools.ant.taskdefs.rmic.DefaultRmicAdapter.RmicFileNameMapper,0.00024130164987872147
org.apache.tools.ant.taskdefs.Parallel,0.00023129788181242982
org.apache.tools.ant.taskdefs.rmic.KaffeRmic,0.00023129788181242982
org.apache.tools.ant.taskdefs.Delete,0.00023463699344498286
org.apache.tools.ant.taskdefs.email.MimeMailer.StringDataSource,0.0002400352239176103
org.apache.tools.ant.taskdefs.optional.dotnet.Ildasm.EncodingTypes,0.00025978921476410533
org.apache.tools.ant.types.selectors.SelectorUtils,0.0013982005622535003
org.apache.tools.ant.taskdefs.optional.extension.LibraryDisplayer,0.00024534003876718416
org.apache.tools.ant.taskdefs.optional.perforce.P4HandlerAdapter,0.00038959683451891575
org.apache.tools.ant.taskdefs.optional.depend.constantpool.ConstantPool,0.004110839853473023
org.apache.tools.ant.taskdefs.Javadoc.Html,0.00037743301156247265
org.apache.tools.mail.MailMessage,0.0003213040216623551
org.apache.tools.ant.taskdefs.optional.unix.AbstractAccessTask,0.0003099339607590542
org.apache.tools.ant.taskdefs.optional.perforce.P4Counter,0.00023129788181242982
org.apache.tools.ant.types.selectors.modifiedselector.EqualComparator,0.00023129788181242982
org.apache.tools.ant.types.selectors.TypeSelector,0.0003009556482201884
org.apache.tools.ant.taskdefs.Zip.Duplicate,0.00023344454964482526
org.apache.tools.ant.AntTypeDefinition,0.00479220407638008
org.apache.tools.ant.Diagnostics,0.0002482445398752408
org.apache.tools.ant.taskdefs.Ant,0.00038470663190077315
org.apache.tools.zip.ZipExtraField,0.0006283297898586847
org.apache.tools.ant.taskdefs.optional.dotnet.ImportTypelib,0.00023129788181242982
org.apache.tools.ant.taskdefs.optional.j2ee.ServerDeploy,0.0006782961561692826
org.apache.tools.ant.filters.TokenFilter.FileTokenizer,0.00025007536507327217
org.apache.tools.ant.taskdefs.PathConvert,0.00023129788181242982
org.apache.tools.ant.taskdefs.optional.junit.XMLResultAggregator,0.00023129788181242982
org.apache.tools.ant.taskdefs.optional.clearcase.CCMkdir,0.00023129788181242982
org.apache.tools.ant.taskdefs.optional.net.TelnetTask,0.00023129788181242982
org.apache.tools.ant.taskdefs.optional.script.ScriptDefBase,0.00023129788181242982
org.apache.tools.ant.util.regexp.JakartaRegexpRegexp,0.00023129788181242982
org.apache.tools.ant.taskdefs.optional.net.FTP.Action,0.00023463699344498286
org.apache.tools.ant.util.IdentityMapper,0.00023129788181242982
org.apache.tools.ant.taskdefs.optional.junit.XMLJUnitResultFormatter,0.00023129788181242982
org.apache.tools.ant.taskdefs.Cvs,0.00023129788181242982
org.apache.tools.ant.taskdefs.optional.depend.constantpool.LongCPInfo,0.001010503420430703
org.apache.tools.ant.taskdefs.optional.vss.MSVSSADD,0.00023129788181242982
org.apache.tools.ant.filters.TokenFilter.ContainsRegex,0.00027239472616292707
org.apache.tools.ant.taskdefs.optional.ejb.JbossDeploymentTool,0.0002387264137056678
org.apache.tools.ant.taskdefs.optional.perforce.P4Submit.P4SubmitAdapter,0.0002874665096314472
org.apache.tools.ant.taskdefs.Transform,0.00023129788181242982
org.apache.tools.ant.taskdefs.optional.metamata.MAuditParser.Violation,0.0003110955540655556
org.apache.tools.ant.taskdefs.condition.ConditionBase,0.0007364106415908709
org.apache.tools.ant.types.ZipScanner,0.0002466858324686125
org.apache.tools.ant.taskdefs.MacroDef.Text,0.0002784841306749132
org.apache.tools.ant.util.CollectionUtils,0.00041202897088021237
org.apache.tools.ant.taskdefs.Javadoc.PackageName,0.0003000673546359794
org.apache.tools.ant.helper.ProjectHelperImpl.NestedElementHandler,0.0002649077944262436
org.apache.tools.ant.util.RegexpPatternMapper,0.00023129788181242982
org.apache.tools.ant.types.Permissions.Permission,0.00046212227422776813
org.apache.tools.ant.taskdefs.Deltree,0.00023129788181242982
org.apache.tools.ant.taskdefs.optional.perforce.P4Fstat,0.0003115427937184133
org.apache.tools.ant.taskdefs.optional.ejb.EjbJar.Config,0.00033360381417721645
org.apache.tools.ant.taskdefs.optional.perforce.P4Have,0.00023129788181242982
org.apache.tools.ant.taskdefs.optional.junit.ArrayEnumeration,0.0003387960420953919
org.apache.tools.tar.TarInputStream,0.0002561827169221211
org.apache.tools.ant.types.selectors.modifiedselector.PropertiesfileCache,0.0002378352813093281
org.apache.tools.ant.types.EnumeratedAttribute,0.013865542108050265
org.apache.tools.ant.types.selectors.SizeSelector.ByteUnits,0.0002646175308611371
org.apache.tools.ant.types.Commandline.Marker,0.001051342129794615
org.apache.tools.ant.types.PropertySet,0.00039436489771091246
org.apache.tools.ant.taskdefs.Get,0.0002675218446483381
org.apache.tools.ant.taskdefs.optional.ide.VAJProjectDescription,0.0006115988980672587
org.apache.tools.ant.filters.BaseParamFilterReader,0.0008381556964416882
org.apache.tools.ant.taskdefs.condition.IsTrue,0.0002651299565966979
org.apache.tools.ant.AntClassLoader.ResourceEnumeration,0.00032267942640142695
org.apache.tools.ant.types.ResourceFactory,0.00036074407651289604
org.apache.tools.ant.filters.TokenFilter.IgnoreBlank,0.00027239472616292707
org.apache.tools.zip.AsiExtraField,0.00023129788181242982
org.apache.tools.ant.taskdefs.Patch,0.00023129788181242982
org.apache.tools.ant.taskdefs.optional.jsp.compilers.DefaultJspCompilerAdapter,0.00034503479640448314
org.apache.tools.ant.taskdefs.Javadoc.LinkArgument,0.0002361155072024404
org.apache.tools.ant.taskdefs.optional.perforce.P4OutputStream,0.00033190509130891384
org.apache.tools.ant.taskdefs.compilers.Kjc,0.00023129788181242982
org.apache.tools.ant.IntrospectionHelper.NestedCreator,0.0009340517298968876
org.apache.tools.zip.ZipShort,0.0012864478710439692
org.apache.tools.ant.types.selectors.DateSelector,0.0003037844154926133
org.apache.tools.ant.taskdefs.optional.clearcase.CCMkbl,0.00023129788181242982
org.apache.tools.ant.taskdefs.MacroInstance,0.00023129788181242982
org.apache.tools.ant.taskdefs.optional.starteam.StarTeamCheckout.CheckoutMap,0.00023129788181242982
org.apache.tools.ant.filters.ClassConstants,0.0002536172429020847
org.apache.tools.ant.taskdefs.LoadProperties,0.00023129788181242982
org.apache.tools.ant.taskdefs.optional.sitraka.bytecode.ClassPathLoader.LoaderEnumeration,0.00023129788181242982
org.apache.tools.ant.taskdefs.Replace.NestedString,0.00031514394838106686
org.apache.tools.ant.types.Environment,0.00038511507488587344
org.apache.tools.ant.input.MultipleChoiceInputRequest,0.0002434581002062377
org.apache.tools.ant.FileScanner,0.0003160090268741014
org.apache.tools.ant.taskdefs.optional.depend.constantpool.Utf8CPInfo,0.0013551247354567854
org.apache.tools.ant.util.depend.DependencyAnalyzer,0.0005083885754913524
org.apache.tools.ant.taskdefs.FixCRLF.CrLf,0.00024510652560859184
org.apache.tools.ant.taskdefs.optional.depend.constantpool.ConstantCPInfo,0.004730201154105285
org.apache.tools.ant.taskdefs.optional.starteam.StarTeamList.UnmatchedListingMap,0.00023129788181242982
org.apache.tools.ant.taskdefs.optional.jdepend.JDependTask,0.00023129788181242982
org.apache.tools.ant.taskdefs.WaitFor,0.00023129788181242982
org.apache.tools.ant.taskdefs.optional.javacc.JJTree,0.00023129788181242982
org.apache.tools.ant.taskdefs.optional.extension.ExtensionResolver,0.00036402000776146026
org.apache.tools.ant.util.FileUtils,0.0841359944459761
org.apache.tools.ant.taskdefs.Jikes,0.00023129788181242982
org.apache.tools.ant.taskdefs.SQLExec.Transaction,0.0002476803982596432
org.apache.tools.ant.taskdefs.Tar.TarCompressionMethod,0.0002404909485957582
org.apache.tools.ant.taskdefs.optional.vss.MSVSS.WritableFiles,0.0002837031488937711
org.apache.tools.ant.taskdefs.Javadoc.GroupArgument,0.00023456143449598538
org.apache.tools.ant.helper.ProjectHelperImpl.DescriptionHandler,0.0002621425795671914
org.apache.tools.zip.ZipOutputStream,0.0003035723806007263
org.apache.tools.ant.util.FlatFileNameMapper,0.00023129788181242982
org.apache.tools.ant.taskdefs.optional.sos.SOSGet,0.00023129788181242982
org.apache.tools.ant.filters.StringInputStream,0.00023129788181242982
org.apache.tools.ant.taskdefs.email.Mailer,0.000349530272844616
org.apache.tools.ant.taskdefs.optional.ejb.EJBDeploymentTool,0.00027513595739743984
org.apache.tools.ant.taskdefs.optional.sitraka.Coverage.Recordfromstart,0.0002337707144837073
org.apache.tools.ant.MagicNames,0.00023129788181242982
org.apache.tools.ant.taskdefs.condition.Contains,0.0002651299565966979
org.apache.tools.ant.taskdefs.optional.metamata.MMetrics.GranularityAttribute,0.0002397533741722819
org.apache.tools.ant.types.selectors.MappingSelector,0.00046274076262242615
org.apache.tools.ant.taskdefs.WhichResource,0.00023129788181242982
org.apache.tools.ant.taskdefs.optional.clearcase.CCCheckin,0.00023129788181242982
org.apache.tools.ant.taskdefs.Zip,0.00040411265315118286
org.apache.tools.ant.types.AntFilterReader,0.0007690436555210728
org.apache.tools.ant.taskdefs.optional.vss.MSVSSCP,0.00023129788181242982
org.apache.tools.ant.taskdefs.Tstamp,0.0002798657130668374
org.apache.tools.ant.BuildLogger,0.00039500584644974686
org.apache.tools.ant.types.optional.image.Draw,0.00041059064062533323
org.apache.tools.ant.taskdefs.Concat,0.00023129788181242982
org.apache.tools.ant.types.optional.image.Scale.ProportionsAttribute,0.0002671083935063064
org.apache.tools.ant.taskdefs.optional.ide.VAJImport,0.00023129788181242982
org.apache.tools.ant.types.PatternSet.NameEntry,0.00045903800032211705
org.apache.tools.ant.taskdefs.optional.jdepend.JDependTask.FormatAttribute,0.00023306498471010678
org.apache.tools.ant.taskdefs.optional.ejb.WebsphereDeploymentTool.DBVendor,0.00023330683654621342
org.apache.tools.ant.taskdefs.SQLExec.OnError,0.00023566655286502006
org.apache.tools.ant.taskdefs.optional.junit.Xalan2Executor,0.00023129788181242982
org.apache.tools.ant.taskdefs.Move,0.00024440389497020057
org.apache.tools.ant.util.LazyHashtable,0.00023129788181242982
org.apache.tools.ant.taskdefs.optional.ejb.WeblogicTOPLinkDeploymentTool,0.0002387264137056678
org.apache.tools.ant.util.ClasspathUtils,0.00029878952976337915
org.apache.tools.ant.taskdefs.optional.ejb.IPlanetEjbc.Classname,0.0006097243112042508
org.apache.tools.ant.taskdefs.optional.sos.SOSCheckout,0.00023129788181242982
org.apache.tools.ant.taskdefs.optional.net.TelnetTask.TelnetWrite,0.00023129788181242982
org.apache.tools.ant.taskdefs.WaitFor.Unit,0.0002598928196112023
org.apache.tools.ant.taskdefs.condition.Equals,0.0002651299565966979
org.apache.tools.ant.filters.ExpandProperties,0.0002536172429020847
org.apache.tools.ant.taskdefs.optional.ANTLR,0.00023129788181242982
org.apache.tools.ant.taskdefs.Recorder.VerbosityLevelChoices,0.00024462603078643396
org.apache.tools.ant.taskdefs.optional.junit.JUnitTask.SummaryAttribute,0.00023215448397960437
org.apache.tools.ant.taskdefs.optional.ejb.Ejbc,0.00023129788181242982
org.apache.tools.ant.taskdefs.optional.clearcase.CCUnCheckout,0.00023129788181242982
org.apache.tools.ant.helper.ProjectHelperImpl.TaskHandler,0.0002776705940648699
org.apache.tools.ant.taskdefs.GenerateKey,0.00023129788181242982
org.apache.tools.ant.taskdefs.ManifestException,0.0007507827454703522
org.apache.tools.ant.util.facade.FacadeTaskHelper,0.0004366940606524153
org.apache.tools.ant.taskdefs.Javadoc.ExtensionInfo,0.00033115533118349694
org.apache.tools.ant.taskdefs.optional.ccm.CCMCheckinDefault,0.00023129788181242982
org.apache.tools.ant.taskdefs.optional.ejb.IPlanetDeploymentTool,0.0002387264137056678
org.apache.tools.ant.taskdefs.KeySubst,0.00023129788181242982
org.apache.tools.ant.filters.EscapeUnicode,0.0002536172429020847
org.apache.tools.ant.taskdefs.Exit,0.00023129788181242982
org.apache.tools.ant.launch.Launcher,0.00023129788181242982
org.apache.tools.ant.taskdefs.optional.perforce.P4Label,0.00023129788181242982
org.apache.tools.ant.taskdefs.PumpStreamHandler,0.000995414321980274
org.apache.tools.ant.taskdefs.ExecuteStreamHandler,0.0018778112139697018
org.apache.tools.ant.taskdefs.optional.sitraka.ReportFilters.FilterElement,0.0007683810164858133
org.apache.tools.ant.taskdefs.optional.ide.VAJRemoteUtil,0.0003482251989189517
org.apache.tools.ant.taskdefs.optional.pvcs.PvcsProject,0.00023574059813709786
org.apache.tools.ant.taskdefs.condition.FilesMatch,0.0002651299565966979
org.apache.tools.ant.taskdefs.XSLTProcess.OutputProperty,0.0002597542405311583
org.apache.tools.ant.taskdefs.optional.net.FTP,0.00023129788181242982
org.apache.tools.ant.taskdefs.optional.NetRexxC.VerboseAttr,0.00023353186132795892
org.apache.tools.ant.taskdefs.compilers.CompilerAdapterFactory,0.00023935331513596966
org.apache.tools.ant.types.optional.image.Rotate,0.00041059064062533323
org.apache.tools.ant.taskdefs.optional.StyleBook,0.00023129788181242982
org.apache.tools.ant.taskdefs.Dirname,0.00023129788181242982
org.apache.tools.ant.util.Watchdog,0.002739817092695267
org.apache.tools.ant.taskdefs.AbstractCvsTask,0.0006853087743174675
org.apache.tools.ant.taskdefs.optional.dotnet.DotnetResource,0.0003391258927614136
org.apache.tools.ant.taskdefs.LogStreamHandler,0.0006931304426185743
org.apache.tools.ant.taskdefs.optional.sound.SoundTask,0.00023129788181242982
org.apache.tools.ant.taskdefs.optional.junit.DOMUtil,0.00024073421128602474
org.apache.tools.ant.taskdefs.Tstamp.CustomFormat,0.00032380451064873203
org.apache.tools.ant.taskdefs.cvslib.RedirectingStreamHandler,0.00023945515141270206
org.apache.tools.ant.taskdefs.optional.unix.Chown,0.00023129788181242982
org.apache.tools.zip.ZipFile.BoundedInputStream,0.00024961367513649856
org.apache.tools.ant.ProjectHelper,0.0028211012006282405
org.apache.tools.ant.taskdefs.Sync.MyCopy,0.0002619795889158815
org.apache.tools.ant.taskdefs.optional.i18n.Translate,0.00023129788181242982
org.apache.tools.ant.taskdefs.optional.sitraka.CovReport.ReportType,0.00023526197512910914
org.apache.tools.ant.taskdefs.Parallel.TaskRunnable,0.00030469155549594585
org.apache.tools.ant.taskdefs.optional.ejb.JonasDeploymentTool,0.0002387264137056678
org.apache.tools.ant.taskdefs.optional.dotnet.WsdlToDotnet,0.00023129788181242982
org.apache.tools.ant.taskdefs.optional.ccm.CCMCheckin,0.00023129788181242982
org.apache.tools.ant.taskdefs.optional.net.TelnetTask.TelnetRead,0.00023129788181242982
org.apache.tools.ant.util.regexp.RegexpMatcherFactory,0.00047902149028566476
org.apache.tools.ant.taskdefs.optional.splash.SplashScreen,0.00025236111724456133
org.apache.tools.ant.taskdefs.optional.junit.Xalan1Executor,0.00023129788181242982
org.apache.tools.ant.taskdefs.optional.scm.AntStarTeamCheckOut,0.00023129788181242982
org.apache.tools.ant.taskdefs.optional.jsp.JspNameMangler,0.00023129788181242982
org.apache.tools.ant.taskdefs.ManifestTask.Mode,0.00024092117818701672
org.apache.tools.ant.taskdefs.XSLTProcess,0.00032060372784828314
org.apache.tools.ant.input.InputRequest,0.0014605030876900058
org.apache.tools.ant.taskdefs.optional.extension.ExtraAttribute,0.0002506346225370096
org.apache.tools.ant.taskdefs.optional.javacc.JavaCC,0.00026381152059257716
org.apache.tools.ant.taskdefs.condition.Socket,0.0002651299565966979
org.apache.tools.ant.helper.ProjectHelper2,0.00024554893463738295
org.apache.tools.ant.taskdefs.Checksum,0.0002651299565966979
org.apache.tools.ant.types.Assertions.BaseAssertion,0.0006653914006859341
org.apache.tools.ant.taskdefs.optional.windows.Attrib,0.00023129788181242982
org.apache.tools.ant.taskdefs.Mkdir,0.00023462287457972895
org.apache.tools.ant.taskdefs.BUnzip2,0.00023129788181242982
org.apache.tools.ant.taskdefs.optional.junit.XalanExecutor,0.0005863271459885337
org.apache.tools.ant.taskdefs.Recorder,0.00023129788181242982
org.apache.tools.ant.taskdefs.optional.sitraka.CovReport.Reference,0.00024319016176246782
org.apache.tools.ant.taskdefs.optional.jlink.ConstantPool,0.0005994445561650341
org.apache.tools.ant.taskdefs.optional.ide.VAJImport.LocalDirectoryScanner,0.00024734606118929193
org.apache.tools.ant.types.selectors.FilenameSelector,0.0003037844154926133
org.apache.tools.ant.types.Assertions.EnabledAssertion,0.00023847578281068605
org.apache.tools.ant.taskdefs.optional.net.RExecTask.RExecWrite,0.00023129788181242982
org.apache.tools.ant.taskdefs.optional.Test,0.00023129788181242982
org.apache.tools.ant.types.FilterSet.FiltersFile,0.001139628808538436
org.apache.tools.ant.IntrospectionHelper.Creator,0.0013263528498188616
org.apache.tools.ant.taskdefs.XSLTLogger,0.000510833838408822
org.apache.tools.ant.taskdefs.optional.ssh.Directory,0.0003100997676949227
org.apache.tools.ant.taskdefs.optional.depend.ClassFileUtils,0.0003572682460759141
org.apache.tools.ant.taskdefs.optional.metamata.MAuditParser,0.00025345203079998185
org.apache.tools.ant.taskdefs.DependSet,0.00023129788181242982
org.apache.tools.ant.taskdefs.optional.metamata.MAudit,0.00024680578610371625
org.apache.tools.ant.taskdefs.ExecuteOn,0.0005306981190874281
org.apache.tools.ant.taskdefs.Manifest.Attribute,0.0005692470353690027
org.apache.tools.ant.taskdefs.RecorderEntry,0.00028794251495194736
org.apache.tools.ant.taskdefs.optional.sitraka.Triggers.Method,0.0004373454992604969
org.apache.tools.ant.taskdefs.optional.jsp.compilers.JspCompilerAdapter,0.00032196171906324726
org.apache.tools.ant.util.JAXPUtils,0.0004211988780518619
org.apache.tools.ant.types.DataType,0.020453500054205785
org.apache.tools.ant.types.optional.image.ImageOperation,0.0013005144038901765
org.apache.tools.ant.taskdefs.condition.IsSet,0.0002651299565966979
org.apache.tools.ant.taskdefs.optional.ide.VAJLoadProjects,0.00023129788181242982
org.apache.tools.ant.taskdefs.optional.dotnet.Ildasm,0.00023129788181242982
org.apache.tools.ant.loader.AntClassLoader2,0.00023129788181242982
org.apache.tools.ant.taskdefs.Execute.CommandLauncherProxy,0.0009118024111582175
org.apache.tools.ant.taskdefs.Copyfile,0.00023129788181242982
org.apache.tools.ant.taskdefs.optional.ide.VAJExportServlet,0.00023129788181242982
org.apache.tools.ant.taskdefs.optional.XMLValidateTask,0.00023129788181242982
org.apache.tools.ant.util.regexp.Regexp,0.000515708910772126
org.apache.tools.tar.TarOutputStream,0.00024119810757909115
org.apache.tools.ant.taskdefs.optional.ejb.DDCreator,0.00023129788181242982
org.apache.tools.ant.types.Mapper.MapperType,0.0002652461189552686
org.apache.tools.ant.taskdefs.optional.ejb.EjbJar.DTDLocation,0.0002832435780346617
org.apache.tools.ant.types.selectors.ExtendSelector,0.0003037844154926133
org.apache.tools.ant.taskdefs.optional.ide.VAJImportServlet,0.00023129788181242982
org.apache.tools.ant.taskdefs.optional.ide.VAJAntToolGUI.VAJBuildLogger,0.00026477182143669293
org.apache.tools.ant.taskdefs.optional.depend.AntAnalyzer,0.00023490504139713736
org.apache.tools.tar.TarEntry,0.00040112858099138423
org.apache.tools.ant.filters.TokenFilter.DeleteCharacters,0.00027239472616292707
org.apache.tools.ant.taskdefs.Ear,0.00023129788181242982
org.apache.tools.ant.taskdefs.optional.depend.constantpool.FieldRefCPInfo,0.0013551247354567854
org.apache.tools.ant.taskdefs.CallTarget,0.00023129788181242982
org.apache.tools.ant.taskdefs.optional.sitraka.bytecode.ClassFile,0.0013646443900027561
org.apache.tools.ant.util.LoaderUtils,0.0011376006259827846
org.apache.tools.ant.taskdefs.optional.sound.AntSoundPlayer,0.00025363767696772084
org.apache.tools.ant.taskdefs.Javadoc.SourceFile,0.0002356492853905039
org.apache.tools.ant.taskdefs.optional.vss.MSVSSHISTORY.BriefCodediffNofile,0.00023600662905474265
org.apache.tools.ant.types.Resource,0.00240337934131756
org.apache.tools.ant.taskdefs.optional.sitraka.Filters.FilterElement,0.0007969213871775206
org.apache.tools.ant.taskdefs.Definer,0.000739943655464497
org.apache.tools.ant.taskdefs.Tar.TarFileSet,0.0002617057180957468
org.apache.tools.ant.taskdefs.optional.junit.PlainJUnitResultFormatter,0.00023129788181242982
org.apache.tools.ant.launch.AntMain,0.0002661472669352995
org.apache.tools.ant.taskdefs.condition.Not,0.0002651299565966979
org.apache.tools.ant.input.PropertyFileInputHandler,0.00023129788181242982
org.apache.tools.ant.helper.ProjectHelper2.ElementHandler,0.00023129788181242982
org.apache.tools.ant.taskdefs.optional.perforce.P4Base,0.002159740864321237
org.apache.tools.ant.taskdefs.optional.ssh.SSHUserInfo,0.0004994564444851674
org.apache.tools.ant.types.selectors.SelectSelector,0.0003037844154926133
org.apache.tools.ant.taskdefs.compilers.JavacExternal,0.00023129788181242982
org.apache.tools.ant.NoBannerLogger,0.00023129788181242982
org.apache.tools.ant.taskdefs.condition.Http,0.0002651299565966979
org.apache.tools.ant.taskdefs.GenerateKey.DnameParam,0.0004430772690068643
org.apache.tools.ant.util.LazyFileOutputStream,0.00027168792401456555
org.apache.tools.ant.taskdefs.Untar,0.00023129788181242982
org.apache.tools.bzip2.CRC,0.0006613251688091952
org.apache.tools.ant.types.selectors.BaseSelector,0.0018397831640140313
org.apache.tools.ant.types.optional.image.ColorMapper,0.0006335409383814737
org.apache.tools.ant.taskdefs.Manifest,0.0003724424583623811
org.apache.tools.zip.ZipLong,0.000522825852739607
org.apache.tools.ant.taskdefs.ExecTask,0.0005788644945857696
org.apache.tools.ant.taskdefs.optional.metamata.MMetrics,0.00023129788181242982
org.apache.tools.ant.util.FileNameMapper,0.001996733156688945
org.apache.tools.ant.taskdefs.optional.perforce.P4Reopen,0.00023129788181242982
org.apache.tools.ant.taskdefs.Untar.UntarCompressionMethod,0.0002636481674550285
org.apache.tools.ant.taskdefs.optional.XMLValidateTask.ValidatorErrorHandler,0.00024281683868937674
org.apache.tools.ant.types.PropertySet.PropertyRef,0.0002749518389439566
org.apache.tools.ant.taskdefs.email.PlainMailer,0.0004278880791789907
org.apache.tools.ant.taskdefs.optional.clearcase.CCCheckout,0.00023129788181242982
org.apache.tools.ant.taskdefs.optional.sitraka.CovMerge,0.00023129788181242982
org.apache.tools.ant.types.selectors.modifiedselector.ModifiedSelector.ComparatorName,0.00024328311422340995
org.apache.tools.mail.SmtpResponseReader,0.00038491769168920914
org.apache.tools.ant.filters.TokenFilter.ReplaceString,0.00027239472616292707
org.apache.tools.ant.taskdefs.ProcessDestroyer.ProcessDestroyerImpl,0.0017536972541263565
org.apache.tools.ant.taskdefs.Ant.Reference,0.0002457761352400924
org.apache.tools.ant.filters.TokenFilter.ContainsString,0.00025007536507327217
org.apache.tools.ant.taskdefs.Sequential,0.00023129788181242982
org.apache.tools.ant.taskdefs.SendEmail,0.00023129788181242982
org.apache.tools.ant.taskdefs.email.MimeMailer.SimpleAuthenticator,0.00024440389497020057
org.apache.tools.ant.taskdefs.Execute.VmsCommandLauncher,0.00023129788181242982
org.apache.tools.ant.taskdefs.Filter,0.00023129788181242982
org.apache.tools.ant.taskdefs.cvslib.ChangeLogParser,0.00041389953549760493
org.apache.tools.ant.taskdefs.email.UUMailer,0.00023129788181242982
org.apache.tools.ant.taskdefs.Javadoc.JavadocOutputStream,0.00023440602722533987
org.apache.tools.ant.types.CommandlineJava.SysProperties,0.0003938071599220703
org.apache.tools.ant.taskdefs.optional.ide.VAJTask.VAJLocalToolUtil,0.00023129788181242982
org.apache.tools.ant.taskdefs.optional.jlink.jlink,0.0002374896990523215
org.apache.tools.ant.taskdefs.ImportTask,0.00023129788181242982
org.apache.tools.ant.taskdefs.compilers.Javac13,0.00023129788181242982
org.apache.tools.ant.taskdefs.SQLExec.DelimiterType,0.00023566655286502006
org.apache.tools.ant.taskdefs.cvslib.CVSEntry,0.0007312603288129776
org.apache.tools.ant.taskdefs.Redirector,0.0004553260794439298
org.apache.tools.ant.taskdefs.optional.vss.MSVSSConstants,0.0002740414590220644
org.apache.tools.ant.taskdefs.optional.j2ee.AbstractHotDeploymentTool,0.0005285512423153284
org.apache.tools.ant.BuildListener,0.0072907038444194015
org.apache.tools.ant.types.selectors.modifiedselector.ModifiedSelector.CacheName,0.00024328311422340995
org.apache.tools.ant.taskdefs.optional.net.SetProxy,0.00023129788181242982
org.apache.tools.ant.filters.TokenFilter.StringTokenizer,0.00025007536507327217
org.apache.tools.ant.listener.MailLogger,0.00023129788181242982
org.apache.tools.ant.Project.AntRefTable,0.0008063529138013439
org.apache.tools.ant.types.CommandlineJava,0.0010965960374666231
org.apache.tools.ant.taskdefs.optional.junit.FormatterElement.TypeAttribute,0.0003742168546472953
org.apache.tools.ant.taskdefs.optional.ide.VAJToolsServlet.VAJLocalServletUtil,0.00023129788181242982
org.apache.tools.ant.taskdefs.optional.Javah,0.00023129788181242982
org.apache.tools.ant.ComponentHelper,0.013228268694956177
org.apache.tools.ant.taskdefs.optional.perforce.P4OutputHandler,0.00023129788181242982
org.apache.tools.ant.helper.ProjectHelperImpl,0.00068946615074964
org.apache.tools.ant.types.selectors.modifiedselector.DigestAlgorithm,0.00023129788181242982
org.apache.tools.ant.util.regexp.Jdk14RegexpRegexp,0.00023129788181242982
org.apache.tools.ant.taskdefs.optional.junit.SummaryJUnitResultFormatter,0.0002355808926483026
org.apache.tools.ant.taskdefs.Javac.ImplementationSpecificArgument,0.00024069588735655965
org.apache.tools.ant.taskdefs.XSLTLiaison,0.0007833609960731479
org.apache.tools.ant.taskdefs.Zip.WhenEmpty,0.00023591203846938736
org.apache.tools.ant.types.selectors.MajoritySelector,0.0003037844154926133
org.apache.tools.ant.taskdefs.optional.vss.MSVSSLABEL,0.00023129788181242982
org.apache.tools.ant.util.StringUtils,0.0006024329128293327
org.apache.tools.ant.taskdefs.optional.ide.VAJTask,0.00041269055036541525
org.apache.tools.ant.taskdefs.cvslib.CvsUser,0.0002410866053327565
org.apache.tools.ant.taskdefs.Pack,0.0003389544184655465
org.apache.tools.ant.util.MergingMapper,0.0002424053113149212
org.apache.tools.ant.taskdefs.optional.EchoProperties.FormatAttribute,0.00023561854549081576
org.apache.tools.ant.taskdefs.War,0.00023129788181242982
org.apache.tools.ant.taskdefs.optional.dotnet.DotnetCompile,0.0005456768568105617
org.apache.tools.ant.types.FilterSet.Filter,0.0026535136864151137
org.apache.tools.zip.ZipFile,0.0002693677905119953
org.apache.tools.ant.taskdefs.optional.sitraka.bytecode.NullLoader,0.00032959298049571026
org.apache.tools.ant.BuildEvent,0.01652653122710196
org.apache.tools.ant.taskdefs.optional.ide.VAJWorkspaceScanner,0.00024764489629499253
org.apache.tools.ant.taskdefs.Execute.Java11CommandLauncher,0.00023129788181242982
org.apache.tools.ant.filters.TailFilter,0.0002536172429020847
org.apache.tools.ant.util.PackageNameMapper,0.00023129788181242982
org.apache.tools.ant.types.XMLCatalog.InternalResolver,0.00023527212901560058
org.apache.tools.ant.taskdefs.optional.extension.JarLibManifestTask,0.00023129788181242982
org.apache.tools.ant.types.DirSet,0.0004448768728477375
org.apache.tools.ant.taskdefs.optional.ssh.AbstractSshMessage,0.0005911067069262907
org.apache.tools.ant.DefaultLogger,0.0005451971097488444
org.apache.tools.ant.util.Tokenizer,0.0016476276194433202
org.apache.tools.ant.taskdefs.Javadoc.DocletParam,0.0003392508395265055
org.apache.tools.ant.util.regexp.RegexpFactory,0.0002806330281747921
org.apache.tools.ant.util.LineTokenizer,0.0024169055423294405
org.apache.tools.ant.taskdefs.cvslib.CvsTagEntry,0.000274171275918967
org.apache.tools.ant.taskdefs.optional.depend.constantpool.ConstantPoolEntry,0.010408751481298639
org.apache.tools.ant.taskdefs.ExecuteWatchdog,0.00040416644828650895
org.apache.tools.zip.UnixStat,0.0002515351080119287
org.apache.tools.ant.taskdefs.optional.net.RExecTask.RExecRead,0.00023129788181242982
org.apache.tools.ant.taskdefs.optional.ejb.IPlanetEjbc.EjbInfo,0.0005388472857292179
org.apache.tools.ant.filters.StripLineBreaks,0.0002536172429020847
org.apache.tools.ant.taskdefs.optional.extension.ExtensionUtil,0.00030070106504477307
org.apache.tools.ant.taskdefs.Exec.StreamPumper,0.0002529012002043596
org.apache.tools.ant.util.DOMElementWriter,0.00024015954140745063
org.apache.tools.ant.util.regexp.JakartaOroRegexp,0.00023129788181242982
org.apache.tools.ant.taskdefs.optional.junit.Enumerations,0.0002529545753388255
org.apache.tools.ant.taskdefs.Property,0.0002892488145885585
org.apache.tools.ant.types.selectors.ContainsSelector,0.0003037844154926133
org.apache.tools.ant.taskdefs.optional.dotnet.DotnetDefine,0.0002656519126254223
org.apache.tools.ant.taskdefs.optional.extension.resolvers.URLResolver,0.00023440602722533987
org.apache.tools.ant.taskdefs.JikesOutputParser,0.00027716892786462736
org.apache.tools.ant.types.PropertySet.BuiltinPropertySetName,0.0004712342961666401
org.apache.tools.ant.taskdefs.optional.ide.VAJLoad,0.0004278880791789907
org.apache.tools.ant.taskdefs.compilers.DefaultCompilerAdapter,0.0010053612956989282
org.apache.tools.ant.util.KeepAliveInputStream,0.00040458800205355833
org.apache.tools.ant.types.Path.PathElement,0.0006378853050649745
org.apache.tools.ant.taskdefs.optional.starteam.StarTeamList,0.00023129788181242982
org.apache.tools.ant.taskdefs.optional.TraXLiaison,0.00023129788181242982
org.apache.tools.ant.taskdefs.optional.net.RExecTask.RExecSubTask,0.000488377370676394
org.apache.tools.ant.taskdefs.optional.ccm.CCMCheckout,0.00023129788181242982
org.apache.tools.ant.taskdefs.optional.sitraka.bytecode.ClassPathLoader,0.0003426535441534991
org.apache.tools.ant.types.optional.image.TransformOperation,0.0004071310223585945
org.apache.tools.ant.types.optional.depend.ClassfileSet.ClassRoot,0.00024013339630081458
org.apache.tools.ant.taskdefs.ExecuteJava,0.00023543301862574033
org.apache.tools.ant.util.facade.ImplementationSpecificArgument,0.0010331117297791169
org.apache.tools.ant.taskdefs.Execute,0.00150389065551204
org.apache.tools.ant.taskdefs.optional.ssh.SSHExec,0.00023129788181242982
org.apache.tools.ant.taskdefs.PreSetDef.PreSetDefinition,0.0005925842124104763
org.apache.tools.ant.taskdefs.Execute.ScriptCommandLauncher,0.00023129788181242982
org.apache.tools.ant.taskdefs.rmic.DefaultRmicAdapter,0.0005080838805831381
org.apache.tools.ant.filters.LineContains.Contains,0.00024821222935561923
org.apache.tools.ant.filters.StripJavaComments,0.0002536172429020847
org.apache.tools.ant.taskdefs.optional.Script,0.00023129788181242982
org.apache.tools.ant.taskdefs.FixCRLF.OneLiner.BufferLine,0.00042204784555297567
org.apache.tools.ant.types.resolver.ApacheCatalog,0.00031163078970783734
org.apache.tools.ant.taskdefs.optional.jsp.JspMangler,0.0007318276613241265
org.apache.tools.ant.taskdefs.optional.clearcase.CCUpdate,0.00023129788181242982
org.apache.tools.ant.DirectoryScanner,0.0017428890820836416
org.apache.tools.ant.util.ResourceUtils,0.0002599222184605619
org.apache.tools.ant.taskdefs.optional.NetRexxC.TraceAttr,0.00023353186132795892
org.apache.tools.ant.taskdefs.optional.metamata.MetricsElement,0.0002897867496704469
org.apache.tools.ant.taskdefs.optional.ejb.EjbJar.CMPVersion,0.00023554275717999437
org.apache.tools.ant.types.optional.image.DrawOperation,0.00084227981670909
org.apache.tools.ant.PathTokenizer,0.0013513497495700145
org.apache.tools.ant.util.depend.bcel.FullAnalyzer,0.00023129788181242982
org.apache.tools.ant.taskdefs.optional.perforce.P4Change,0.00023129788181242982
org.apache.tools.ant.taskdefs.optional.script.ScriptDef.Attribute,0.0002475280845018786
org.apache.tools.ant.taskdefs.optional.ejb.EjbJar.NamingScheme,0.00037732065404058097
org.apache.tools.ant.taskdefs.optional.junit.AggregateTransformer,0.0007869479179233516
org.apache.tools.ant.taskdefs.optional.sitraka.ReportFilters,0.0003214878089519709
org.apache.tools.ant.taskdefs.optional.unix.Chgrp,0.00023129788181242982
org.apache.tools.ant.types.selectors.NoneSelector,0.00036834123552448355
org.apache.tools.ant.XmlLogger,0.00023129788181242982
org.apache.tools.ant.taskdefs.optional.ide.VAJToolsServlet,0.0006925139036733907
org.apache.tools.ant.Location,0.07484809982993852
org.apache.tools.tar.TarBuffer,0.0005012367615835849
org.apache.tools.ant.taskdefs.optional.ejb.IPlanetEjbc.EjbcHandler,0.00028834089256677884
org.apache.tools.ant.types.optional.depend.DependScanner,0.0002533866680333917
org.apache.tools.ant.taskdefs.optional.jsp.JspC,0.0004661210746628174
org.apache.tools.ant.taskdefs.optional.metamata.AbstractMetamataTask,0.00032083596278846294
org.apache.tools.ant.taskdefs.optional.clearcase.CCMkelem,0.00023129788181242982
org.apache.tools.ant.filters.PrefixLines,0.0002536172429020847
org.apache.tools.ant.helper.AntXMLContext,0.0010844753028771239
org.apache.tools.ant.taskdefs.optional.vss.MSVSS,0.0014512920336544064
org.apache.tools.ant.taskdefs.optional.net.FTP.FTPDirectoryScanner.AntFTPFile,0.0004582405783700612
org.apache.tools.ant.taskdefs.optional.dotnet.Ilasm.TargetTypes,0.00024559535071181607
org.apache.tools.ant.types.selectors.NotSelector,0.0003037844154926133
org.apache.tools.ant.PropertyHelper,0.012545799644451652
org.apache.tools.ant.util.optional.WeakishReference12,0.00023129788181242982
org.apache.tools.ant.types.selectors.DependSelector,0.0003037844154926133
org.apache.tools.ant.taskdefs.optional.ejb.WebsphereDeploymentTool,0.0002387264137056678
org.apache.tools.ant.taskdefs.PreSetDef,0.00023129788181242982
org.apache.tools.ant.taskdefs.optional.extension.Compatibility,0.0005196015390033051
org.apache.tools.ant.taskdefs.optional.sitraka.Filters.Include,0.00033274545385621234
org.apache.tools.ant.taskdefs.optional.metamata.MMetricsStreamHandler.ElementEntry,0.00031105542889154405
org.apache.tools.ant.taskdefs.MacroDef.Attribute,0.00026190329374461936
org.apache.tools.ant.helper.ProjectHelperImpl.RootHandler,0.0002621425795671914
org.apache.tools.ant.taskdefs.optional.dotnet.Ilasm,0.00023129788181242982
org.apache.tools.ant.filters.ReplaceTokens.Token,0.00025341664398429294
org.apache.tools.ant.taskdefs.optional.depend.constantpool.ClassCPInfo,0.0023743330813721323
org.apache.tools.ant.taskdefs.Java,0.000889082999616659
org.apache.tools.ant.filters.TokenFilter.Trim,0.00027239472616292707
org.apache.tools.ant.taskdefs.optional.ide.VAJAntTool,0.0002536138415619386
org.apache.tools.ant.taskdefs.optional.junit.BatchTest,0.00023579504319009624
org.apache.tools.bzip2.CBZip2OutputStream.StackElem,0.00026875956340308133
org.apache.tools.ant.taskdefs.condition.Os,0.003916205861257687
org.apache.tools.ant.taskdefs.optional.sitraka.Coverage.Javavm,0.0002337707144837073
org.apache.tools.ant.taskdefs.compilers.Sj,0.00023129788181242982
org.apache.tools.ant.taskdefs.optional.jlink.JlinkTask,0.00023129788181242982
org.apache.tools.ant.taskdefs.email.EmailTask.Encoding,0.00023715423397211544
org.apache.tools.ant.taskdefs.optional.sitraka.bytecode.ClassPathLoader.FileLoader,0.0007650101127760802
org.apache.tools.ant.types.Substitution,0.0004076316447846421
org.apache.tools.ant.taskdefs.optional.RenameExtensions,0.00023129788181242982
org.apache.tools.ant.taskdefs.optional.dotnet.DotnetCompile.TargetTypes,0.00024274922541676062
org.apache.tools.ant.taskdefs.Replace,0.00023129788181242982
org.apache.tools.ant.taskdefs.optional.jlink.ClassNameReader,0.0004331504756547894
org.apache.tools.ant.taskdefs.optional.clearcase.CCLock,0.00023129788181242982
org.apache.tools.ant.types.selectors.SelectorScanner,0.0003233974130178252
org.apache.tools.ant.taskdefs.AntlibDefinition,0.00046115285570253145
org.apache.tools.ant.taskdefs.optional.perforce.P4Integrate,0.00023129788181242982
org.apache.tools.ant.taskdefs.optional.sitraka.CovReport,0.0002611819445276056
org.apache.tools.ant.taskdefs.optional.ide.VAJAntToolGUI.PrivateEventHandler,0.0002424558616871842
org.apache.tools.ant.taskdefs.cvslib.ChangeLogWriter,0.0002345607896525387
org.apache.tools.ant.taskdefs.rmic.SunRmic,0.00023129788181242982
org.apache.tools.ant.util.ClasspathUtils.Delegate,0.0003944416778788215
org.apache.tools.ant.util.regexp.Jdk14RegexpMatcher,0.00030068265735356896
org.apache.tools.ant.Project,0.08903983801080251
org.apache.tools.ant.taskdefs.SQLExec,0.00023129788181242982
org.apache.tools.ant.taskdefs.optional.perforce.P4Handler,0.0006546692576449157
org.apache.tools.ant.taskdefs.compilers.Jvc,0.00023129788181242982
org.apache.tools.ant.listener.CommonsLoggingListener,0.00023129788181242982
